32db951f6cfbf76220b1c7126e23149f087eba58934ab691b588aeb3a43535bf	26321	manifest.json
afce8529e10a3b56bd0f37b7949b1c32046574557d24ca719f8827b5cdefcf3d	4541577	train/00000.npz
587546b6d671f57420483b7ffcf67c7e490460f11e9be1ea8ad187334041a792	3458929	train/00001.npz
5432502c8b534d4cf600136745033e0d4dbdba83d0c510f278dcff79cc6c242d	7906842	train/00002.npz
c9c58756652789e4b9c0f68bc0a9c333115cd17570322721afda6c81cf45fb68	12710912	train/00003.npz
436cdbc41779df6164892da7bf67add3bdf3f458c826a13442f9ded074011882	4306708	train/00004.npz
e05e835092d924d94a107f0362bd4d298e3ca9f9e575e44d2c35f86e03a9e5ed	8786203	train/00005.npz
9bdbbd99f476dccf3580df520765e85c4296a1fab9759cbe67078cce8a1de361	5683066	train/00006.npz
85f4e81f2532df17c920b8aa5475b07ef024e8a653dfdb02d1a1d9e7504f7d6a	9111620	train/00007.npz
3f45823521f37ae86f11646d359b0a3dff64729ab8d35b22d35f0d0a93f09790	11389086	train/00008.npz
3c40db0dcbccc7136306fcc50bcba9c53420c18d43a5dcc22285059dd1442923	8842546	train/00009.npz
9818a38f37a039341541508c4c7130c46c0616cb68c641e6bd1d0328f690bd5c	8873823	train/00010.npz
ffcbcfd925937c3f0f788d134e380f5a6b411882422e84d9ef59dbc2abb3d4b2	10483072	train/00011.npz
0f27df9f83e0241acff00e465b4d2815821b6dba8cce8e0a5f870c689c276e8f	6327291	train/00012.npz
a2945920bc9c11fda50bff0bb5b82ca968a7b6c7836427d7ca8ccc68d8d4a71e	7350496	train/00013.npz
a8b65a0eac0a202941b6e67624cc81ebaa6bb4c399c67c0d11301ff4465eb346	5945700	train/00014.npz
3f5f089d3f886b46218f0349b8ad75fd1c9b3ef88a404fbbc5a191854aac9c52	14871533	train/00015.npz
e87645b603949258f58917eacb8da58df8b9856d7c270f59e614a76f72c0f1eb	11010707	train/00016.npz
f47f5d98a0fe8026135169db984a5c1bf70935016aeb41f39834f946d57cd4c9	9281872	train/00017.npz
79868d044aad3fe556ae35f3f53198cad02207f7265932c8f72682016a8a1e99	6092227	train/00018.npz
64b48ae2ec6ee43bdca0622068ffbf91dd2a425efc47e6cd7e7b0534dfdca03d	11595168	train/00019.npz
016426d9fbb88dc993cba2527eb4713a526faf3a0dae9bcc51561306e909a76d	9311286	train/00020.npz
791776182cdc40ced1f880e060d58312b7ed9a6dbb75c10bd0ea95ec7b9899d0	7966162	train/00021.npz
afc309fea16e8046803423197e783b6fe3e4c655221b05083fb4457a071df0b9	32616680	train/00022.npz
a83925a786919eb31b04da17c80449b51f366aab30c201bbb329889b63e20fcf	7029148	train/00023.npz
579c44b5a466d31995aecdfa7df700c08983bd766060d65b888121d97741cdea	7057775	train/00024.npz
f00d0cbf174dacca000507f982e13ec9574a167e86384c2c973bfc080c0dc023	8025041	train/00025.npz
3167c3a635f47deba56414fc1ee2df515ce0499b231e2a22f7172c1999dbe3e5	7559192	train/00026.npz
02c2aa48576298e45766dd4ab2825268b0a79de5d55d0a81b800de2fa4f10b82	8345857	train/00027.npz
b9d6369434e2fce0d3f6a959bc5d8ebeebc9b4a466b269884be9eedecb0c0775	7206698	train/00028.npz
dbd0a45d918d64df57122bf1e997f885c316023a69e8b3b4ef4266705ca5f8d1	9605428	train/00029.npz
81e42329130b4feb3ceaa679adab050e8ae932e9796893e911b37da032010526	9079154	train/00030.npz
9cd76f2147b9c52b75b55cfd8d1c9d4e1a4d8575199adf54df6946825827e10f	8255718	train/00031.npz
a60565adc3f6610ae9c846ac8dd2a26eb7933caa81984a29ab537bf86318e2fb	7264866	train/00032.npz
dca4fa234b299239a4fbff8a342ed6093ccb93f135397da56a1c37792403cfcc	7237535	train/00033.npz
875b82f36c4d496fe1741f95cd7a6b9a2fe9083732b8ceeefc7d52231739866a	6912668	train/00034.npz
9e0913eff6853c1aaab2e527b12f6f129fd7941080ccd8de792d888265410078	4920929	train/00035.npz
6acba1717dd65d9d35e15dbb3f97bd049f3b8c6315539c7b65abb2e4503a80d4	5038326	train/00036.npz
5c928649fac4ef129bd7baadd1985b20b50c193236e4a40a7c6fa4404cdc2edb	8462381	train/00037.npz
d5c81e6789d3ee2e3ea0f1ba88c368df160f57bf16adbb4a1fe24137cdbf6810	8640819	train/00038.npz
f8b4b8b266636295bccff87634b9d873cf55dbf201278e2d4534004a3e880acf	8082542	train/00039.npz
ee6534bc0000b05ac3a5de21f2d3739ab6252a28f288b05763d8f399bc6e5eea	7938380	train/00040.npz
e5fbc2a7b3c23abbe63e9a8cc62db5ae3ab57136a4101fda421cba74c58ce457	11247566	train/00041.npz
944ecc55e153b43f4e408ad32ed3bbf98e8b38f04b800a71f80cf52678c38a8c	14642890	train/00042.npz
9f9fc7d83caa6df7698398ef6889cebc6d807babdaa9dbf11be7c50872683a75	7792456	train/00043.npz
c05bcf766c9b0009ee741c370a19c5633a61bed9f65ec2c6304346c06d27e8ff	10773855	train/00044.npz
a77518ba0a07e99b27559b2ebba77acea87b0a46d306521aeb81a88fd8341841	9370284	train/00045.npz
257ed647cec0f7d38e6c753faf0b952824bbb7ebe2208e4424a0165d2926ee94	7936964	train/00046.npz
e6cafe80d50702c77e8c8684272dc6d0b24ee65c762d5ee3faa4c1fc82034033	8757726	train/00047.npz
b3712cbf4dbccb1225608011c733e1591945b502400c63d88e697d5de448cbd4	7498473	train/00048.npz
058fd2417fe7446261e0d1f406de90a54bfc401e02c367f1f4786da78143d6d0	7733681	train/00049.npz
4ac77f49ad3f76ddf59596d3b3872090a8bed96230d1138264cdc689b2fcb8a9	10162239	train/00050.npz
0600a2a3dafb57505f540474cb9fe37c364f54f9d0d20caa7674009f350dbaef	7763388	train/00051.npz
fbaf79be425c3469ae4d39f41b72c7b89d3c09c51492d4f2765213450043111d	5624653	train/00052.npz
bfae43f6ded710f859585f5b70f4af42c7937d2fbb3f0813a428ff31a25868c7	7848849	train/00053.npz
f5f77548b1aca9328c9f36390a368bca361b0eacd82b8bad9fc7439898bcb0a2	7614371	train/00054.npz
bcca30629a9bde3b464e278286887445402b0db8e7a9ea12f5c0dafea6ebb371	6270374	train/00055.npz
fb9f725deb02cbf7722aff815635323006a688ca206d9015c7845de05bffbb99	8288109	train/00056.npz
6604ffedf54be73937699b42979cf10f90ce182dfcc6ee72b5a4ef2694f38fd1	8025890	train/00057.npz
1b58a74a03a925412dc971b0adeb5142f8049dc73238e78ae6a8d31d84c7da6e	7144884	train/00058.npz
45f4f413bfe4957c49f586f1f9a90349900682e7088e6973f2e343fe3c0223c8	5420355	train/00059.npz
5144eb857b340e44366681aa95872a7980f8a1c8582c8d2d2894d81b9411b93d	9283607	train/00060.npz
48064281a0b7bf9486897d17823f27408928449dcf83447392076a3be2159c26	33860884	train/00061.npz
1adb29848fe0b7bd9fc7cd1a08b7cab67c0adcdf04fe1bfd0ba15b4b28269b0b	10981621	train/00062.npz
f233d7444e129f367a0bd06b70d4912b96bce94826182fdc01dde002e0054f2c	9254826	train/00063.npz
fe359946e615e174e24ee5c2daf1f2cfd2dd63e76ca4edb9fa3d3ffd13d65c72	9134111	train/00064.npz
dbd712430c62c725a6598cbd2887fbbfd6e5b7e0b73ae62f94ce15be09953038	6559261	train/00065.npz
c1efcce04b2c83a663becabb6012101f1557d5cd693e74acbfe50fb3827c9878	8138785	train/00066.npz
6bb0cde47a4f3f515cc2e12390897438be5643a5ceeca9d2130ef3e67280637f	9724261	train/00067.npz
18f109ba9925e3799c3e354051807e1437d60e138fa287188d30f560e674bb72	10246913	train/00068.npz
55e35e7b90df86ea48dca21af450f0f0466f1b6b03d4c48fa2945f828f857960	4775195	train/00069.npz
4badef8dfdbf140895372889192b4a3a6e758d2bd6bc652d2ebc74b5720adb30	4660366	train/00070.npz
550ee7dcd173e20c330733d6e06a3861fd755bf78679b3cf2522632376a5ecc6	7705092	train/00071.npz
c3bb32e853faa23587a601a6f475438bc3370bc5ea7ce2178fcecc6ad586e09b	6710857	train/00072.npz
b39bfca8ed9a42c1f1c9d845ea48575d99906a583bda2ec07556805fe4c2ac9e	6737419	train/00073.npz
444e8153a1d1d3f7e6656338081ee8fffb67098f1ffa4fe53993f3f5a0ee16aa	7761169	train/00074.npz
6ee16f364cc333bf8d8f83ce38a932df50889ae063da13cfe685e0fb89de92a1	6797864	train/00075.npz
8f21ef5d42cc69ef7ea4a00ca8f95541328ed69022cd1b6885ddcec5b9cf74c2	6328867	train/00076.npz
a7818f212122d78aa44d8024c0f65a9747a49ae4be8698dcd5b625a04dcfacd3	5829618	train/00077.npz
b7407db02edc3326ab3fb9e77c2dd64dcb9da382bafb3719f55302e7e3cae95d	9080888	train/00078.npz
1203b7cd309f734a87da9b7808880f7a53c111d845b139d5c278ed9dd4a0f023	4540555	train/00079.npz
4fd8edf158f87a7c8bbcebfed9c2e89244fbae442bfb94e6b0eeed16c88b4f72	11189013	train/00080.npz
6e10086504db7a25c4a2bf0ba14f7310e59c14a834fd8ba5f583ed365d2edbe9	7792981	train/00081.npz
a2f14ac5849ac507888fef5e71463802e3a0cf08ac75b4de1834eaf43250e23f	4627738	train/00082.npz
700a4fcf6ca0eb422cdd07424984e460a42ee6d6f5e82fa309502a1b2a5f59d4	7701259	train/00083.npz
de0448b33904b5e00a4e992d0d83af0ab3d9608437be06bb395f632676fd447e	6269826	train/00084.npz
4788c22adf89dda52bfb2040f22f092150e9e1794ce1018a0f6345638f74f29d	9109999	train/00085.npz
8373d08fb46ffb9f2da883d8ff7efa66e4d9f6520f016c1dcf7e315df94c1e5c	3634198	train/00086.npz
80006551dd8ef3819e3bcffaf2d9b6e0f1d7b039b36d330fe1681a91c62186d0	6823866	train/00087.npz
27e7957b308f48ad31b375861cdfc7fc7a7c788f26cd8b7bd2c8deb84ce0d971	7437147	train/00088.npz
724040df10cf8c12fd0d6b2573de020d0f47a606bea9aed1bdf0f79cf50aed68	7644397	train/00089.npz
4a380c1e35ac19067880e99840494a35196ea0449ed0662729f605cd30e9de44	7265395	train/00090.npz
08db9f82057c6f717a1818b12d4489a327bddede14f3de7952307bee1cb35aa5	10220796	train/00091.npz
04c905bb2743e3692bbe6bbd31bc168544525c4e4a85ffa35fcde6339e2d80b3	8988663	train/00092.npz
fd4e2478437820f5ef693ccbc28648362207e0495c34c507e17b751aa0afae6e	6383483	train/00093.npz
13c65bb13e50b2bce8adc3c8120e819a2a0979c87d4e62749e63694d6409adc3	6736005	train/00094.npz
49f1c8fffe5a7fe1c3280474f0800d56674ec1de04b9588deff274935e2fb9b2	6531826	train/00095.npz
04eee24a50279272c3457c4c7d4eedb27f42f7ded5c4693fc2d3510b950f8452	7411188	train/00096.npz
bd4d3958254b627a06d3fee2935098c9e9ea9b52820d5628acd22e69cfe089ab	7645106	train/00097.npz
ec4975a643b404efa323d83edb67db86c9b01c6344b218253228bb9dce53886e	7496747	train/00098.npz
3adb3d73f9f523481a44c1158f87b28cfa27fdc92e3aaa38636bb82a895af113	13881208	train/00099.npz
2325c1ca0d2b6662fe22be29d68b0060ac2cc9310413126593100e038f5d02c6	6708874	train/00100.npz
e77e3633304c129a29a3f165192b9e5ea45c8ce922d689bfd8517d02d3e36dcd	7762948	train/00101.npz
8ffe093b327f84918e9e0ae3531796d0789ea807830b7f0fb953fa1593a9b020	6532573	train/00102.npz
d1d17fa2a2d265d472a1515cdfd63059e66435aadc193de70dba2ffd98354623	12211234	train/00103.npz
c9a2ad169e253bf0d2a835c83b48def2630035d16dbd8aab181ab82ab9be0095	4276915	train/00104.npz
6024aa7e29f750f533f5e79510c5a3ac71147e59377853a53f244aa22024cea3	4776336	train/00105.npz
3ce8096d9d87a301cc4196b9f6980228f209146faf01bc792a69481e69b791ec	7321349	train/00106.npz
bf5ff9c444914c0c9eedf45f57124f3757a8aefeb759a736be1f9c7af304a0e8	8053342	train/00107.npz
c2dad3e1cb26336f9c60228e6a89eb54339cae982fbae3543e26d19ca809ec3d	8112091	train/00108.npz
173ee4bcd90e8bcec3db87207df3f720254898c68f6e1aff9c4d5120ed6d2c08	32180303	train/00109.npz
7530d915af304bcc619192ac5d5d542878542b2f44bd6403006f2182a73e78ef	8550084	train/00110.npz
bb74d3d3cad8854cba79f2616206bc86f0a15b2c15fd20bf40e109c5c41db58b	6385212	train/00111.npz
c77eeb322be1fe9b7c913004a0838b073a2cdb98f4426f3038b5ab1c6f19098f	8054888	train/00112.npz
d6a3dd54a71f7349b8701f9b820ba9078cad3456bf9acc6e71436fec03bfd9e6	11186047	train/00113.npz
44974297fb4234f2b9f9e2d6b229a1e31c90938d56cd4ed9de5ad7fbb1f9a9f0	6853404	train/00114.npz
732ab194fd7681197af8f46191de639f9aa6903c68efd35e0de897757249bc11	6766407	train/00115.npz
cde2cb6459da57d0cea1a46a162a3bca2ec24c154f9f52ac74604920ec0e2786	6561051	train/00116.npz
47c24deaa47390970605aee839962d76bd28b71c48090f827abd96954942f478	8494094	train/00117.npz
38ce23990e5bfcf3c4ca615e9ff0cd05e9a7ef500adf1260fe22b30592b22f9b	6648482	train/00118.npz
d1fb86cb473bc40529cb393cebe5090ec327e3030f928646c7755a286cd3f8ce	4745383	train/00119.npz
50253da2244c651b7d88391969e5ecef10045dbec19cc4cc663ab2d99097de8e	8782417	train/00120.npz
9f30aba3e8e8235636eae14301ce6df88ac59a1140285f40b6dfeca12f89f5cf	10188937	train/00121.npz
5e12d1899920ba57d760838bd313be0160dbc6c72c438a923ed8384ee196ef0f	9255735	train/00122.npz
d7c4bf764817f03a63cefb7bec922de6d6d68434e27de4bae5625e604fd51b32	10280681	train/00123.npz
de1221867d018d3f4ebc12336ab80000ebfcb986bc5efa35131bdc4df75b87f6	10161408	train/00124.npz
2925390bf406c3daf3646638fbc6db639cdecf4443717ed22013c6f9a44500aa	4950316	train/00125.npz
a8ee45422ea9bef189d723ee1b65ca26a8ce233ffa31957bcf60cd322b300db1	4101900	train/00126.npz
ec6d5d5b086523ebdaeed8227a14d593508c86579b34ba9a68efd259c6eceb71	9868760	train/00127.npz
6766c1a81727227d6829864b05db2113937d1ee8be684bfb4b74dd9873e5669b	6093177	train/00128.npz
e2558f67624cd5bb8f23c7b526df5533024aee890f76521eedc10bfb72027ed5	7614426	train/00129.npz
da301129b1058c068daaa335a9c62970a46eadb3b4066762eb911b587ee04381	6122563	train/00130.npz
394cc5e00192c9c49e80363912edf460a042906b512bc67108a1607a40c2eed2	6942221	train/00131.npz
61ab7cfabfdb928172a6ad809661f979866e11893d41a7e44a226afdb5c00f32	3575674	train/00132.npz
0f8cfe4330a6ca1ca3c8083c8f8f05340c1c73f5510fe2ea392f1379222684fa	9195471	train/00133.npz
2024cb7f7ec93ce47eb724735c372f72ddec2d9fa516c3e4b9f857788b7f72eb	6706908	train/00134.npz
137f4e63af68cf0a74ef87ae7fea42362390efd0d11e16d42084f321158e72e6	6588565	train/00135.npz
729daeb0b247edeed941a77a8c47b96cc1ea436b80d00e42d5f2a7e43eaa5f0e	11097423	train/00136.npz
777947b13a8cb7c68d997afc26674580dde185d9c40382fe293a48b12aa0f028	8551048	train/00137.npz
ed7d0fed5acbe44b2cbb495842850216739403b0d15a2cc7ead84a378efb2866	7645506	train/00138.npz
293e74b082ce57521771ca83ad9304eea330fc894cdefc429719bd9df3be29ea	6182251	train/00139.npz
cde1b407d6b5d6759639b133565953ae158ef1ee211ec916160de0705aeb31be	10041995	train/00140.npz
f66049ae0212017deb4382010a46e737731489cb15165287de13a7eff739a332	7643059	train/00141.npz
1877d6568b9547002abdba9b6551181c7887dfcb372a67f02b823468d1a0deeb	9577183	train/00142.npz
f626894527e3dc362d238012a8581a161c10c63bfcc5a109d80343a2f6a6609f	8204012	train/00143.npz
a1d5d564923473d5d12f7520cb8ed0fdf60acd5958c32a2a58758f48566bfc6d	11507275	train/00144.npz
d77a77e3f8c5cb98b1b74effb441148cd946ff17c5794e3675d44805042ab4c3	7586185	train/00145.npz
d2f0e732b89655ef0470497dfed402f1f5c29855b9d9e9dadcb84af10c14f51f	9398590	train/00146.npz
6a5bd7bfd674dba7416c325c0def432061d6af846f56305767a9c40606d411c4	5742810	train/00147.npz
3b654e2042934e5f39b9504b5ec8e8d184cd4dd9af981724ef7186e9afce7550	2316369	train/00148.npz
f5f55599297742831bbb1b9ab819c55efe13beba40e238c0033179830ea35c20	6239060	train/00149.npz
3f59e3303cab137af0fc78267b59b2db4cac23d27ec7b51e47bae80c0a0539dc	6415256	train/00150.npz
31646ca3895c1b8db1926b7f4146b4f4788bb037bb356a0c01d8a8cdfedaf56d	8313919	train/00151.npz
c855567bd1a1e253fce30e9fc117afcf323b7f7047894d6063451b158c3cfb71	4334875	train/00152.npz
f999f7463e5d5f6e9de6cb8d194fa7003889740524e3bb788aff7946813df27e	9749771	train/00153.npz
64eacd1dd7aa381853aa7fbdf83139e0d1a6f462a635ce7fa74a4e7cc7112512	10042197	train/00154.npz
2bfb0e148b2d00444a3bccb5365c7e311c749949625fa74c4ef9cc349ae4a76c	9666286	train/00155.npz
7e9a6a4f81c7aa376d805152a84ada91be6ca4d3db82413f1914021b06043024	6854379	train/00156.npz
a3d4020af940fe8b4a94f2ca99a725aa69cb17c2052951969a35371c7745f91d	6707964	train/00157.npz
289d37c85e494029c5e85d5374fffe2600384d281756738144195d0652d08b12	5272040	train/00158.npz
5e377b1d248ece8eb48629e8f4936cf3e48dbf62c8ba8bbdc7afcd0d12d1e5dd	6179573	train/00159.npz
b2c6906331741dded9114afc18a9b85ebcb8e229560549bc87a6c8f339853dca	6736270	train/00160.npz
c133b4ee37558ad6e335fbf206248593bb3b1a32ca5a3a10a737642dda2d144b	5975809	train/00161.npz
c046ae69ff7178d68bd4bfb4423b7ab62c6cc7d62537d53e0834e4d08f129779	9219342	train/00162.npz
3f001b50e8cf9f07fa2cbda8040736cb54dc23aa1c5c0c4b5dc7319355733fcc	8200129	train/00163.npz
eee39c07f24efc089a8bcd466462e037c9996f77d15736978312e50eb8275a23	5799252	train/00164.npz
27475ab402674f0f16e73d80d452545fe97f31819b5f2451e23101482225c49f	9431006	train/00165.npz
0fef9139e320503852cd1db6745c19939dfdd30435786f5a4f00d5f796932d0b	9019218	train/00166.npz
6e340e4d60e85a7982b74f059d896e608b60bf077eca808044a350d0bc3d3597	11565042	train/00167.npz
faef7ae3ef2f71f728f6d080b659293a22a1775b28fedb01fd767cd77f78081e	10776337	train/00168.npz
9d879b37b16b85e3724328e5d1db28bc82b5acf207047e1d9f51dc832c8cdd3d	6912600	train/00169.npz
627bc8e4d52504d5efad7db86dfd725b824fdac74441f602486946adf13a44ad	6619719	train/00170.npz
12bef890d3c6bde9b0363366bfd06b05d090d0b41dba4b9224dba36f64d972df	7643885	train/00171.npz
2aab674dcae24cd94e08a057c9c2c47bf48cde2e244027a884dafccf3defa517	6298418	train/00172.npz
273604b93487aeadf98b940b64cb8be516392f694b1ac9c44d8e94cd24614a9a	7968413	train/00173.npz
de68e6b28df9945a3f345a1b97d6b0c67276cb5cfe9a4a2f51f16a645c75a1fe	4803929	train/00174.npz
33f0f8f575969b651b955218d496c12cf7dc936aa20a597b7bec5073fcce3fbb	12091611	train/00175.npz
01163c5d230ca714c39eb8dda32130e50279aabea41aeaa83cb70c99620026f0	4394531	train/00176.npz
fd604e0238c461150bb8bef54f0402e6c10ffe75fe008cdac816001c6e19fa3b	9661571	train/00177.npz
8d3a6d7e125e4ad721e08db9f81f6c1ba397b6b7f926bc145d6676ce3598c2f0	14084070	train/00178.npz
362f2f43183ac73b2bb9cadfdd36eb21859f3df28924d2d9d989aa7c1cfd214a	6795706	train/00179.npz
b4178eacde513f5c996568c6a2f02e307ff95b707e90dd28cae90d96fbb4cb2e	6589399	train/00180.npz
c427cca913dec58b56517a81b42694fd0b7fbdce25fed0eeb8d6797b6588f60c	5359455	train/00181.npz
8a47511ca863931eec5336b1e8129eeccfe85a55f7a68d835b262a89acd83714	9134760	train/00182.npz
b97939031558fa6f9c59f6ddf3761a212b66aff5c324e2cdf325978843d98ac2	10571265	train/00183.npz
2656ca3ec7f550f9c8a53060314c234383078f0617a7354a88b2a8e8daae69b5	7496036	train/00184.npz
cd8f908c558cb66965d609d2006fd51369a089051b849bd4f95381e10a66aecf	7556443	train/00185.npz
0f213c5d66cc4d5b1ea3ec00d4660010aa8aa02b0637cab79fbe79cdb4521037	5564791	train/00186.npz
3b22a5fb6f0182c3f0528c49f2c05a8f048089c3bc4bebf0760397bf33bd2802	7381571	train/00187.npz
9e4990e8302d873db511da25c75f3c68f6a2ea4bfb1a2e7082a7c4a46d0dc397	5742420	train/00188.npz
9540ebe2e1d66c3c8c3f98d3877e92284cc25e74b7de59eb1211d78e21e41b43	13818592	train/00189.npz
73e03d0e9f652f9ac37d032970444d410802331306c93de484db884f54e63d1d	4542409	train/00190.npz
630ceca8a9a0bedf119f4fb11a7fda84d6004bc5e971ac0bf8d901e3c3e64f69	8316433	train/00191.npz
4e008a6b85f6e80dd17adf01620e255bcce06de2c01b11e2634395eaa515e677	10068412	train/00192.npz
e342c74ab7df89d10b49dee42521debdc8938f96de67aff590a75547bb96ef81	8082965	train/00193.npz
ef0f1b763837664f68d25e05be20da3164cb80c0a5b8922fc75b8e6e6ffa0c3b	7642394	train/00194.npz
71bb0f10f702fee05483fa89fe8b7ace911c321502af8475f03af05c3e9ba13c	6412686	train/00195.npz
b89c035972eebeb9402741a37760e95ffd64be33bc21a0f73e66d983872d7d51	5038465	train/00196.npz
b07f9957dabf2b2aad9a13a7d024ddaa7adcd45953c3ba42cdc8c6e0f823c61f	7438415	train/00197.npz
9fa1f4e0678eb6c88d7adac5af82a7a8bb4bb9e187164eb2bf309bc6ba7bc42d	10835100	train/00198.npz
99c44f8702e7ceacf3c588f0a769bbb04658cb45c68b0501489a7cf828040572	9428155	train/00199.npz
8d701dc48de4c990c67e8ad505e081760f0faad8b5b3117ff3c892d550e2e6e5	6853153	train/00200.npz
3780ed38ebe65ca08af3711c7a342f60e03a6b369aec55c8880bbc449c41ec4b	12914581	train/00201.npz
d2f815085724654e3f1733af4875829c0547b991635ccbc3e4127b66e54c625e	5915285	train/00202.npz
813f8608867973d22f1215fd5050d0a09ed09a55bcc5f89b6b289218756f353b	4657214	train/00203.npz
d703336c53f07ff8236256f3fb281a4b4f45b7b80ef218430c7a92b9203979fe	5975614	train/00204.npz
1bcd1bf30d65dd7fa7719a82a3ab5157604c2e2cc0bd1e4988d495d20ac34611	7001986	train/00205.npz
aaec7efc565c53f5824adb99c4a11da18a9fb6b8b1e8700bc18033d00deb5a02	11504860	train/00206.npz
76526500f4e862f3dd0a6f45f0431da46652f6d62e1a35e2395c7b99dd125196	4540789	train/00207.npz
7b336cee5048502745aa02f650bed5728e6d59143c10dbd5e13107ee02336b82	7497190	train/00208.npz
ad206ed3e025ac18bada90fff7a0f8e74ace4c5a0aec5a9db0dd2d6a44bdb6aa	4569716	train/00209.npz
80410ff2fc6902ff3688848646ed6685b7874c484a368da1ae3d8010ff33d278	9689682	train/00210.npz
fb2d9986d87d1803418075d5ea8d8bd26a272cea9a2032b1a6783eca2b0b1d00	15894367	train/00211.npz
193fbc5696ba1b5a3e9298330348ce72b2befa0e37e57a937978022f57998a1b	13379811	train/00212.npz
02b2bb8c477d6db2e0d940659c02905f1bc5034f64253a289f7bd1ad7937ddaf	6855728	train/00213.npz
2984c9c6cc439a1f57dcc4dc22aacb2f9da57677ca6e689276238b8f03df746a	5742277	train/00214.npz
864968bfd6d8bc22a325d0d45c6ed4d22dcdc630c9a6f22c7080a824a87e24bd	5097494	train/00215.npz
1ef93c63304b26a01c4852664086053428c75ba8c151167d47a9e02a505fd1f8	13150255	train/00216.npz
dc7e358414f382008631a3f76ec9898fb6e038f3590829825bf678f4046fc60d	6385209	train/00217.npz
263f8a097b497847d9e09ee290afc3ab9a1af36840cce87d534be99a5b35a68e	8610606	train/00218.npz
f65e54b046360924a3347a453649aeb5b215ad47271045f765c1fd7404405e54	8403348	train/00219.npz
d40bc3030fb80085ce77c53cedc3987069c2d46eca9d4e12afa4e755805ecd13	7527360	train/00220.npz
05fc9a1f0bb995c5d09b862003e3603e0bad5510c876d327150de76fbb2c6640	5272778	train/00221.npz
cc008ea36bff6ec9300029721e857c326e277a5802dac74fc56d3202f9e43853	5212780	train/00222.npz
1e19c2cce17e1f4b44e737b801d5defa06262e09e05fc50bc3af4c9f53c18512	8933111	train/00223.npz
aeb2af50f5ce9d1b26f6f752dbf9bdb2109c67959089958867c427453f318690	10510090	train/00224.npz
987a298a60757405d21da847cd7aa9e733276980666caf3ae22dccf8d4b00b97	7558448	train/00225.npz
ea61deb5d90e9ab050e56d00d1880b53c9326e60e4c42b0d177adef25233fe61	7937126	train/00226.npz
1b75a27402128bca9bc73c3cf137bc2b6744fd5ec4a8b632cfdfa1c93c5da192	7820006	train/00227.npz
72bb5bf12a4a14d4b0e0b5c51ef0bfd8ac302ecb7e58547fe90a48180de6588d	12327693	train/00228.npz
1fe88f13f9be13c508d2a29fc2f11be08e392e084174d74f71ceebbc8bb1b9e1	6591165	train/00229.npz
24543dbf5be3e694ca0ef845648f4e8283dc63569d1801756a6c5660d4ae7a8a	8200438	train/00230.npz
8eb7c18268269ee9655b3fa51ce9aaccaa1c134fbf91ab7e56b1dc160fe7f2ee	8874060	train/00231.npz
c9f5f9964d9bbdd1ad4fa6221d2aa0fa491c41952407e9ca9f07acc5ad73b12d	9371185	train/00232.npz
1a624b4942e153d4c1cea593097a6e4a7cd858a0d5e50c8fd2c890cc595509f8	5330600	train/00233.npz
f7216449f2ba48ab187188b6d1411f0f8108326a5db60d37828c87061e981023	9755252	train/00234.npz
05039aaa5da41caabf1bb4b4b84c1bc440a990a1d8760902b3f8a92996c3e887	11069204	train/00235.npz
d342ea92b48896db65c0a74730536b76a9c514cf1c3e0ec807c10905f5acb52f	7319844	train/00236.npz
3a8b5a532c67839c49913a2e26a79a29626308d79d7d10f66c00c88486343b83	22655787	train/00237.npz
bb0f71199a92eebfae69a8c256ee1f529a3b62a7033d8ed0a4277780958fdedb	9897211	train/00238.npz
7e1d4126608763fe12591220157fda029ac04b0b5eab8ccaa295542038f7b259	6913000	train/00239.npz
3e45e27aed67a33f33ac5aad2b676ae9bd7fa19ab2dae1d747e9a8251d41518e	8490277	train/00240.npz
08b3c72919fd8a67c8428881138a921991a74dcf391df703139e115a214326f8	7940033	train/00241.npz
8401cf2b574508bad51e4f7edd1febb0f957b190e74d8043f2ea94dc8c67f690	12676689	train/00242.npz
d8bfa8086989a4a204318b0be2886c4d79975a9149040da36f73c22260036d53	7320036	train/00243.npz
38ff5afbbf1e3b67ca272892cd192fd07d2a9097a17188a529a19509acc31a49	5595552	train/00244.npz
0ebd3ea121659535fcdb55e574b24cf43cc4f841c44b4da9ec7c7ced87a742bd	7266592	train/00245.npz
5657d5f6fdd76b4ad25adc6cb9ea6936c1be7f2dfa745a14629903800dfdc48c	10892288	train/00246.npz
650c3ebfac78a5a7619f232543a87facbc022a1aa257782d40235536ba700270	10337863	train/00247.npz
0d94d331d6f0af2a84e81e7a04970ba3a968512b07b9b18e2963e891b63a1fe4	9517467	train/00248.npz
a4c5199f75705d53dc5f2d524896f3aba615c4b7b16f5755b1ac2fe5f8c7ace3	10453632	train/00249.npz
b467081631362379c5ed2e5fc26937d3dd6a4ebd6fb86ac178764d543dc1eb1d	6943340	train/00250.npz
35ec0f6679fc7c256140a6f92f449b09b61810eaa3083f71106f00f3f56dd922	9666390	train/00251.npz
1d0ea7c650a967c0f27de7648451837e3e004079427f49454a06d5aa46d2207f	6092979	train/00252.npz
b353bceadf457b5826af61537074aaa40a107e7113cf6b380f5e7fe5efd0807e	10571234	train/00253.npz
059e0673fddc3d34d01b2d76b256e8e7083e82b1d00f62b9cadd34c394078c34	8375222	train/00254.npz
ec10ce97983ef1f7e347bcf693a65edbda556ba7c873e42ba569eba292f016f8	5155248	train/00255.npz
625941fc41b1cceb867a3a181dd89044919fd3ae62283f99f0ead156791a2b9e	5771574	train/00256.npz
4bc19303aae58b6373322e563d7532cca0b67bf1da09cce29ee44bb26e03534e	10016557	train/00257.npz
feff219d67e5202d771b62c63a79d5e27f0666623898a6cfc79d6d98f11dcfca	7997771	train/00258.npz
9d235d933bb8892fe767d0553bdcd6b6ac70f58e1f0e1babbac444a3c9d85d8a	10773264	train/00259.npz
7caf0058b95a7f93dcf68ff15250b3630dd553796354dcea1cdb4bc298b48def	5683418	train/00260.npz
8e73ac4e31f3f2451ff767cb6600faacf0d4008ee5327307d001ab4be320e3ae	7118002	train/00261.npz
2eb66604abb1ffa3a344c172ba555b5596f4416817e9bfa9675d1631e0363253	7937583	train/00262.npz
5964f44eb02a1696fc6b203051065bdabd3f964f475cc0b6ef12cd656082958c	6824342	train/00263.npz
53101be963d7dd5d1cbaed52c417c0016c6761b2d2c8940767435e3b7cea97a8	7938069	train/00264.npz
4dd0248bd2063b6835527e9970a74a3c72d486cdc9c09a140a2cfa3257b3818e	7938397	train/00265.npz
4a7f2cc458b199adc1ee55d23dc847e33afb68e4a98313492838d3613b2dd1f8	10133274	train/00266.npz
17d370fc4902a2ad401bee1bcf93f3a28cb8844018cdcb2f1ae35c331413c8bb	10572680	train/00267.npz
4fb3498d03e3325f66c9e46d0cc4b78f6eb8a042a978d85673f9d1594a1e7ebf	5421047	train/00268.npz
5c41f0e668c12a51156824c1c0a47fa9fdac4955bd0787efc24587d1a2361ea3	6676624	train/00269.npz
ef76d7c09fcca86c58774088ec4d6e34adb62d4bcc25947d8d315b5ada8bd45c	9782613	train/00270.npz
f678d61cae027e3ef519688f36d602177e3d2f0bb91833a3ecd3c069c2168866	14527734	train/00271.npz
e7fc9ec27495384cc8fce5adf3971c9da90ea7b6f6bc7b3d00807400996c9462	8636569	train/00272.npz
e65b9cd8c86627800c8e32195350224bb501fb6f08ae80cad50c102365f661b0	8611792	train/00273.npz
549066a6b4a69dfd82312008371b93dcb8c92d78f3220514b811eba5d0739649	8932217	train/00274.npz
3fb8e571e3f5c34b18bcaeb4650de53c2f846177db23189def8caafc4ed54a9e	8256703	train/00275.npz
8e121d2557c69712889861a9f99b23937b3542b504a490eabf0e6ebaa088fead	11889794	train/00276.npz
8e6e931ec03abd234776105ebd00a34204a8037d3c3ee3638eb06e11733e9331	7320836	train/00277.npz
c87c1c95e9fed6d25015fc716b7885aa022a8a7e0c1ef2959bfc9910ab40c7e0	7966119	train/00278.npz
3e210fb3836b4f36d5465f6807f46a4c5b8ee44e45b432f76a2a6d80fc9999f7	7731519	train/00279.npz
0f9f2ea03dd05f91190bb9b0d0ee25681589e08b2a7adf6e5bd9d0c1b87cb1c3	7262302	train/00280.npz
be59edf097421914230f43a4f68856b422e3147eecf090aa8b8c7187d38c8966	7410330	train/00281.npz
854335e8a47a20bea059ad8e9bdde389fc7949290a49ebe09518fdd1a190b461	4073000	train/00282.npz
761ceb9ce10c547e92f85929d314a7aca5c2b4303d570b184de2016750f87f3e	8405611	train/00283.npz
569992ba34075465a60f2d87235104449b61969a70619a84ff2c54bc03bafbd6	6504211	train/00284.npz
60eb31cfa653437eeccb8c8040b023349cadcb2e20d39b1c47a0047ca67ebde9	6237655	train/00285.npz
7b742d05a298a48c255a2a05feba246c165cfbda0c92feea8cafa7e9d29a5dd1	7030229	train/00286.npz
8932bf6e3ef8a2b0755900bea8fb400ddc480611e186c73f6699d52c60822be2	6734804	train/00287.npz
46d997e7f3d7e00048a85f48f524315a4bda755ec045f43ddd52632f23aa0b02	10539774	train/00288.npz
7ad0997bffd63483d79dfd523e3e9e7762890d43f950482943afdf934a81f611	11270931	train/00289.npz
3c6c31479a0a27a4de6d18d3716e529ec338c087783d21ef4bf0b7f77587a126	9253926	train/00290.npz
32f8817fd040427d4f08b70e14754865533c44089d557af0d221f4a32c377bff	7556294	train/00291.npz
f43cad840959e03c4d8ac7e997207378dbd706ab8b75b0fc46f7346c030d0af3	6999974	train/00292.npz
8de7785fb4759cc721a5573b96dc605de8e7469461583a234b5fee1af86218f9	5828857	train/00293.npz
9b6d35b6659a22d530847d710b789b6f020bda395aaaf4b8baf5f7fd8c25ce82	4832472	train/00294.npz
0e441832fb72f711413eace4d89275d8b3695e32ed88ad2351f1ca55fe453624	9868809	train/00295.npz
a731c0a262506a80f39acf592b129ecb257f2809bce9415aa34c51425a20fd87	8465945	train/00296.npz
a17eeb6f480701c9f06bd70a310774976f304daa2177cc4e97d90490f4e46c45	11042499	train/00297.npz
1b3cb8c48b12ddc5e5928b43da991f2fbfd853b7d7e43a6a3acae6c65355bd3a	8610883	train/00298.npz
7db67d04d109da1624b39ab6cc37758c16f8ba49268f7ec7039f7ff2c793e12d	7761093	train/00299.npz
d3e94156d89bae91ad3daf63c3154c8d401980f637caf185f64da008a666b992	8345386	train/00300.npz
f5c5d3714efb7ae0597c257168da661b9814466bfa057a6b78e987434103bf93	9512089	train/00301.npz
1c3fbcccf9d092e31519c86401e941d91cb97410d2dd9df66d62097dba03e75d	6648277	train/00302.npz
e899e69b087dae393bcc1704d90637af38e62f81e965970395f9612d77754f0f	7410646	train/00303.npz
99193fa0cf1560d956ef1d3623b4b9730da717810231b50b56bd08e20624e182	18151089	train/00304.npz
b4b25abdf776a38c1909d5cf9ba4f0df15f92174601a05135add40f2c8f4c8f0	4130414	train/00305.npz
3218a58c7e872a543f04eb5e4e6cd71ce839bee192d2bd3ac31bc7b5c5b64d2c	6620800	train/00306.npz
10c02c834c50be4f4a733f65aac353721ba4fc62884176f2135363b3c07432f1	6095076	train/00307.npz
493db96979cca22cacc29b430e88e7d2137c819c948ade5329d0c3ac9a35dde7	8290241	train/00308.npz
c94b65923811228a431da1e695781309c8db8a05772af9099e7bc4c350af077d	5974364	train/00309.npz
9f2164bbb341f4276825beeb46d4ee8a318a80689d3af847e33e823c10abad80	14172680	train/00310.npz
d39eb477d9d4ad35058fc4fdfc9a8b6a5852aa56aedebc01cf7bb58ea3a1ea39	8610417	train/00311.npz
f63028320a31721b30c5f780bdf17261789c399b04984b891f8e92c2f07f5c5b	7471008	train/00312.npz
abc593fa7379b15d40ad59ac90f6aa5b195719bcf2c52d57c7ebc0fa327359d2	6356708	train/00313.npz
87e2885de42ab7fe991b10e1abf1b01a332c4fbe917fd9cf86d3ae8debf95dd0	12065437	train/00314.npz
2d155cb1f2f8bba8fe196c8c283a2fd55d0e6049f74f52127d3a381b1b06e931	9486462	train/00315.npz
2dcdd6622b3a8fd06d6548f27389a5d0add8f8932edc45a561f5c5de5a919497	4305467	train/00316.npz
70d7e736d80ee769d58876ced0dbb2c27ab49df36b23ed8d6651e562b74c25bd	8346087	train/00317.npz
79843c172249a803b3376b1cb3ce86403457c1eda38454730ed48c3ab82e8b78	7496916	train/00318.npz
f88ce3211a1b00de00921dee895f5f6d57d4a859903d9f38366e4f6da7cfcc37	7349588	train/00319.npz
c8f7fbb174e4682b5d43407c1ece6dc7e6bf96b4db753a6208b2952f5709ff01	7204228	train/00320.npz
f51fc67c18910a0af4f91e29f70a9aba8a45cf7fa21f5a260ff3473a6d055eff	8725709	train/00321.npz
726772bfb1a9bba1bb048663a115fcb53802970f7900813bbbde60e2b7edd7e9	5271754	train/00322.npz
c7bd3fe623e23a577c05d5bfa12ecb0fa8496b64d326095ecbab8ab9e1850f28	9224787	train/00323.npz
007e0c75ebe4b4f0e655c64f011e2d4ca9b10fa83cdb58f2394489f4f7351458	7146569	train/00324.npz
1567865da4750f0c7e23563e10bb86049a1fccef7957c4799094cc31e2f5ca05	6502741	train/00325.npz
143ed82c43b91c6a4821186a2269d421d8ba9674e429957021f51c210b47ed18	4218848	train/00326.npz
bb679f169837a57df11518d33b07cae5796355cfb7e6d913b07ba899f05052c1	6940546	train/00327.npz
8e53a0059929fa875948e5e6ec9644b3395b9fba46ada23cdf47eee2608c9286	8727223	train/00328.npz
ccf039718ea8a77cbecc7e21a9e96dd667c77b29b5c348829c666bcbf029b83d	5947536	train/00329.npz
56773429dd8c1d2c6afd36764781db74e3cfa2ae0e88033cc0ddfa19919568eb	7236133	train/00330.npz
291322e8b973f0231d6224dd003010b65d08c35012404fd863d20d6c834f8dab	34402558	train/00331.npz
bd8724805fa7bde112e7864b6fa3a09fab667bd0e811357dc2d1b03737fdad62	7584016	train/00332.npz
b4f10c57f07e4e6465da3b3ff43933cf118bf9a89533d887ab08ef0e6e60522c	7176177	train/00333.npz
9f787efec8c77a0d941e796282520c15f5a6d5d67730db469941878df54bf9e0	14640218	train/00334.npz
8be31bf8076389146cb96f65b2dfb45bd281f8fbd552bcdb0c6a23b86734040b	12532998	train/00335.npz
440ea7526187c45439849ad9a466671c2cacd5826778a79fb443ffc0d186518b	8348090	train/00336.npz
435346964b61c13a1075b8fc004fefd9cc2f6d378a7dd42e6eec33be4bacfb8a	5419560	train/00337.npz
699189648eec9f482d4d7e56a4e9abfe27c099932a09030f6c34b16207e97e6d	9139011	train/00338.npz
cd64a97944ea3a0f09bc44e1eee4b800c65bce781afeeb1742c2e68c762626ff	7469597	train/00339.npz
42de24dc09088530ad85d0accff58b46a51be6949f810b98cba191f26739aa3d	6355746	train/00340.npz
8968beb08cd703118e60da4e7a4e650e367edc26b8dbd4c0de34c5a304c7c2e4	12502474	train/00341.npz
6eba9115de9c7c1ca7f4bfbcdd0a942d63272d61484be38884a7b52cfbf0a01b	5478012	train/00342.npz
4072249e4751125e56bd3136aa4117ea17ec0a1a0b15c2df6d2c239cfcdf54f3	6970206	train/00343.npz
190300ce999c2929e66f25942214f3de17683996c6d6a0c3e50dafcc2aef14f3	10162564	train/00344.npz
3995a2fb7c37ab68f17e92b5340b9ae55abbde9d88b16f304da2a907f12c7404	8257205	train/00345.npz
d8c66a36f8b7c0aa3c9907ab8fc724fa2620064115508636914a4f46fa1ceb02	9019339	train/00346.npz
612418e731ffec6fe7ffb81a18643a461e1ed5b219eac5c3759c1b7e2246f251	4952095	train/00347.npz
1783936680e0afc25eea23e2bfc02cce634af536c84f8f357b9faf57dfc5083b	8026312	train/00348.npz
33e8216224ddc88bd604acbddc9b4e4f51e3a7ae67a123c869b186b576d8ec0d	9312525	train/00349.npz
d0162bfb8a3da78e8790a88ddf60341b08c6705781c38d07f7f7ffd47caa34dd	7409956	train/00350.npz
e1cae8d3fa79e9810d5419b5a0a38967d38fcce55fc5c5187ce01554cc3b5ca6	7352345	train/00351.npz
81cc14efb9d0b925d2eb8e58287949a777e7f5dc4f368c52218a33d82a8ff6a8	5710359	train/00352.npz
779aa1afaf6db618cfe8ddee37a7af5b75fe33085aaf8c346e4e159ecdab871e	10659077	train/00353.npz
3cb199b7f931b2406943652e96255bc0d1ad83f7f818677b3831d0cf682dcab4	7585485	train/00354.npz
5acd7dd9d630250baf82c4a8fbee8fca23164e7380bca1802ef189857da9b16a	7702967	train/00355.npz
3a038fcd3299cc57135217b66a9304e371ed219d3178ae2856f0481d65d9e045	7877491	train/00356.npz
a70cf3472396feab6605f0ea50b7f36fc0aa98202509f10622e8a76280e98b02	7117076	train/00357.npz
44f23c7476ab2e8691376e68991b4ecad4d2947cec4c754d47a0e4906964b2b9	7556280	train/00358.npz
e24638d850465ece5fb4cf3fce8c2f228b8d19887407468dff57f19bfc093faa	14844225	train/00359.npz
bed09527e620fd48f2e5a292744ac31cf206ffe4073c5a24fef7f40620561ced	9257342	train/00360.npz
f9cf4f8cfa9b18c59837b0712265968f0bb5f68743e8230bb9923a6fd6cc7df1	15582296	train/00361.npz
02918fcc59fdec9153f13536971136952ff625e9a271cb6e090a0fbcaed5a2db	11307322	train/00362.npz
f57a3595d454b95b91da91394e13d97e8fded9738bd50fd3ba5eb2f394ede1d4	7294867	train/00363.npz
09b910631940face180f524ca1d07355f7a46e75a83a3f702c5ead33bdabb0fb	3722332	train/00364.npz
b46622d421e058c11f8bc6888c3ca1c23be969bb428f838a861f5b83a4a27ffa	7059486	train/00365.npz
8cfc598505997af0d16893c861707fc2df197527ddc40def713a98cf0eae7c3d	7702961	train/00366.npz
770e30dfa449d9799ec91864234e7242d0b3ea7b2a8fd5d94f68898470777f49	11649273	train/00367.npz
9fac641a906ccaa007735c46b4ec9e64be0c707077d218a7b2b6675863ede25d	7087198	train/00368.npz
ce33850d306992f5ac88a922a7a852136889f1a5abd00439d10cd93008956296	7380185	train/00369.npz
d28a5e06556f057a94b84e620d5633f014bf9c0a796a40252f29327a9174de0f	7496806	train/00370.npz
d68c5595feab7887aca745182a43c260a3c4b1b70f73fed1ec3fc39489ad31a6	8172191	train/00371.npz
b8317180303f5db676345d03caf1784096b13ea42883b02aed01fc690f3edf65	6327845	train/00372.npz
7d9d1b43aab2a5baf76d535e7aa6fb8152bef2bf1061b8d9a77a6a21b8b54dcc	6150358	train/00373.npz
dbeee83dd4a6652bda5f63293ae318f88ce2c98df5b85637693c09029a8d6691	8407057	train/00374.npz
ba660b52749651c0a134207b3bd8334a4d91aa4dde9669091a033ff5973d5e5a	7819590	train/00375.npz
7e13da2a6ee028d78c45db914f4491e961c4c45331141b07fdf79ed3ca182a53	6882892	train/00376.npz
4afb84eea4fd84f7752d052e96d3e315416a1740add72be26f5e09dc85f588be	31773734	train/00377.npz
8c85e0329cf99c4a5093ce6597b3a40e2389d209a88e6dc93006f24a0daf0c6d	7584696	train/00378.npz
c68284e2379ddaf0e3acec891d93390f8b4146ff7fdbae1b52cf8abccc2a15da	8080624	train/00379.npz
223ce2e7797a7633d5fe35e5d396eef5a629bab84773706e3a6378c53edcd723	4687989	train/00380.npz
9e2f635b6d4aa4674464361f9acc6985f13bb64353626431866c22dfb13c3434	6971177	train/00381.npz
fde55e289665fa5c531cb9c1ab36c68402adc95133828b66a468f92fc0fd618d	3926401	train/00382.npz
c1ef39e3314869c4809d072a435caa403cde1abaee53c40492c3e6758db3a6b4	8348992	train/00383.npz
70fc7780072ee78f234ca6467dda9efd606e7d7ea97a5afda4efeabcc0f4c227	6972628	train/00384.npz
dfd1f513ef397472926dc6ce537a3ebe2df6544f955c8217bbc3b178ea2ee815	11101094	train/00385.npz
21ca405d7371768570f233b93be0728886b5df12c053471d334a939de5ec4163	10570179	train/00386.npz
4194303dc68dffd8071ab19047ec4e0eedd40edb01a5920d3166aa478a07fc68	10483928	train/00387.npz
6a1276cc3e47e4603661905445af97af986c19ef2dc0fdaf72c5faeced49c1d6	10133228	train/00388.npz
85243da1a1fa73a90a985fcd28bc4a2c70c9d1d235197b578e6634d7e7ed3ce5	8581759	train/00389.npz
e04972fe70c9ff03e352d10b32fb4f375298fc02df8b3fe8dbc6b6627fec9e2e	7407953	train/00390.npz
f96d792a7125cdd500e194da589f5c96464ac87d9f93c059485ad67aa3ef4433	6386669	train/00391.npz
cda308f80caf43f455ebdd0cb66d6d9a0436401d30e2fc0e36699a39cd935d45	6766787	train/00392.npz
b7c56ea496bd385428c7d06cac808266978bfd31f43b4e989a197c103733f024	5714065	train/00393.npz
bde66fade658089c4a4b8598e52b4f956ad57b0fe354423dcf176771176abc63	5976734	train/00394.npz
a60718275cd831c4056285e8b80f60e0d6856d288d17465529b07d902dd9ecc7	13442039	train/00395.npz
d6d01cc1b9e3cf68e3f55963877fa261047f1e64f7082b852eaf71a86406a531	7203717	train/00396.npz
bb953a805b270d0af986e3a0e498e36699e62bc1a030516f5eb9083ae7ef3f68	10279133	train/00397.npz
d81a3ee6bc65029e9d56c7221014d0b1034a04164b424a7d5833ff67e12a52db	7439830	train/00398.npz
85de89bc4b045ffbb7bc0d9109baea846ab1213a227ab74fcc3c2b5ece34582c	17573838	train/00399.npz
829db2eb25f38a62a0ef8fafcea78ff3c7c3e90161e724e5e655d86a584cf50b	12737997	train/00400.npz
5273a30584c9140704d80697b2d6b7c1814e3e1d70b2ebdf3c18b5c6cb5d532f	6679252	train/00401.npz
f15432c697e725a63836d8405a626d565f7dc63cb1e52fc2f334d597d14dd9c5	9897975	train/00402.npz
5d38b2250a637e9bc5301b6133ecfe8dd75abdd46ec3c536a73bc6fda5365cc5	6883656	train/00403.npz
743bd4a32e9d4b33f3c33e98f3be7bf5ff7e712173a4b5b43bd95de0dd178b90	14787966	train/00404.npz
86029726234eff621351a8d67991d491201025612c03276a532668f6492d7c43	4861930	train/00405.npz
7ceed26ae8d31d1f6f928e1240d204e26342fa0179d59e9e7c905da39b890630	9372951	train/00406.npz
235b03265d18fd13e0fd82ce6ece0c631b126795b68e89c3717975cf622c1763	7438015	train/00407.npz
80186daf041d4970abc773105ddac17630345e4100e7ccdb4684d9b6d7bdce3c	8991795	train/00408.npz
93bc91bccc2aacac39ff0bfd0c4cc8fdd39831440ef52912f03a4ca6eb17d7c8	10806002	train/00409.npz
43ce249d5df1f1af35bb55911090ba8630c8856142b7ff8608fe26050338f397	6150917	train/00410.npz
58b77db74f3a3da19a1eac34d01654b5c5bc7c1dcbb4a86f7b2baf3e4a624859	9133303	train/00411.npz
5f4d93ddb4a17319f8556b40b0a15ce19d49713cad5e188c3fbb45cc38203b1a	6827027	train/00412.npz
28496cb8d109600ab6c10c652fa3ca29bbc83f49aff04cd66fd1348b9f1673b1	7320761	train/00413.npz
81e4face5f15f7da006b8c97d0571e5e7a3a9aa01a02489dcf31abe95a927a5a	15082740	train/00414.npz
bcbd942ed68c055ee92f075d6a0ba20ccb6242cb280b288f69622f673c33cf3e	8084729	train/00415.npz
2a055baf0ac429a79ffd616436400903fb84b28047f4345d98cfbd05ccd236b6	5625187	train/00416.npz
a0f0b74eac6963730fdcfe693d4902f4f059fcfca5afc882f9a7b6c413e3f340	5682421	train/00417.npz
69582d7d92d66ddc50be8b50338e24eef8dde7e279f1c05f9b13c9b6d8fe7fe2	6591322	train/00418.npz
f4ae36becf9a6c9935d07196da520ae4ceee9621e1b3207ae9e72ab5319bc463	6180478	train/00419.npz
56c12bc412ceefd5d7a4a63ae896c8318963a55d1400875ba969ea2847a830e2	7497301	train/00420.npz
db176a36211b5ca76d5a72266949b466f4fa71caca7f652a5f4e70c0742547a3	8754068	train/00421.npz
d3de4e93eca45cc1950596bc169569668a5690aa239f970b3680e196ddc201ef	7994056	train/00422.npz
5b41c6cea20d7e4cfbc571e37c3dd60da7b4748f61075b5cef33327daa10482d	5450075	train/00423.npz
43d6dfbe01696525a438ed75fa9c404a943035586e7db886df0f7eea943cf8c4	10958001	train/00424.npz
06699e7d5a85fcaefb9607b590f108a866887961e7f4a32e86b817e6642b7db4	7117678	train/00425.npz
399fe521e4c7b0726878d4a2aa269614e0bf3126401b180a0e7883facf4975eb	7703623	train/00426.npz
10b502a135d24f8e165d86090f64ff06da2159b32b8db2cfa54700d4d88602ee	8871316	train/00427.npz
5c03d948e69486b1d9f06b4eae7b262192d719f0d4c723f945a50d3edf089b87	7614242	train/00428.npz
8cf250f3eeb516ea6b232833db98b9b46a6f54aabc845377b9bc3b3122c1b0db	9633103	train/00429.npz
518eb0e5dff6bd6715c743f1792cece1e02e350c2dc7e42a732f9adbf3a4b2ef	8934964	train/00430.npz
92d1c471bcf7b7a08d7c500c0ee0b15027b6b70a7bb52ae364199e448248510f	5713504	train/00431.npz
307451492ccabbdb029d40e09921630aa5fca5a58460955b0f8687e4708f7610	10714849	train/00432.npz
9510edf73236005e670e1957f59030cf3cbc2691c11c5db0f2359b30a437ee22	6559159	train/00433.npz
bfd8674595beb3345f0377fb81d13367ab11d2d4b2fb0236d799885d762938d1	5886592	train/00434.npz
db787b0f63d9e1040261b579313d6468f68aa21df8a9d9bd28506968e4a2e32e	7292157	train/00435.npz
60bf3fbbae8b858ede4825754b1fc0b3c8ff97bc6a64a1e7ef0a90debe26f0a5	8025921	train/00436.npz
54f7acbabbf6511bcc4c24cb90a8230258dbe50268056752140a5d98290ab815	12356611	train/00437.npz
f62f25282393f7a5a7c9e7b5fc78a8514d2f33be358458a5563a3beac834fc76	7468615	train/00438.npz
5ac3873a904952a7a06d368237e9db130b8244a0f3e133f67240cd05c47f6216	9837231	train/00439.npz
d16918915e03014fc7dc7609bf93dac0c32b20cf33c671f6373fd91cfbb2f7cb	9341777	train/00440.npz
12780751c2ca221d31ae1bfeb1800f74c6c1367d3597f274dc233c0dd4940fd1	12121689	train/00441.npz
6957e4d1747d93824972219d4f17535fac81aaef107a9b3cccc682ebe596cbe0	12034797	train/00442.npz
58d88c4f96f6b7645e5b9f1e1060878295eed5a8e1d18737be32de7738b7f6c5	5973891	train/00443.npz
6a7221fa5bc3999629ad57f85e7abc93a1668e74483133f1f853cb514e375bca	8141418	train/00444.npz
de66cd009dc14d00724d78e6807cc96c73b4645b79647e2cb8ff4669a48a4a54	11657473	train/00445.npz
1ef546131bcbec65c6b4fb0a3f4f938eba28740713f877918630bbcc680499f0	5213915	train/00446.npz
0cbb4a729ca9f0303f04739f99b35d63524823af24571b8a613b70061455a8c2	7878984	train/00447.npz
870b14eefe512fb5b5158c900a7b250ce0213d75004c843a07061bb7ac4ea789	4922146	train/00448.npz
12163710fe44ea97b0101b78089f80e1530a4cec044f11fc9cba56e0a4b56ea7	6854744	train/00449.npz
7fad2f3f654e96110d42da6f09f78462ca6bdd26378423fffec2c7675cd6cb8c	8961816	train/00450.npz
058acc47a51e7a43c2f014ff017db763f9dc77bc6e20649a8b32bba2a8d754d9	8756917	train/00451.npz
6559a78c3be47d26be9e94422cd6d0d5db38de3a0a0115cc7ec747bc1d39cc6d	6121092	train/00452.npz
cb903d894b4aad21bfea65041012bce9d1fca5c4657cc4b91e4453cdac6beb40	5565889	train/00453.npz
47c377a1b4478fea313723d6939c2b0466eeffe6bd11a84e9fadbfc19d5e7feb	7409654	train/00454.npz
cd6f5b80aa7501fc020e1c3ff8d5f301841196a43b916e66c516a6ee4639bb2f	7587119	train/00455.npz
c47a85039fe1933f972510bfdc8a5bae42490ce2fc78d63ad3146a332c1f1004	8870029	train/00456.npz
3cb995ba62aadd32bb3171af0c8c1a86fb4001c269178bc72af316747c71da3d	8607618	train/00457.npz
9d8e82d3ce9a7ef2faf64c136c558796f75f94736e57a646d7a9143c4640eca3	4833951	train/00458.npz
7bd1f837490b0e56c1a611c3a1211d264e9bb5abb9a4c2653e1cef1a291966f1	9078160	train/00459.npz
83d424af0f3d375a6eb88ad6c02acde966b496c21ca73531cb2f91b068956d91	9631338	train/00460.npz
408c898e91e56b20e834383d24d31e987c2184e0a444d32d98360017be096421	8611299	train/00461.npz
5e637cb53a40c8b1949e7bb085033fd0f2ee4c1607acd075868263cb3c522978	9900002	train/00462.npz
81d7b6b5d1c45ea167215a0f78861d0cd0930404984bd3e81f8727379cf235a6	12211329	train/00463.npz
95abd5b5be8d580e0770f4081c5c09d416c1a01d8f9ec7108122d15680744455	9312889	train/00464.npz
a3942322896efa4e22a5ff87e621e72e896e41b0399143948cbc35eb609c33c0	6267005	train/00465.npz
d28223d2c98146e8c2f161f52f9c96f6e856ff9545c6ee5757a9601470ff1530	9309384	train/00466.npz
4cea0f645a8ce21694bddaaf3d6bd3b98b8198c4878464bd09a9bb68a64a6b8c	5713142	train/00467.npz
9c8e943c953939b5cebdef5b3c4d83c2643eabb8b7d4d4e96698f2b1a7d05845	11126075	train/00468.npz
0677c6a13eeb0c71f5b64d7cfb0dec858e45b5ce70bc88db8b6407d0cf09242f	8230070	train/00469.npz
58ca404d5b4e375dcbbff2e92721e21713dd82ccf854cf7acb8ac350aa2485cb	15309651	train/00470.npz
0ffba021b041b68fce097dc85aa83db11d445f398f4453c9edc2795b52107517	6473311	train/00471.npz
7e35ada4df9c4a124159395a18d936d8bdcb5d00cb6ccc8180641c3aafc29ab1	7526245	train/00472.npz
722fbfcf7b21223fdbceae063ea95a8c7a8cae548d0fc64b4ab818b3fb022850	9808935	train/00473.npz
bfe6e67a02eb5855c5dfc6f045b0cd0390cbd63f7701a06985d294d37b1121fb	7642672	train/00474.npz
31c5ba4ad151809463809a382a9b1ffcf3898d634710afc885cd612db460ff51	6239224	train/00475.npz
99c18e508edefd9e919b6de8126dcd86e15f58cf2d0261fb70096a9894c5e3a8	6529757	train/00476.npz
76b6a0de637d4fb4aec8e606245dac89f6fcd97d295ceebd35243f9082c750d6	7088604	train/00477.npz
cc64fe04643f213a4411ad803413bdba8490ba9dcf4e25dc4b7eaf6fb1e2c8da	6239962	train/00478.npz
ecc15236927754c218c8400346dc167253cbc4da5ba5b80e90efb12f8df5b3ca	4922242	train/00479.npz
f32bfbcbd86cf534b3c44da2d1a1cf8889b6adeac92b5b87db8a07332acb9686	5651556	train/00480.npz
5527810f90c48eae04dea8714f3fe62dac32047fd76f7eb2a86eefa50debf41f	8054035	train/00481.npz
1f4ba832e3c9e927e6ddb8409fedc2a3f0826073e7c44d4670c52dc5a451500e	6473009	train/00482.npz
5750d903e062e4984462ac4904589590494571cdef59eb517585aff51faf2676	14730713	train/00483.npz
e36dca11b2a5b3816c91e1c29533164b0cfcc3eeb7ead6879fe4a895c6e73f6c	4833484	train/00484.npz
703256adf69781b37f5587b60bc0ff3d1310276c0d1088b8edc8e1f786c6524f	5682547	train/00485.npz
abe1d036438adc0e341a59f29f2910e8b6f4d99fba4a1868bd3247d9c9624aa5	7880296	train/00486.npz
72b88696f3567d8a95eca577dbdeb89646cc8ea166276b10655b5bf48f47ee0e	4599293	train/00487.npz
e3e16be4188980b0e822a1048a91e9cf408ff664b1848d789bb48a3a3f9e9182	10305518	train/00488.npz
9564fe003b00428bdc5a5a486d65cd4fea6700de6a52c4e02a60b16590163f69	9342740	train/00489.npz
9ca463e9bec47d726c4eb1e194be48618ce672409eff892c5fc8d16ae3ecb4eb	8757214	train/00490.npz
d6403e59ca90eec86670d12527ad690cabd3ee117aa33d673a5ec0d39ef5bbac	6152071	train/00491.npz
7b1235646ce7ab51813868da89ff6a0fed65a41786966c64c86bc5f850f77d3a	8346210	train/00492.npz
d1c2acf999836569b01eab8eb0cbc5b85e301fcd2b91cd1c2a920fa7d54c2931	6560154	train/00493.npz
326609a9b99d8a82f5c4fdd8ab071f9a2bf073016df82084777905a749c6b0bc	7648854	train/00494.npz
2895780d60d53c88eaac2e769d4fd9cdcb2a6f4fb53d58d894705ecab70e398f	6296386	train/00495.npz
f8389429329010e2553d003bf42362c85164dc8cd0c40b5b3a7d44196a9ad570	9048295	train/00496.npz
dfc1c7e33631e784b28ce72bd1071b2db89263230c132ac52dbba9134c907b26	13234661	train/00497.npz
824cadffcfaf82a953f418370a4db0bb5e517b407cf4af3cb264923291fb1a1e	7058968	train/00498.npz
091fb6546799f80f125ea11480d03a1eadaf13b75fa2a6ec9a1f326544d15749	7992591	train/00499.npz
afdc41b3b8a5a7be5a955bf0dc1a91ddb64cdfabf2d5f9cc832d06b21a396c06	6504881	train/00500.npz
f57e7a2ab72f737e6e2335bccf7c2b46e97bf417d6c75e91abf509b67bfc6d6f	7496230	train/00501.npz
3466e57f8f8b07c4a11ba7966b885dbdc15085eb10a853ff56fa4206151a3456	12534481	train/00502.npz
eb6dc0a58b3a1576219a7c973e8f774a4c0dc9d68dbe2fc416d25973481743ff	7640641	train/00503.npz
abe606f4572bad01542a6bc458e930ca87bb8acbe2c1537db59be8d66492038c	10304725	train/00504.npz
00e6885ade1806cb1823b28ab8308dc03e28a89dd1b95ad7ae79b1e8a7bff8bf	6124822	train/00505.npz
8592ab46c81fd69f64d3005a92ef3fb0c8fcc223b7c8cc5a4327d400648166d3	6444193	train/00506.npz
e8b06b7c0618c85e9d7d0bfbaa7ff8d7c8aac342a5109ab3ec0ecb5ab5586e95	6414750	train/00507.npz
c31d2ea7df20a25e37e2e6cb1b46f42a58c283989dd1c50e881284befdb7b192	6532237	train/00508.npz
919cd1eabf919b6ac7ded74f295d7389ab12257f7f48fbac38b4a60ab2ebe584	6911347	train/00509.npz
fd0f6617a19702279265b14281310afd3e9b8c44927bbd91cb30a149dd267b69	5009296	train/00510.npz
70b1cc3d0b308d3bad7dd4d94064256020d6a37a0172fd5ff481d05b099fdab1	4775593	train/00511.npz
71c9e67ae6c02a693d1e7081a34793006e48b9c6d4b9e199513fea5d70e7bba5	7527117	train/00512.npz
00c029886f238a57b8884b7f0c779540b75c085cedf3b82c62dffdc604d604ba	6386674	train/00513.npz
af3f862d4ef0626724588593d63ec75276f2d243eb3660b015c42011877259ac	5741887	train/00514.npz
db2cd19a4261c6b421cf0cfae51f29b02071631ed7ea2bae0788aa63bbfd511c	15020460	train/00515.npz
297b6c9dd756ae8ae6e91e5f603008c5e7d75d53372d4982066831525f511b5d	4981083	train/00516.npz
726a3816afe0d4bbcfb1c090eb8769d089b5d81ecdace0de621c9eae7391c9a2	5215475	train/00517.npz
75aa168524f351aff3e4644366d9ddf59145b1ed93f571d0526935022f257666	8199615	train/00518.npz
fbb34b44357cc154b0d0292e1bb2d481afb876eb5765929510e95a6c5866c627	8757233	train/00519.npz
2a86ede1c93addd17d84f060ec3a11b7f17c91e9ec784fab6a83c19a7ff6434d	19332349	train/00520.npz
39782cffbda30347da31710e7a4c69c2d6f271eaa94432449d6090c9dc01e7f2	6885780	train/00521.npz
8be24da17d26c3c3d0e824011c5ccdc3bda503c47b4509f204d0418dbc73d4db	7320123	train/00522.npz
1d120aa944b616895e35ae60d00cb6ec04ef0cb34225098787a2ef0d94fba083	10952630	train/00523.npz
2b86183cd392b538f8c65d200be487412421f1e16e00d80b9f9a9d736c9f5936	4775631	train/00524.npz
59a4f8088058397fb8ab6fbb247eb8d0ae88c6e8fa91da3ae343f7ebf286bda5	9810673	train/00525.npz
0d574d0d55dd7c2d7a798afa6af05141cf77e9145094e23691b6c78cdec2c5ad	8084359	train/00526.npz
9adf1c126061dce3e4edc50e3634d827661f3c6680c1eefdd8e054664533032c	4777763	train/00527.npz
9acc7c4381ca546d14a12ec09cfe50fa63fe9ee69a99f81296cab9c6789b2eff	6061008	train/00528.npz
9f6f9489f8e5a79f9438da9a2eae82893b2905a51cd401e853922e2ffabd4a6d	7905181	train/00529.npz
5654fc34ed4538667dcf134a2bca63c8be9c97250ddf623e033b675aba7da987	5360795	train/00530.npz
05565565ab9414ea8ef2a1dec263f79c086c82ce44eebf2ef20f0698c8504706	2287275	train/00531.npz
727d613dc97a4b8c2cb47fb5d127071bffaac8393f7b64e84ac073dd036f4c35	7207159	train/00532.npz
8f2fdbe99ab7558b8a9aba0d71b5212aa6433982553ef08b59b2c1cdb107ab5a	7968232	train/00533.npz
d43d66adb3e0404b92b420934e145af0c579f2edda6877b4456b6bf7b094bc7e	5624584	train/00534.npz
ff6887446e679920e79823aa8867dbc7692cc821c65caf754119585f91a39807	4364389	train/00535.npz
b7a15f52d791e03e4fb8fe90cbfa98becfbeb581d3bf0d31a9ec4b492b623d1d	6531985	train/00536.npz
82488f694dbd7bf3b2f6aa89186ea9c30b8e02b1b71fdecb0828298fee86e86d	13849978	train/00537.npz
3dee2363586807dac32a549d18b48cfbc3abda39f1bece4b0d74630414a81179	6706521	train/00538.npz
a131635eeb166e656d2b90dfeb2c94ae5e2b1d778ea120bcd54fd6c26d2f7257	9164885	train/00539.npz
171129cb4aa9721d5fe7747b6c343407b33ef447d3ad8e6bae5c76afeb6b7c5d	6943003	train/00540.npz
e589728d829eef5554ee3503aaa52329c84b7f2fa8e6e0dcaec338731570c42d	3223612	train/00541.npz
94941e169fe38b30fda761d294221598db4172f6ac108b56d46752ce2628ed88	8408212	train/00542.npz
35db894ed86ffb01255ddc6476baaf3530ae6fe9fe30b5a43f0c7fe0ea202da6	8200175	train/00543.npz
e0029ad07cca43445d202ef3964261354dcd824ac7285a6568a024b2c117b3a3	5857880	train/00544.npz
5d0391c840d3a0544f587283f9c8e4b5a4597d819de5a2e0e30b3c1d66642627	8521274	train/00545.npz
f3c56ff69fd3931f3150dd87a17dd8746293cb55c77568f7c2025a7d9c714b24	5770986	train/00546.npz
968a4c48969f87f11357fab5f1b5eaac82ad1928b7955123cf52ddd9b796bbaa	6737844	train/00547.npz
c94214a865d7c15ab5e75e3b8dc9aadfe031028d76e075ca9dccc161af3fb57b	10453512	train/00548.npz
6a3ae0ec5b56a67b7226977106d4647b73950978e4b61b1a5c253ccda0bd85c3	11715029	train/00549.npz
cc0fcd52ee878fbf9d3740c7f1d8bbeb2d9a4829d537912c2edce0d7da1b0819	7818736	train/00550.npz
1b81d2d3436e7b5a2db0a9f4eafecd7af552fddc6f68573d9e4a59a3f4c4cf6d	5098295	train/00551.npz
bba8d4ba2d812f5ee7c07f793ddb58c2960456b3515ee7a24fb1383cbccd33df	9458836	train/00552.npz
826741d46c11f88d6bb55f5e8676e78eadc4060811ac0a177a88a0a7bda2d28a	4248570	train/00553.npz
5899c73fbf22485a9f6b9d658637295326733ae59917c283827b8e6a17acded8	9866143	train/00554.npz
ea2cda336fbcbb4fdf38a6161a22a610f8c164be226fda5d1c5dc93e42c94fca	7178649	train/00555.npz
253d4a924fdbbea1b39241e11d0872dc723629e2c84db058e553f91aab8790f2	8460566	train/00556.npz
cb3bfa8c344b68c8a6fac9f991e91ccdd0caf7e24b48fc855cac085e3f433001	6474172	train/00557.npz
edd82a6a4e29a566ea1499f82d7e93559280aec0e8136d83bdc32b738941e378	6354479	train/00558.npz
1a90dd3a689f2907c362e226db45b648a377a69b53bc0324c2fd21d30aa868bf	11448474	train/00559.npz
1bbb9df548103b588d6c460f4b3edb7cebfe98ab767024122f777f7d7d38a0cd	10513014	train/00560.npz
22f735377b3a9b6cf1dfcb24688805d46a94a58e1e3d82fc0cdf6587bbfc388d	7731369	train/00561.npz
ec91b4f77b77b7eb1610871b4d3ea60b6cb8603015dc807480df0cb69487151d	5947047	train/00562.npz
dadba57bb9cdce3f2ff6f2546beca85e62b3222f5b57fdf762ba57d376c85103	4981518	train/00563.npz
e7feec01873ab0ff54a987425e80134dde6d6fa0b31e228074bf0fd9e4b52fbb	6327649	train/00564.npz
66f5ac84603aa7680f8b308eb6a60bebb12a3061765c7f79dd5b0c8f61188553	11944366	train/00565.npz
7fc5dd6695a69587d785d0e4e02cd1271981abaa2ee77031f366bbe28af0a8fb	7087355	train/00566.npz
378ecfa88bd6e3ac98a0bf6f88c8e2d9cb7f50bbf3fd9da1309a444c748bbc51	16191730	train/00567.npz
74b1f50f763a45e7b3cdbc87457dbb91cd60b76c2bcba650fae751bf3ac46437	6587563	train/00568.npz
c2f3f1d6bd8506add57edfeda0359b42888ff4621a652ce0d60320fd5ab2c80c	6445463	train/00569.npz
9a7a9de0fec4eb32b0f33a9588d64ea7b15a6ffe48beb80e3d80912944802714	7208343	train/00570.npz
4154bdf15e030d8bd74aed55491c98d416bce1fa06735dc1a1ba8e8399622a9c	7732315	train/00571.npz
fdb7f2569f43face41ab6f5e276a66830e8b44dbe8d67503f366f9363d43abff	9460881	train/00572.npz
74f11662b0caa3d773fbfd753fbdb26b56c9f6b6fcaaa9d9bb0a6f273bbce977	6736466	train/00573.npz
7dbaa597b8430e24ef2792426e27b486add93e6e3ea052802c877b7f35661348	5067605	train/00574.npz
aa6a183b805a2fa2c069c36570ced523f959937947eb9db8d9c57f66e8c529ae	3106983	train/00575.npz
ef271d7621e87cff360a632c2caf3ee6e4eaffc654554a92f5fbbed5dcd8e60a	5360838	train/00576.npz
9006c01e188a5aae645cf94dfdaec424d4c1d7c8a48175cf5a537d2c2abaa6b2	6795460	train/00577.npz
7e0afbebfb7700f70c9c39750ba3ceea087f43e9e0b2c70e55d386d82f085f75	7349138	train/00578.npz
14333d3a43cf28ec200d6b6acc16d43101d431eaaff9af17473926ae38a7d09b	5653525	train/00579.npz
d6f89507289b98b6ab1c59832aa71e08a51f44d1e6ec0d0d8bda02dc0557f777	7236616	train/00580.npz
fe265875155f24ccc813d3f340cdeca7c82cb7ab2f0ef4e43d2d5a1e54edada1	7173630	train/00581.npz
2c15b07777768469ff3ba2b8b217f215a3bc83de092f1503cad3b910b4a30bf6	6532945	train/00582.npz
010bf4c021bd2fa72c8a13ef98ea4dd6710e47e42ff8edb50e9d3c34b5ab315d	10894268	train/00583.npz
e3a44b0bd7ee638543ab7cfa3a05e87dbb468c4f10f68772f95ff773ecc441bb	2756414	train/00584.npz
e5afecffebeb1425721f62ac860b0cbdbfc5ae6ee4759f319db9038eb689ca68	9835778	train/00585.npz
cef1dee20e81127c7d93fb4f067f3af9e82b9da950b0332e48a02d68ca8d137e	6738932	train/00586.npz
8e3f93f1642c092ae7fcdfbca4cfb32a9bc5fb52c16f5b77e0607dc15c86ce4f	9927126	train/00587.npz
2ca2c2fedb44e94fb9fb5d3ae7174b3ae318d19a7bd90caba0fe5375f06558e0	6210316	train/00588.npz
8ff589d5ade7d46ff393d3df5f4bb32e566c53b27c905df356d1c90c82225d4c	6706901	train/00589.npz
72507b091e7e105c93a23062e68a0ac5a58fffcf83df99b9333b042bb0500178	7144793	train/00590.npz
67efb1080c4ba927af4c47e4fc8c59b5e9c4c0bdb0df27272c495627f3f98f56	8173836	train/00591.npz
bb93aa814565af645920862fd16762324a2685bc3c71bed67f31ddc71a1672b3	6501839	train/00592.npz
ff3bda07028f0b16b7c7b98558a2152c18931a6a545d0ef631f979e295eb92f0	12067918	train/00593.npz
0e6b244ea2e7420b64675d9ca4134a5590c40c86af435f87cc213ff865809c1f	6094257	train/00594.npz
b9d5b22012ade2c2addfaa02e17040dfc7b17b03c81d48dc4a7e3bdaec0afe12	8523527	train/00595.npz
a9981a42ec50822424fcc7aae2a05c9dcad1ca99d13d1308bd410715e49edfd5	9955752	train/00596.npz
9cae21e95d1f8d68e65700782d0c5569144a41c93bd0cd862a1d00451cdc225e	9369481	train/00597.npz
1244708a347b025a772b0ddbd239f5b8a449e80cde990bb98d90284d4e2a6b1b	5946772	train/00598.npz
1e6465897ef9b1050c695de005476ca963882a213b8eefdf2e2d61f8620b4951	5598001	train/00599.npz
62658bd60e9e43f6b6175684a6045f69bd89f47b01f3d68bfde7c270c212a666	6414014	train/00600.npz
6ce7c2665e6f029065db1daaeb4faf9016d756cfcdd46cf5ce91c4732fc094d8	9372518	train/00601.npz
52ba09bd11b9c515a3d7040b3233e641ea51aa4d0a34f0d4f54ddce157819109	9894850	train/00602.npz
f9798e9e3e01a6b025fa2be8ea7d869650711ae13fe80a81c691eb65a575e12b	5769628	train/00603.npz
91d7583e16d998cfe8871169742eacc48f5d8ad3ade9b424822561c045bc0a92	11276007	train/00604.npz
8f1e11abdceb52b8d4d24080471a8d6d479ddbf99d5926deacb54c15c70645a2	2902980	train/00605.npz
cf8e4c80f68720c0194db296405e0a52bf89d9c20c30268067129d2b219d83fb	9751174	train/00606.npz
94183030563b5a601a56b0f353af3e7bf9cadf20804e1881d24659e201bdd206	5945905	train/00607.npz
6d0e8328ed34d34e776cc09e8ac045446949a3515b6c78d031331ee2548d6ff3	4308686	train/00608.npz
6d1dcfe181171c2b5bd335262c0eec8285ef123a05adcd6789d39a8e68c5f645	9019037	train/00609.npz
cd73ff50aa0f8712eee89fcc0bcc093774fcc6c40fe7b46698fcc14a5e63be76	4980455	train/00610.npz
b83f8cd41318c7be51470df04819751b0af717974bce4991671501df33e87f69	9989244	train/00611.npz
b530bd4cc8aecb32d7f7c40cf120f8b2ef622a8ea503d88e6d660260410a9b66	5360646	train/00612.npz
09d1b6808eede6402eb1cc1387b8b4535727cf0595fe1f9e2015be4dc6a4053d	9311364	train/00613.npz
d1817ea60756a9bd0cf03b1abd9e29310d8b9121b19a036757664004633f8204	6413842	train/00614.npz
6a8deab878ef250540e6e1780b851175b227ca82440fd230270dd06f4d7a6bb2	14465314	train/00615.npz
5dc63693f7b6e4c3d50b6a1474a7c8f25b4d9ae1982ccd54aedede417bbda72c	10807209	train/00616.npz
92096de5cb5a5b7847fdfb79163e6b295c5bdd5320f3b9e07ccc9f05ff7e99f7	9926839	train/00617.npz
2a4888ed4ce86dce70d329d730e01c17c2234a5960565496cbc1917126d8e2fb	23660670	train/00618.npz
506253745726c353cf83cff2307875d8f63aed1f8e1f4fa94eb0dd5850092888	6854696	train/00619.npz
db71aaf102d5cc8766b66b4915934913ee8bc7529e6a007d1308110c8599132e	7734492	train/00620.npz
4c2ae97a28e9aa4ae3bfc9a3efecccc55a067b88375fbdaf8e2983a8a3ce7c37	7847956	train/00621.npz
47fbf82498155b9f6e7553a844f9b58d58c6055ad85ce7bd9c6cfff8c780e481	4542751	train/00622.npz
50a65ac7e2350d0ed1ef777b96f48675109c8b8dc3efc7142287c072e8634ad3	6679302	train/00623.npz
589d8184fd52bc889598472aa3a5e588365e74d47da8c777e6b0078089a1e620	5479193	train/00624.npz
65cc6954763143063b2c6ab336d3f4bf4b512fcb0d2b6ce181e4989a1a180715	6738775	train/00625.npz
1490dc356a2d0f57f0115463503e8a7fb627dcd405d807e0fb4d6e7d17786241	9135493	train/00626.npz
38a6037b90d9b7bf689b1e83a363ad1f585e128d7219cedfb7e1608a97319425	9313095	train/00627.npz
2567d47a0a224cd08a28c0de0f6685a9d7cc15e91fae1c06ae6d69f839d0817e	6120199	train/00628.npz
3d0d6756cb5cdf4fae8d6a1138d255b85bc0a1e7c9c09462d04e81bc7669a9b1	6911407	train/00629.npz
6087c3d59f191adb5b4b82b1dea811c16b68a3abfa3c45b2e5e1db3c02566397	8289853	train/00630.npz
b3e9189e41f2a1fa7da43b388bf89e6464c5c0c0b22d91b5fb16a7a7e6181b9d	8902770	train/00631.npz
acd8d120133f0c39732c647960d0befdf227e30c6f3e796dc20dfd17aaf9f30d	6707345	train/00632.npz
88e276c3c2e4c96fff29a416fd2bc1b1cc714e43015d177749d1832532dd2a88	5274079	train/00633.npz
05463f1aebe198526b62aa89f186f0868cff17829bfdec64975226727228727b	6326869	train/00634.npz
e143cade1e1ff429236b30de01bde475e3bc9906e2859b9f24c07f6033e98d03	6094107	train/00635.npz
196d78e82e8960db01ebb5969b24eaa8d62ca71c9b7c08eb9ca9fbff0d56b2db	11244301	train/00636.npz
55ef683b00101adc7acf447302eda60a8457333f889181245a54abfcc7f4a56f	6824256	train/00637.npz
b0c62fc89b5059d106d16c2fd3ef968a7403c9785d97e2b80f4e6b92139922e2	10744620	train/00638.npz
797ff338cdca6d2be18643c749b99e00825cb3360ead82e44971cc9ff8f12ebe	7380193	train/00639.npz
54d0f510565cc2d7ad32d4a9af09d9f6f411e2339cf77c4d4a1e8e30d6ca59df	6795221	train/00640.npz
635576f7a4f14a220a0209b6e81bf0944a159d78878c58361ffe622e3dee838a	7118351	train/00641.npz
903c37265261a0b0f4633582278de2d595a80e8a48f34d794efce2c3ac2f3ffe	6766049	train/00642.npz
189ecfafcfbe9741cafc035f170d1c852d3cc26f362dd213b558f0a9b2882b84	11799947	train/00643.npz
e2caec2466585f17303b12151214e24d3e0534d6af01939f2fa73d4574d19bf8	5212999	train/00644.npz
d7ceda49a13825ee0109242893582f6483ab02084e0611d44f92c70d5b2b0c29	7294567	train/00645.npz
d7567e2ac85ce1994c5218799de5885375b9abb6df6b31d80194abb4c6cf08d1	7174758	train/00646.npz
ac2baac8c7bf8887460d42c320584b13a68aa8c38c440d3475d20faf1c20f361	7735824	train/00647.npz
9bc3ed50890abd28379d140156750dd48f926b0e23833db7ddc646678505633f	7088016	train/00648.npz
40e50d170edd44453c2c4aa3281ffc180b709b9478ec1df801d6194fefdf037d	7528858	train/00649.npz
304180e2f29e34cb07aee017e6cc8added53d3fc682dc9ac3b6c8d72824126f4	8287580	train/00650.npz
93914b98abf3b4f99e0fdaab09b5faa8d4850987e630f607f9eb7f32cd67e284	4833835	train/00651.npz
2cd5efd3941993aa29fb3a49825816fba65dce9dc9c005b3fd619cfd027398fa	7498211	train/00652.npz
f79b3a4cc85dd4940e10e9bf17a453d6195ef0f68c00c47b59f0c9da6e778b02	7704069	train/00653.npz
fd9f3a19e5268b800b9a798fbcd2e58ee977c82a7945c5951042db70924f00fd	5245798	train/00654.npz
2c0f498a9521237485b0d5b0fe30a612e870001177806f33cb137c1bf66d8e18	5096825	train/00655.npz
62bd72f049224f12615c358da38d3924bf3066c3d533ee38f6bf54588376f696	5095964	train/00656.npz
8a1d15996ddbcddc22bb661104d77a33f2bb97dc81eaf197082304dc04add459	32463031	train/00657.npz
00d3d8a1653568a9d2d11582369cf9a29d6c616be2d7c68135331bae79977451	8170747	train/00658.npz
92e64d779554b78aa6f75f354ebbd30eb4fa80997a481a5fb5093bfc8ab88df3	9370659	train/00659.npz
80e40215b800c68c07feaa9a2341b215ccf416b67487a7aa3ac26ec93e91ea82	9081769	train/00660.npz
e2033264647165145939de74c73d94024e43545e285298c6db9d4509fa1ee488	4424487	train/00661.npz
da5c0d517506659cbc8f23fa16e14409df751bd99ac336f181c9bd0955435b4e	5389424	train/00662.npz
92aa89ae45625e26dff8283b83c3501508ba8775e489425ab063f4a89b73b291	6826235	train/00663.npz
49b7e898683a30263cc0a752062dd1e26ccd69addd20a9aa13d57761e8bf9da6	7145815	train/00664.npz
f2cd21a25489c56dbf5384395d50f014e495c6a52f8eb098d57eefa932153c51	6707879	train/00665.npz
29f7241502ed57173ba450c22c665ff92376eaec35072ae0abbe063817e775f1	7028669	train/00666.npz
5e76fc0c0b6650bb04448edec35782fdaf735f59e8891fb5ae3919e6d7023b59	7439851	train/00667.npz
4774f87cb011acfa765f50cc059d35f089b013bdc564c27f213de6125013a10f	8113829	train/00668.npz
79c272aabca9be368397161d2c2db399eb7ddcf576f230fc0445a4acae856822	11386776	train/00669.npz
af1866412101f84ddd90b5074cd8e64ea4b7935771364e97fbf570f2021e372c	4600851	train/00670.npz
3dbd04df9da374d38098b4f2de8a0e05ef146ca1c4c30a9086686c1caebb8892	9373299	train/00671.npz
c618e2f8828fa10893b3fc1c74186f6144597fc6d16de052c1d2216c6f58d70f	8669422	train/00672.npz
8fa8a9dc29d22d592e85a9bb7990852e8f0f18e8729c228346edca51cae0e8e8	7233284	train/00673.npz
0120f114efc9f1efc533a2cf861a54cbb6429bddab94467358a51815ad6a0ed6	11974920	train/00674.npz
d1ca6ed2cc806013fae400761ed5e572ad587abc6472df147af0d04d3cfe0d3f	14434422	train/00675.npz
e0542b687a55867b53e2a545aa05396e87dd9cc3129b7578a81f2ed97fbca0fa	8668454	train/00676.npz
8b3c98da0bcbc2b6cbf2d5fbaa41feb530ce922f5566f2afad3972ff8f599b9e	6736670	train/00677.npz
7404415ae2a719be90402e1387ba047950d1fff18c86e9da63b291ce54c9d549	6561945	train/00678.npz
7d9e1b942b98089ef0e3e5a609c7e8c5acd89dbdd5543ef4103d518dfa0b678f	3720895	train/00679.npz
0557b282b1dbc9c0271ddee1743bd85f3efb8d37877b9559f5b2205bbd2b9185	8519674	train/00680.npz
fa089d5cf9faa4556e95f4850d85e7c5925da2b110fafbfef4364858cf3b6c05	6034257	train/00681.npz
96a7775afebbf5b0562ca0bff0fdf0ef52d66350ee0de7bf6d8d8241e9b380e4	7584065	train/00682.npz
46956ebb4e747838e05d30c27b5c82cae30409d171d415343976500ab95d4251	6648673	train/00683.npz
f020ec502e0df258b15bf91f2090480031dd39d1c8070c8a9036363ac68e023b	6851509	train/00684.npz
6e4530a4d7342e739dc5fddfcf1e6f7f1863a79e9b4c18484afe7716fc53fc44	10102826	train/00685.npz
74f45f84d74f446824b4844f68c82ed0fb10ff3a40dbe7c68a7306726c0ffa8b	5184789	train/00686.npz
339998bf785cdad15ef759bbee7b771efa3954bee1b0b920a31a95f63d11a8c5	10954917	train/00687.npz
02dde9e10f8a41032eb6699d10bcddbf5e4ae5b5a7422d5484741c679f30a66a	3896469	train/00688.npz
43678b14e7912fe10a69342f9ec0abbc4586f9e5e0e0aa35ad519609af2f4615	11334264	train/00689.npz
75f1595cb2c38d41d86f5d31cb3f8fd709468305e9edd5d9bb0d3746f932857d	13969566	train/00690.npz
5a0292d67c7f3fcf8f6a45944b9af35658e2cdb33f3342e338d96e7edd5c4195	11424120	train/00691.npz
3c12e5da2728824f45c8f156afb2ee9174c30e1922fa0c1217e6faf2b4792b8c	5533647	train/00692.npz
7d7d9169908f2b85caf05b05b1ea2359b18dad116ce38279cb42d0d8692ec91f	9578997	train/00693.npz
4b9a88ea33985ff43230a6316f70b20cb2c83831fedbb505e4b5e8409608e36b	6912871	train/00694.npz
a4bec00b00d3686fe9e0f9eaf65ec3f433e73aba90ff36074683e4cb0277daef	5419052	train/00695.npz
fe4238179c94a9cd9382c6fefdd813ed7916b11c63527a09f8f989cb1d4e8c3a	7324625	train/00696.npz
b20ebfc736619558b4060e6454f24dd5ff64242c22ec3c4dadbd41531535f4e9	7672800	train/00697.npz
a67b67ca51c1189460ef6d8bf36025c82d2be4d68b60ece26dce2c4759a42697	7294415	train/00698.npz
3f35899433ee3a84f91fcdd41e0c4652f3fd8b62f15da703b752c380645def57	9896328	train/00699.npz
2eb657e4d48710febae483db8be3c7d4af379b5143a7a28e5ee3193d18264796	8288401	train/00700.npz
757bdd358593a98aa1dcd881cdceede9709d44170e778cc740d3b86d62cf1a94	5976159	train/00701.npz
ca0272521917b012ba9135072ec9d8472fe54128675d52caaf5699caf933e32f	6120677	train/00702.npz
d670ad9d2bba1961bc1b071c9b5f0299ecc07836b895106c3b9996a0d8eb5b64	2931142	train/00703.npz
6d6ff5c4005489dac374337e095c9084f1ace1df27f78f0ad079442d949ffd40	8083443	train/00704.npz
26e954526166dc80f2960cc63822e292ce388e138f412c19b81e61217a3cdb7f	8580206	train/00705.npz
504c4f63ab1dee5eb643d78a26bad143d4f48ee0e97486bf85c5ed4afb56d20f	4950651	train/00706.npz
81be7378859a5b1868d674c1065982154d98230100fa98527ab693e19b29d821	6155645	train/00707.npz
56d8520e272840587d9d3cc5976c6f6bdb32a9674113cdb88cef733f5a2eba74	8642850	train/00708.npz
08078000d8f53b70d16498715f26ca8d08beea6b243277c3ea85e3fb867a30ce	8725061	train/00709.npz
6aa9759a70ca3872b41468138c79ab178de5b11ef69522c8ad5cfc8ac6c37b32	4541202	train/00710.npz
15b92145ef9cdaf129d2d573600ceeb6380a7ad7b86b17ba6104acb7d5c44d9a	7761435	train/00711.npz
da1835f0f534ae5f80aa7713d81184e671a2f7e05c5330e4c5a5c9b9a7db7558	6647481	train/00712.npz
2277b1b2342ce7ee082500011c80437574befff4af3819f7bf147d5df19a75f0	6970245	train/00713.npz
6801f2722ba031bcea127580141c07d079451a1c63a3ac5c937b52c1cdbf84b4	4861739	train/00714.npz
01e431ce59ea2c832207996a17e4691ae91979f057b4c85cdab82af7e71f272b	6736561	train/00715.npz
2373ad7beb739c6369bceb2eea0a6960368ebbb9166554f5cd7082910d009ae3	6152959	train/00716.npz
020df07ce397aac1881205f16b531fbcef5659fe8f6dc7f51a8f1c5efe039ce8	5683538	train/00717.npz
ef9daaaa6d1cacff28c3acefa0eecccbe60fe643ebfe101a8be33b058eee9d0a	8055935	train/00718.npz
30d2448e1c531170be0d86d38e71c5f97a53ba59a423e45eb5644f19fec11fa7	6152717	train/00719.npz
4a2233894d0a62f3477c8ccd9bd43a79e0e65cd90334fa67910f557b855cac09	16802210	train/00720.npz
182863c2e48caafb0bb7aee0cd5e9385c4f30a8de107a12cccfe75653efc7fe1	7144079	train/00721.npz
d55b07d89f529a3e89272139d33a51b270cd26b2b85f5004a2257c5f1a65ae2f	9313271	train/00722.npz
d2344393a25361aea2784c9506135ff49ac9b85806ef0defd9c1ff197623ee67	1935847	train/00723.npz
98ce7824524a89f6132bbce42cbb8ee79802698723461411bb4b65fb6adbe106	7699346	train/00724.npz
2d5c152da77dbb1293293f25c7001cb924e94d79b6831fd5e5941e70acd78f6f	4892686	train/00725.npz
68b43ef62e4bec96e87d46fd228ab94c4467259cb979aedfa9a072cb987cdc70	8550024	train/00726.npz
2cb8aa192f72e90738988bbb909dd53c94073a17b9e87af9b4420f7cabe44c7e	5947579	train/00727.npz
47d0a7e80fd1c4baa805210b1b6cb4cd5c2b35a3c851e431f45a34decf85f7e9	8551052	train/00728.npz
cc9065d472d7e0ef6c2323d80ad5948500e60c34d967b04684ba50174230413b	9664035	train/00729.npz
e96b1a7db3b6f34f8a23691c77b5ff968064322357671058a0e31d8212edfd25	6003185	train/00730.npz
25e4554eed7ed2c374698b08778a2f2289f0995d1130ff87c323114b2f45d99e	7673559	train/00731.npz
fbca9015fdac5aaf2dcd82e58f8da72c084e0b9bad99f8d2725c9469456af2e6	7669888	train/00732.npz
acdad7830d9ba2e55d3fa0046e20b4201262a8754fd946e07cd80890066c4e38	8877185	train/00733.npz
5f06238241ae2a371fbb23f5a79b3e786a4ad746d9a68c750690bbb08c25b559	15018902	train/00734.npz
e7c046af9a4b0b7506b16a8087f3a8f1e5df679e8f3d2d860c4879464bd6211b	6706539	train/00735.npz
c783f36370a895506efcf4a177a381f011c0bd8246e61c178e93e12d361de605	7380162	train/00736.npz
83fb7378b3412c5828c201e9f5f5f7b6466432ecb16d54faac2624f66597331a	31977365	train/00737.npz
fa5352ee674175f2ef43e210fe06d3867b9d6422c215e26ce4da45c40f6ce0de	7673129	train/00738.npz
bfe2d5bc3a40cc578cb719024ae4f060c477efdb3e267c5bb400de97dc30dbc4	7353383	train/00739.npz
5c8e6388193224082a340e109b9cd760e4ad5fc8b3f9129386bfdb051836e819	4834702	train/00740.npz
336a4fe5bc6e41f08d74b8f5d5ae7d5e03faaba6f6a0175ce16a0ec11e303e88	5361360	train/00741.npz
95ad1ac615c6f424034bb9a60f68468cc024d700ab14bb2646c732c5d05bbcb2	10280091	train/00742.npz
6ac00b4488d4028b0b9f595537f305b4f1f825a46368c27fd629e331b756da3b	12096663	train/00743.npz
f8cac4de8eed654be002b2f27379a2398e3eae865af444439519c61c9e2cdca2	9926998	train/00744.npz
9c31cb2385a5a333d0706de04c24c38f5348aee4f4edf5ec44c270d8d730f797	8377029	train/00745.npz
20345c1ad423e96bbeca6254f2856c2e3c08127988a1ae45950855d05f1e78cb	8904017	train/00746.npz
777db4117c6bdd7675172375a8af76a81c2fd4a4cebe3638c41e6772c1885932	5536867	train/00747.npz
c4f42106ec5a640c9edafcc327c470c26d383b8e5699c4c7946fd5dc09d56fb3	6093052	train/00748.npz
bcf01ddd1555926622e352e966764ecdcfa62f2190b24c26963200360960241a	4247751	train/00749.npz
12baf9af2cc46c686c4ab3c78e22a345720a53a603996d69878a52a76844bd57	4248265	train/00750.npz
36504da58f15f62c5b79d0afefad321828480c4063941ba741ca01f9340a9f05	8435187	train/00751.npz
233787c3695cdadfaff9bf541cafa19eeffba15e5737974922045034e613d794	7177432	train/00752.npz
580d27552e18640db345b68b8130d3be8855346155ee80dc117b40fdcc22ffb0	7763719	train/00753.npz
6d3cf67ca0112aab18a685004e23fa4d4c5c2cd56a7ec6596e3ed695734f76c2	11450050	train/00754.npz
2202a09edbd4a40ab45c6d1cf9d5ea4aeb7b79e3450b281a4ab228311ddf3389	5477834	train/00755.npz
36e6adfe70cfb141762824e37f9bccf36172d9d7b37813ac3276b2e1f0b9ca0b	9931480	train/00756.npz
5da8260965d56b5719e584c44fcfd786b401ab26007de4fa9d99340e53da146c	9639991	train/00757.npz
145d2e0680b6d3d71b6700d964b43a64079afdcaf53d329d3589b3cfd3960dca	7056957	train/00758.npz
ec2528d2fc67e2fa57f427c07cc68e6f3826ea390533f18d83d7df0bbf4f731e	13760767	train/00759.npz
4f7bba62b62c249693ffaa4a699f4d9955f064cdb65dbc0d631d571961a30c17	11746630	train/00760.npz
f61323f8c3957327c8703ce329d9a3b554a850d7964ab4e34e9af485eaf21183	8696573	train/00761.npz
2a1ab2f53511fdcecfdf6bd9a1bcb526f3b985c9a7e5bcfcdd0ec723c3021d57	7556709	train/00762.npz
61f672e554a2382070c8521c18966f71aef51ff361cca46619ec39312b12ba02	5244445	train/00763.npz
f3dcda86c4d78396afa275a20095c72add6bb0797d2278edaa7730eb5e17a79d	7908283	train/00764.npz
ac768d14ad6b2816e96260852426dd6b808b51ed6d4078a52cc977c7bc314993	6709483	train/00765.npz
357c2633575507ce225c8b5880cdacd95d042d8e66bd4411d4a919ef6d04ecdb	9925725	train/00766.npz
c218907467a00cf4619e31cebbbbd0442b7e2120e996b482a1af5ed46a736cee	6034556	train/00767.npz
d83edeafea070d6717d78b1854faadba61092eccc86cf4ea9d82c2ad4140f825	9077384	train/00768.npz
c1de90d822e7c52b8993622b2714b9f0d99577f121f0cbd9cab4aeee94e70e52	5213749	train/00769.npz
2c3d2464b4a2af36da8411dc04429e7ca4694c37d629027bffe39506f0a1b7e7	8404612	train/00770.npz
6facf0b38bee3417567978fc02b6f123f3a03925e678f7a2cec6f0155261459a	6124142	train/00771.npz
cfc11b9c47b5935e13ee6762a6eac840f784a9cc3fec04765628864495fc6a0f	5829276	train/00772.npz
b9027032cb813e4820de452bc6519a9acd38bfc0a36564ab9975b0a434088de6	7057137	train/00773.npz
bef67e2fb0282e70bfae285755e3f9b492f3bfcbbab0cecd96916f8fcbeda361	18240626	train/00774.npz
81cb4aee899acb0c8303f960843cdebd1d76b8b17dcac20621f71960225ad7ea	6854016	train/00775.npz
a844745921ec11b499e20eadacb99480699d97bd8e2294f84ea7369839d78e88	6121460	train/00776.npz
ba77a26441b0e17637635088bd9a88b836455069681c294c712bff6d84f52062	8084029	train/00777.npz
cb23d758bac54af0d6c73cbe5e8cf109a3ca22c395b4d379c787601d480272dd	6267009	train/00778.npz
26b6816373348bd61935123b77c6528a2a57d8e9ab180b1f9313982a1e519f83	6590223	train/00779.npz
4753131de8ad0c7ad46841bc4550a8bce12239d77a8a4e5e3139af2165ab8c95	6617914	train/00780.npz
26ef232cc320db7f917b2f6109a5afd4a37f58850cb7062eca11311b465fbf85	7231343	train/00781.npz
34bf98b7288c27c8db91fbb80f358568355ffcb43d8fb489db4eea80d3a6d374	10572013	train/00782.npz
f7987f7c1bb02f8c12f15d38200c5a922662e247221fe4077f02372ed2eac07d	7647075	train/00783.npz
422e76b5716db37a3eded2fda39bc23e94544fcecf3aa29d64e8c3fd8852529f	8556730	train/00784.npz
db26f1d5e8f50d07188f2355c535ded18ec5a4bbdc81c3db11cfebe82fa44203	7730446	train/00785.npz
538dd589df5b84fe57976aff9a872d96dfceab6b18eb21e8933225a006fa25d5	13000629	train/00786.npz
21961e89ecf24397183bca5b6d32f6a22b753225ecf570e18f80ac21b90d1d66	8643254	train/00787.npz
23cba9b9ff6a9e0b02f759e9e49ccd812723c771d91bf28424a213761c867ceb	4424521	train/00788.npz
0f01973f23bb891f5435221d4a2b54f499dadc794debeddae811c525e22a4a1c	9428553	train/00789.npz
826ae095df71c17398a2f590d1e386897907d13d50cb4420dccb4324882a59d1	8991700	train/00790.npz
deb6e94b78da39bf33d421e44589192f68809abd56367fdbee678a161128477a	9488991	train/00791.npz
8a8af9301e3cb54a65dd0587a2e86822aa41db739fc73906a40cda69a813883a	10630372	train/00792.npz
44259d67cac424380045d7f59a3b9449497233812cc30be3d627aa051fe96e25	5537731	train/00793.npz
dbc39a51d7adc6e8a64cbda78c4d4194e2f7fb76076d04cdf24597e37202b4f1	9605467	train/00794.npz
e4910aaaeb5e59cc1c201c6e1e46a9cfaf0a13f7f78a9db57e5832d3f24aced5	4834474	train/00795.npz
fba00c6459aa5e9acfa81a0b6fe71183b72c752510d449771d829fb73290738f	5127675	train/00796.npz
d249e844e679bc383807197506b02144894aa6156865e2f435dcc512fb050945	8141362	train/00797.npz
3f86e6feaa7f763d14136f3e5b5bb8895d596f6899e4576be5c873c907370021	9633244	train/00798.npz
1a40c25fc553426346c8a4a2307cdcb8bab518a44c26d183cceb776fbe74e265	7587806	train/00799.npz
d7134daef6f50141c4be881f83f42032585c49f3ae203ed0222f140276f0c869	8460990	train/00800.npz
b6b2b7ec7cd60567ff189dc2d3f86bc99babe4a02f7f39a4b9068682b3b47e19	7554906	train/00801.npz
e47f1a8427b946b12ca88a6f69aa6bb968a41a22fec7c0c6b9f4804358f89884	11479468	train/00802.npz
400267f9cb5bfc3fc41dc124a0b50089c9f633bc9c8dff018b174a4c37a10f10	13235449	train/00803.npz
97201f9df906a67f6bf77c3b6a2ccafad0b2a92a7dc864fd38349df815e8247d	7237219	train/00804.npz
eff1b5517e360d26824afb162a012c07dd75a9efdcb467e85911df21745dd26c	5798929	train/00805.npz
d6cbb6ef640d1b7e846bb7f7f5d08537fc3a7ae828d03160ab13ffd23a57bcb0	11128524	train/00806.npz
2e58f46c98fa309e125da7be74e8def5559392514fc35379f21ea33a1ff186b9	7441006	train/00807.npz
21f0edfad280efd92c8bb1cd36e72a8a25ede999ab1f36fdca1904bc294d76ba	9547432	train/00808.npz
b9ff3685f4bf44b00b7f45f7a6d52d4954dde6f3013a7d2f06af476b529bb509	5126110	train/00809.npz
6d9180d1e64a7dc3549ad6bca2faf1c1333ab67b8e3e01793fcc146beacfeaf9	7382420	train/00810.npz
deafd7e968c6c2342ea9adbf7cae5aaebb0552da66876f9c384bfb4b89524a7a	6794704	train/00811.npz
9b080211e02d6886e83459b37cee665deaa13fec28e6a7b832506639fc316e2c	7528895	train/00812.npz
d57351854aae4920ec2eb6f74983740a26c894113d14a4db68dde4639c689011	8052440	train/00813.npz
ded2f7f24c9f1766246bd7f9f7660f274b4a29d0e878f59104069ab6318944b5	7789855	train/00814.npz
8d144812ff864b89f5e3d1323a04df9fe93e3b06e3b25871be2683e075f57e1c	8582456	train/00815.npz
08d9d3c22d5476499b1eac732f049ce190f7744b3ff53f43ccf9d3e5d3b18e73	6416622	train/00816.npz
ef48246f55511473454f87604e4632fb63107ba0f50c216eff3ddd01292cea85	33563752	train/00817.npz
505ad4283595323b40be15ebfca317ea1cb3c44b994fc7d46e370a2a267e2e04	9135651	train/00818.npz
33e7d0ed152878f18e6b9d6180db37be8136313e14767329b092021b7135ad60	10892146	train/00819.npz
3ce4478a0c887ec201ce836ed2fbc557486c29182fb16b776c86e14dbea22fba	7323324	train/00820.npz
38be497a94a5f601388d0675b49892385262d43cf7c00d253da4b25eca6300c4	6619683	train/00821.npz
29076814d3af71ac56f7cf9648914abdabfad24f7e8e5ea35adeca9ccb9a7ec3	7878278	train/00822.npz
144d34adcae7cc1bd1918be6c152071669694d461a3f41cede3fb27d0359addc	6063647	train/00823.npz
2491e3d7938fe00afec4f80387b591c093ec6c4a8903fdd7bc7ce0f11752241d	14229823	train/00824.npz
c8d5ed5dd3abf68e2c7fc43c53c625d95587ad7aaecaaf6d138d415cf5a25727	6618160	train/00825.npz
f35607678d7f8cd44bd975cdb9c9346ad42d0701ee4168a8809769b21c0e1e51	4832826	train/00826.npz
bf395956e4eb7288138047ee63ceb29280bf2fef59d9e5c1ae7748e408f6eb02	6241122	train/00827.npz
5f5a615ff23074a15162cff764f2b4d2a9586c7411b5dfeff69bb7f9d9d548f4	5127200	train/00828.npz
963c10257252d22f935c635a87d28265cb2e9f4b491fbe63037f90b2e98cbb08	8468156	train/00829.npz
c4f6a46dce92c6fbc3cdbee5c74ddc7a71c1b9a2ff35da4bdc2e062e5162a237	7732978	train/00830.npz
1d57d9f98bd537ad91e4c31a689d44a9dc620eecb1a686d03b608673d9d49f1b	7966394	train/00831.npz
be196482b0bd048dbc20c223019c71b6b8477c348c4478e162fa656bcde76eea	5917479	train/00832.npz
4a3c8706bbd1cf2296651afc38f0ff77c3bf9490dbc9b3d87727624049c380ce	4542727	train/00833.npz
b9e2a9e6aa4ed4ec2434255df07151f6e2189dda461a58a963f793789660953d	3341265	train/00834.npz
edcaf65d46431be20e6d83381d1ffd7e2985333187e28982cad65a3dada523d3	9165815	train/00835.npz
a9fe133e49365786dcd08f368a9bad8f8a2d13ba3736831d497b9b92d5e211cd	5097367	train/00836.npz
f34f9531381b3c45c8ee3371450f0607442f5e73bb75abf66b3d9c3f1ca6cba9	12565144	train/00837.npz
f05ce4db1aaceef993b9b24994ec2ac933bb60b5265ab2aa2a6d4ded900d9a1f	9753880	train/00838.npz
028b39ceda7f6fbf9c01128cd6e8ccd9d7cd92886ff7eca20b3c2f1ca10683e8	12327707	train/00839.npz
8f39e45c2bfd056457f64e217c4fc8d48218708321ea7f9fb7a63f2f99265b16	10165102	train/00840.npz
b950504f32b0c6ab47820357cab4b8c287ae17b72e80741b63d3454a93a627e2	8636897	train/00841.npz
a0a2fbef498007054567d92c418a7e108e436de9015c5e9e7799f66327d20a8f	9753023	train/00842.npz
ed9fda5f53f9248a5e60a4a80878608a1d6e3b7609291cf91eeefe36324ae5df	7117113	train/00843.npz
03e2c1d3fecc5dca6426c3400b19f24e27ac27a23db74aa439d742ce88f554d6	7936794	train/00844.npz
11f28bbae5426bbcaba07e439e4753be3e16c4ccdba8111d64de87703ec345bd	7819641	train/00845.npz
2e745a0877937a0c74b835cdd8be5b57c87ca7de5607e1580d6cde5b66d61ab8	7965189	train/00846.npz
63eacaaddd9b609966f2f29aa3bf49b70a2c4709a14e84df9d12669104bc3ec5	7322134	train/00847.npz
afc579b874f32f23ec356fb5067258a5c14172b8dcfd20ac0e3e1c9ae29c89b3	7175609	train/00848.npz
ac17b91336803574b7e7d87ed5fca217b6835ccd63da70913bc2824b11d39d20	7906857	train/00849.npz
d905b7bb98c4ba40cbd0ee6eeff6eac628d23529387dad1a8b917f3b27bbd145	7206754	train/00850.npz
5b716bdd9bcb41ff2c5fde6eb391a4b707a092964abad12c899bdb4c99f2ff12	32105093	train/00851.npz
34ab94a90ebe72cea48cfd29fa711e9fc0d127300be825cc51b749a724bde7af	5975607	train/00852.npz
d72e0ca1cba9f45602eeec664e1ef42c52a435b33a2246bfa85a1babead9b70e	12678647	train/00853.npz
d5c0085e3971d7dbb0ab7679a33d047f38433d5b4615abbd108840376307cf21	4863867	train/00854.npz
05adc01a84b3dc57089b887fd59546c07b8b92432f35d553d74f1fc19c094417	4568543	train/00855.npz
b841eea80ebeef8128a77bf4aa3c316ad511ded096bb8fa7f47ce008c124cd10	7379386	train/00856.npz
d818c3eb1f5f48c2ec0ac95ffd655170fd0e3fa7821b113e3c68317b23231e4f	10217284	train/00857.npz
96b328ad31fd09249c0924a42352ff6eadc9fdac89b6cde46fd42a1226bf3fcb	11713871	train/00858.npz
80b25f59926d7744fbad941d6587ff60bf294674814a279bae143057d50ba9b0	10014858	train/00859.npz
ca9bebf9cbbd40fd8d23458a62d85f6f9f208eb1934f6443d64a5bebcc31e46a	14081411	train/00860.npz
678c84cde87ee32c5fb88415a0797e78cf3bbbf5ae35ffe1dca87c18c0853e7e	8493901	train/00861.npz
525a9e3cf338fb6aefac7eb2ea00ad684a8c47229fe7e43490a26d1460836e7d	6825844	train/00862.npz
a910d5309e2e7e2043f82524a91b2529259bf3550630ff800b5e9188c987e6d8	13467545	train/00863.npz
1c4886e91c13cc5fd24401ac514c25d1cafa43be97b413f2e3755287b9a1a37c	5624838	train/00864.npz
80cf897217809e7ac10640cbe34f423dd1f6f980fd8c7d1540a22a88080aa583	7585900	train/00865.npz
41344a84f000aa600d75647933ef59088180247d22c83651ea34c2a4fba1f9a2	7997631	train/00866.npz
aa1d630a1913d1429f7cfd5825be7cb49127a0844c25f0f00efe755e4d23c758	7205163	train/00867.npz
80fea0f728014cf3977b24d465707ae5dff49baecadd668261174401ff87819e	6943451	train/00868.npz
f15a483d06e8f4eeb253192bbaafae0c8527f254ed38181a36009f8cc00e8032	8287470	train/00869.npz
ab95bedec556e42a04cb1a4bbf8b574704b9616737c77bdede7280d0257faa55	8816691	train/00870.npz
fa6e3fcb78875c73ed1f2a5cb0a978fb7dd8256ff5623680d843404266c5b7a9	7468124	train/00871.npz
14ab28027207133fe21cf71d792f69fe4d46d1aeecd204fa62b3d8ad35c17911	7322555	train/00872.npz
596b3e9471a96c94b7fba26528689431bae6fd53d76707288d7ed6a271624cb9	6649377	train/00873.npz
cbf39e40a33a838b2f874ba72de9874284d817f973bb405d34a1218803a9f299	5040167	train/00874.npz
7a92f415059f20cee770d2f4dcc5eb21b6c37deee77881742a4e77896f1e454d	6560706	train/00875.npz
75ccb8eeaea882b98c6ac993ec83cd97ae2c45839bb6a1d5e4307e34080909bd	8318259	train/00876.npz
71780e6d3600d4e51542a0c9c21032803745579837f01b96e7654318f1a6f896	12886023	train/00877.npz
c6ef47605b168a5c4b66936095ca5f8586647d13fafd545d534433289393cd0a	2959209	train/00878.npz
2cce5bd178a5ee5b23bcb1011438bf9673d50ff723d2a71c522ba7a143155133	7381285	train/00879.npz
8cfda9c340c210bb172920871c32cffab854f40c7120f9b3475fa5a2fec47121	5537524	train/00880.npz
6b26eb5511d0d925e80239b18338a21cf0958f584c7d78f737ab1011ef13ff39	6854800	train/00881.npz
e927fcd50b8419d429d5c08eef2489399271b172d6b28e5b9a96831b92b0cfe5	5158820	train/00882.npz
4a88d96aab1b270e952a5f592629cd560319402a66d84699840ace93a2d414d1	7557813	train/00883.npz
d3c84ad79f6edcfcc45df640830a5832c4d111fe3cd805699ddddf6e3423b722	7060408	train/00884.npz
416368141dcf9e5727153a2a5d7bae4a54147e9deaa87a16ee259e7ff6c0d4df	9897902	train/00885.npz
dcf9208a5218b9212d25ca070f73811c5fa214e8bfb26b0fb0d1c43ec1d2551a	8344608	train/00886.npz
49dabee451bdf026d6051a75cfc97dc58127417d4e3d16093bd8043a99ae12a9	5274373	train/00887.npz
0b97cd81f2ed357cc50bf089f604feb7d208d533147d41a391440dfc2b9d0aa2	8520385	train/00888.npz
bb047536bcae1e85ef8733ea5d87090560f8a11853e201b489bbd7cede1b8e59	6940330	train/00889.npz
74b6e9d4e3f41e50e8c141bd512747e1caae6edce193a54d3d6f91ba5eab4c0d	8638778	train/00890.npz
196d6d6366c2e8429eba72ed361e2f72535cc62f14e4fb9ff57f8d5c855f73f4	6090646	train/00891.npz
843833f94d4c8ca162e96c1c4ff9f52f4c27f9702df064d32d2ef63f5fcc6fcd	4804999	train/00892.npz
449da55bdab6dcc143f16e8662a74905866d533cba42b0b068f8c197e33391f1	7557853	train/00893.npz
3dc87cab2f17913f47add85a88ba8b0090d7966ab35f212503117dbe577c638b	6708126	train/00894.npz
5aac6e2accefec5ec018c4d44346e4ddae6f513e613f3176d8055fb2f393c33a	7819762	train/00895.npz
530bffb715b0ee028a9eef3edf85e3962bde5355b9328bed8354cadb2d881f84	6853981	train/00896.npz
07ec0344e2e88ee40ca2096fc9b480565cc6c06f0b17ce159cb3cc293138d3e3	7529617	train/00897.npz
f6d62c6afbffe917626100a06bb9450d2c3221cab069838625eb87170ce13a60	11040974	train/00898.npz
065bfb2c806c34e13fae40c6728c2c1f465c1bb45001a786a86a76f0f74b46ee	5507481	train/00899.npz
ac893d6bc5c147b3c7ae3a5703b3b30814a9e4a488cf9c0240958d0414fccac6	8085651	train/00900.npz
6f2b07d1e7f1fb8b19c714c40867b554fc12734b9ddbe0ae54a13dcafff132ca	6442358	train/00901.npz
daf184b96b689a8deb1f29886ef7e1a6c39ee0bd71894f98fb67c1eac171068f	9053044	train/00902.npz
c675b07e4da0a80f204adfb3d683ef169a78d7e2638f5b7d71f03775648a9125	6382973	train/00903.npz
d9aacbc6d5a66f88cbd4108246d08b83657ac9adce3e01a0ec1850e7eb91e5c7	8903963	train/00904.npz
f5af302beaa37e335ec2140760f757360643283ab4b656f997b4a99ce7c49f75	8989678	train/00905.npz
c19beeef4d9a96e1d488f3b623950ea6917928af94c069a478bb69faa00103ef	6240054	train/00906.npz
8383817a09a53580145a138a0f219bd519a67677d8df7cc6a9efe28d67d862f0	7674579	train/00907.npz
c5f7a46882fea46d31cf0626a2942270c5c5d56036ea83d426c6d33e5cdfd7a2	8754215	train/00908.npz
b5ce1cc01f68c18b43c3aa15e1be3a7e833d05112748a96bcb6d5a03c418c0d5	9929546	train/00909.npz
54d491c7279e39c0d3ebbda3fbb844c2c34ca63b21e92d4cc4300c45ebbfddd0	5389977	train/00910.npz
4c0765352ba265a263e3f8e0f56e86bc42353caa64feebfc49b1d0fea50ff4ec	7323049	train/00911.npz
3d2ace8d429c97c996991e8935fa9e7bb618b958228a119d841f3f3249e053d3	8406510	train/00912.npz
c96e3eb101af6ca92264c209ad84faed9c1ab88c5ccf2df2961d7280f06d02ef	9546341	train/00913.npz
836e276cc1bf12da1bde4a3577c4441689f05eeeef1992b75a2f0e971d2fecbb	10075390	train/00914.npz
3e0200cc5b616cfc7d1898fb8d8ee092d535a61f18500a2ca9e808e64985d610	7848692	train/00915.npz
a79daaea1372afe74d710654d285500a9c96e36b0e24cdf7c7301cd2b8ce63c4	11303374	train/00916.npz
bd1714855ab9c823193ebc3663b4e596b881e6d44fe2cda3cdabc5e5fdc24073	5772140	train/00917.npz
52f2a6532fceb745d7b4f8a0eab76292a38d8f429c74e4b06bd33eb0de358943	6328787	train/00918.npz
d117f3544fde3fd6f21fad209386e4be19eb741a70c8a18886bc577a925e4b01	8256798	train/00919.npz
2404b6f9df804fdfd97c0afdbfa9d2fccacf2542d1e3dfbfbc191cc489349e4b	7028395	train/00920.npz
a3a890fef9b06c15a12978c14d8ed7ce5632ed52ef8941cb9e30bb07bd5db933	10252705	train/00921.npz
0872d2e1b1699ba2101f460144a7e1919b92cc1617274d5f456b9dee56f511d5	12149262	train/00922.npz
195abbccf87e13735e09c1b377a2dd33c3fd49f944a982be9c67b2a197221f53	5390036	train/00923.npz
c0bd92e67e1340bfb28ce54830cfbcabfcc77473fa3911f752b007b511dd8a23	8083982	train/00924.npz
aca955f342b64fc0c2aa70d4bce001603b31b3e99c2bccd8afbb3db5a6386507	8142546	train/00925.npz
6f17a8514df835ff4469db96743d553d52bf621fde67bbcf5b1fa29b29177ae9	9720948	train/00926.npz
3f54ad6e28a06e221af53abaa178b795ae24e92b2157f08eaf9dcb014d79b55f	8289014	train/00927.npz
95c9deea0e63f8db48f9b04d26c2efe8d866c645fb15fe5e48a50add51b463ba	7819287	train/00928.npz
88fe62c1fc3145334d803859e0b9c227361566b8d4341e39f5dc317fd26579ab	8580163	train/00929.npz
0812bc7093db7b746a016673d8ef7ebf4eb7f6cb710e97bac8b5328b9c1d8083	8579590	train/00930.npz
fec7dc3ae78f5f4322aeda20cf46d97834dbb3c07ca921deed6eac5e88acf425	5859474	train/00931.npz
5cd86ae5537013fc67bd249e2b9513454bd4c3cf65bedc3f6f53751db00e1583	6441220	train/00932.npz
0cd624863d79a491629f8663c840da352ffb95d1421dc32a553d782db17965d1	6590419	train/00933.npz
a1501a86d68ac89511d8cfcb20e6a516722d0444fca9d932a9cf92b8b58bda6f	5478758	train/00934.npz
5be72bd94f78bc1d023a64ceaf45344759d15e1419edb2bd3edf6ac9b1af2226	7237011	train/00935.npz
2c28edb5b8fa2a48c8eeb1a7ff07dda5b9080b187316bf2814496f6d6d3216b4	7147979	train/00936.npz
d6dbf5d6e758b71d4c853106832585657d43ef7395823937384d719f0c69a467	7761613	train/00937.npz
de5f04a5cecc1a6948f0e2069a5c67847ad565022701d37e3aef7037be6b569a	8199396	train/00938.npz
4d162215c697358887e3cb8ca37196bf276c83148284b98364cc82d05a9009e5	8169374	train/00939.npz
af886e72457f8a3cdb03d146f10feb5966ce93c2ac2346cb5ae90b9aa0ec115b	16659030	train/00940.npz
1b50dc57dab9ef631090c431e2a6635d265cc13439f1eaa3a2bbb56d47b470e9	2404358	train/00941.npz
0814dd183dfc4c23b6702f02d01f906944abb2fc23a8fdcc35219ac5e1398e61	5976288	train/00942.npz
594c81aa14436a682ed53339a5eed9594e693737ef7db66daa733428d8670c76	12090603	train/00943.npz
2b86f86f6118cc6c1163f40c08288f0114cd08cfeb790dad75de4ae29b9b5d2d	6914166	train/00944.npz
30e0eae17427c454446bd579949ff95373b2c93fc4e3b88b74157ce4b77752cb	5244021	train/00945.npz
d8404f1f2a896fbfa847a670e64ac8f7acef688615ccd5bbf27632d88372b4a1	10775149	train/00946.npz
dcd47bec40ead7e20406af469105c1d0f6932c3ec098a7fb8db0369b075bdbde	9427215	train/00947.npz
94826ac3591145d36a6319ea4dc0aa2c3499a35b3a724ee9c8ff7b917dfa1b01	4745983	train/00948.npz
6749ff07d278dc9671895df19ba5a2351a37b46dcf09345559654e50d3b8f382	8580666	train/00949.npz
f716028431a2ace3defd966d5212f5542c3b94b120b57d3cd3581e403b679290	8286888	train/00950.npz
35b75746bfaacf85e74fd9d0a39a5bd7c7a6f79c8d06218218df600b2433f36b	6531318	train/00951.npz
6910f9e4912b0df9812b6ea89ed8f9a42188133cb4ec537df33e837244c81b8e	5420395	train/00952.npz
ad05b6616d2d385075397fd005a82e47c5c2cd0c3d9c37c0bad25c268409f147	8699977	train/00953.npz
24f619f9159064a87e7424cc47647615244ee16bd6671af3fde8b1e4b73682c2	9577907	train/00954.npz
446a53dabb8b211cc9d0beadf6a48616b75b7870d9477d8266dd3c57e0d37f3e	4162579	train/00955.npz
8c344074fb56d506e72dda34c2e2d0db5bbcadb1adc0b5afe6b0793c3ecf2024	8320427	train/00956.npz
610ff388a237e4c2e51fbcca9498360fcbd6fd8bb3aade6209a50cccaff4a5f9	7205386	train/00957.npz
594d7c10d1dc6986bda90d4fd6a87c13be34a210f3e785164832e0d4d724d417	7847219	train/00958.npz
b06b37d682543f7ea8a87c5eac2c590a8017ae4e17dcd219ed4bf610298b90b6	4335350	train/00959.npz
0d67b522a81b88c6774488de86c05c408abe35c3f453ebb1001cdaca5a909be1	6972396	train/00960.npz
c023ac5f7513a690921e4e3e38949311d237da641f245bec8881a1159da38164	8520022	train/00961.npz
a29fe4e2d9ea7143b2bf110ce91378a5cf79c90c4c04cb3590f7dd4fc6b12856	6677856	train/00962.npz
2fd02522bc12cca4ca1026de6d47d4b90f10cae15f85959c185f8c5f70dc3db1	9808113	train/00963.npz
4499c53a764f4474fec5b25fba026ed0ae04bb783bb57192deac6b6187c5a1b2	7146786	train/00964.npz
15861b4d61687c9700f62ab539ec7f99dfab7c5f410f35e3bd6e7097983ad71c	6620278	train/00965.npz
a174c2bad6ab00353f0950741e37a42530509c947ed952507d21ff9293eb2eba	4248155	train/00966.npz
cc5151f5d4911b377cf3f5e6f49917e3f7ffcc7b74138bb16ef83a8f0c0f9a08	4715968	train/00967.npz
427ba19c051ec8dc3811f6c26c902fba634457f357017d058321946b8f6affbb	7469018	train/00968.npz
3cdb4ebfe0a999f2629dbdd993a29d8bb50679a5c564b7355935fe50f25ca263	6591686	train/00969.npz
513caf8f1f6e230faa617442fd5099904c95f6278d222aea918fa0865706da5e	4922465	train/00970.npz
a4dac8fec1aeaa9fa77abbb04fbc7c1a9c23edc34051c5869785412c6d5b4ec7	8025639	train/00971.npz
d69ed4d306b13798f64512749618b7c99476be95155859a8404e3e848880bbf0	5714211	train/00972.npz
2af19acc99b618d28c1980b4af6b2cec751f0143689e683e1dcc94ca599da9c4	7147389	train/00973.npz
eecde72a30a49f53f8090a9b93d7125e774488d0d3c90db2fce0b01b4eebea45	3517017	train/00974.npz
657dd8119164dbc7f62d680e5f3e19e01cafff99a14dc59707a563f3ce764ddd	8140508	train/00975.npz
85f5753e20075d27498325e5909abe8f1af2b6c412d7195b44b842398a96398d	6383945	train/00976.npz
1e67937e1ec3e10888a1031b6416accfdee4db1fb09a69c8d7e3795de350a604	5214380	train/00977.npz
86f09909c4cc82a7f89857e11cb357b24facefd9e976d5b752453079983ce71f	10834854	train/00978.npz
d496f0c677a942c5e55be1e951b31d2b59e4294e920bf9da3c0d9f83cdf24f51	9374065	train/00979.npz
cecbd13e65108a91d31bef475d6648f6d9b83c4e312758920f021c756d30f2bd	7205235	train/00980.npz
b5e52d362064e1eb93336f13f95f0afd878eec8ac74ee2c8e33e855d2de441a4	8817135	train/00981.npz
f8642c7af5ff6e90ebfb9b14ac1c712839f8f090c33d0fd70b32c9fae53c232f	9402851	train/00982.npz
1cc308cbd18572d411c4bb50ed4cb5ee674f109ee8699cb6e72593253ef803b9	9113661	train/00983.npz
5de92771b570303c6f046ddf3b404d24d72bda1c48dc29dd6b67a0119db626c1	6471599	train/00984.npz
e4a7260f0d60df926296c999d33678ec8a1c497a38f4d260d0ef4cfc420cc879	8756023	train/00985.npz
421c908cf297e18ad9f681d64c2934e62cf86c0cdbfbcec0677091cadbb7d2f6	10306875	train/00986.npz
9af15ee75d670aab3c8dcca056e4e08d869ac2987c1d3f5b9244693ea57ae952	6443264	train/00987.npz
8e7633e8547a25c2610c9c075449f3561f5424b5e7840a99879f28692a7e2157	6268918	train/00988.npz
3daf4f5c1b086d9e1a33fbde39293cc447a0843919bdcacca6f08c03ff8f01f4	10133642	train/00989.npz
a1f0dba7c9b4178f717f3a42e4b009a5072d22964013ad0eac1275165da93456	6764449	train/00990.npz
36175f26ee5d908826d7a4e87284e2bd5748e54d7a0bad026be7caf38baa7b80	8611172	train/00991.npz
1ded575dac66bc579e98223eb6245c56ff56699dacabe9985f6444c5675fc849	7500231	train/00992.npz
edb6f250ad8153231ed6fc4c158bc1735c9b04978b1ebb15253959a94d702aa9	10104547	train/00993.npz
6fadc59e9ed01b982eaa5ec3524b90d1f64e549aea74213d383ea7121c79dc5d	7997349	train/00994.npz
5fae380efbc43972e0cd8953d3f0d10d65e40b6dc281839aa3f8bd9c005f844f	32878489	train/00995.npz
bdf26d604008b5af4347cb701abe67380f910d29b4e0bee70ad369e9321232cc	8375625	train/00996.npz
3f9d78af96ed80c30eb9f02ba3488f2eee6207026a6bbed8d21ab46fbb83ecba	13877881	train/00997.npz
58266b80e3f6ee37aa9e737567cb05aea886d064441e109e54c421f5a40989ba	9198082	train/00998.npz
fd5e5916037b11f08d0b16d264888cb6942e30fb53aaf5fcd4cfd0503e8c3666	7964438	train/00999.npz
e4aa73ccd4008cef730dbe395d4578c1a989fc69a65fa108dc169c6e7855e97e	4481448	train/01000.npz
2323f848c9350d4127518e522a452c436b34b58114b156bceb9807335e9d0e5b	8139132	train/01001.npz
9d4fecaaf7a0d0db12b4101e464311bcd89a4e4766b6033df0373c93976c0b72	6296571	train/01002.npz
1a7ba0fb5eb5b081089d0b77858316c089f950da311f7a16f0d40663dad4b0a4	9396990	train/01003.npz
8585d7074c526cef903f5b7a6d59ab2dfe41c39a8829750d90e50bf227745503	7877571	train/01004.npz
e6c0e8091d5ec8e8a2344ca63093692e88da8892d8a0996084ff7575f96d92f6	8405891	train/01005.npz
8ed0d38fd92434c1ae91268dd31bda08ec0930aaa84b7228a989b91a216ed93f	5330692	train/01006.npz
d2702cbfbe415b7f4e30a1a1d433f64500c8b9fa1a3e226ea1a05517812af375	8024753	train/01007.npz
758df65aa82860effeafb197090d0a112c5ad96cace4b79295f867195971046f	6123215	train/01008.npz
4583e6a3098316b1c3bc7eda38982fe16d619302a96f4f725c9ad71bd83769f2	8902430	train/01009.npz
589f4f1a104e614cf0e05d2e92463cc0aff888583a2a2891d508da07b07dfa46	8613272	train/01010.npz
bcc08568c1b8b185335a4af0a8ca83fe7eb24fad0ac369507035527a717aaabe	5917306	train/01011.npz
373dfa2dfbddf043e3ddc61dfc303f666089e0ce694af92f80278effcfa4f1c7	10801943	train/01012.npz
1c66966bb504bb86b7cda27d3cdecc947a122d4f4a8b74c600c5073473c85b40	6559674	train/01013.npz
6ccc1d3b84e794c3ef44f9a8d559fac004121ff2e25d69bfeef30ce995e499e1	4629084	train/01014.npz
eca8c8bad368a589952edb2edce48698ad1c34fc7028fd5e0ac6aa5df4c2474d	8052719	train/01015.npz
cf24fc4f129b9c4cdd6c71354e49cd9361ebc22fc4d190d8ba13c807632935dd	5157390	train/01016.npz
23159eaff6dcfb97367179051c03132b311bfede8d4d4197ea75263c8cd89a9b	6650588	train/01017.npz
1569ef648d73921c3337b9a46808972b693d71607ffaae80abd1d5f711f2ae20	6648918	train/01018.npz
48a01cc897929ee3b0915f82b960b77ec4131685bcdadd6bc7560cee1718378e	8260471	train/01019.npz
1feedeb8f548649691c26ceb6df90877a93298ba9b15b0e8e4f4e628ccb7a847	7847096	train/01020.npz
53f7c07f0f45f911067e519b1015a673d24f7805bfb5d3978952298d5aee241c	8462255	train/01021.npz
81f10fc131a13b424fe4b9732b4e7e74cf076f0407cbbf17a703099c2952be17	7408852	train/01022.npz
31b44a7073790ee893b9d8181c973e3519c23cd06736dbf97e6e5de5c9a4dadb	6123455	train/01023.npz
01772b47c36e12962bf74f985e15cceb3790773cb34facc8f02d303fc5139284	6238069	train/01024.npz
2dfb231dcb275cdedff8a85ed36560953e912bea537cf2373e396859da8f4d2d	4803094	train/01025.npz
1757db8789515cc9e8d470dd435cc8e0f1fb88ff01e9a81fba0ec99674d97ae2	4103118	train/01026.npz
213ae090be5a466d096a3b4efa65661dd659b4a228a7c3f7edba7dc7af3063b9	5418273	train/01027.npz
11d7a8274a923c1d2b8313c629978a2197e881ae32f99818c30f1929c1df82ec	11126848	train/01028.npz
66325f87ded437e9aca77b05910e2e6a3daf2abe91a89c92b1d9973755f36781	9106530	train/01029.npz
53e97ccbc9cb4d323de6dd92c0d5c11bbed4a14985b894b55a2efbd53a5f69b1	8699040	train/01030.npz
78128f744d6a56a9db0783a8260cd6e415f2f2df62fda8c5e71095bd0305f825	10512637	train/01031.npz
b36c73a456323ce4a1f118ff06c0c4bdf15d390fc9b968632ef8c5a75a8dbde2	8113153	train/01032.npz
16df19b17d211039f899e06785df552c35a9ae19bee6746752ef73e5f3f54093	11537039	train/01033.npz
ed76f50a62809f9bd05a4143708ca8d30a9eb70facb9c386ddbc65b89f8f4512	14559673	train/01034.npz
4d31188936890c79a038ad7184fcf1b833a30c7bbda722812f058e0d2136b8a1	8140043	train/01035.npz
1ad569e2c0c91e4b68afa1a1893da29397678a45030661bcd5fb85e0751bef68	4806240	train/01036.npz
6129fbfc28caa41c8c0e569082df0609f9b942b99c316e3d3f4cb575abedcbaa	6414044	train/01037.npz
e68dfd2800a3d18a2deed4e2a9db61072901a38382bcbb8330e06068372028ba	9254704	train/01038.npz
c241942b28b62b4885d3525cc1e297b091d53a221708381009f5e63e6f13f16a	9139651	train/01039.npz
756d2ce8c006eb3175ff8ca815beb0995073ecda8984f6ed9ab7aa065748f9b6	10631155	train/01040.npz
1ef3efe21deb4da1f07d695d129748a6bd36c9babb63fafbd6d01345ceaa0dfe	5594847	train/01041.npz
6fe59d1962280578b7343efcd97ac56449a54bdbe56e2dec87ae449d392840ef	8435637	train/01042.npz
bebc1ae94e01ae08bf96f157bc4f563f9f57f26d4377b183636f4bdf38088fa1	8080868	train/01043.npz
4319c79386b71180967b2682c855450250c03eadee3936002ced3fc9c4680058	7231544	train/01044.npz
db0e2a87286170f926c3696f14e4697ea47402397ef95135e025683a78b1a63a	5711692	train/01045.npz
0214cab2b138070b5ac9126bf72da8161784f846a82d7c2c7eae6021ccd79132	10898036	train/01046.npz
da274c5a0f5584816daedc4513e4dc5b3fadbcc031d2d80bef93ecd393a0aca0	6648968	train/01047.npz
8ed64ae7ad0ff06f3563d12f5cbf85ca16bb38e8fbf2dc8428c8241aa02b0048	9459492	train/01048.npz
4dd67ede93cdd282b6bc95ea23b074e075c2e466b2392eb622ec0f2201cae200	5272844	train/01049.npz
055c8a6c6a2d1a46345564f6bcc00b97645a4b745d6cd744e26e1750a3f4e431	32207354	train/01050.npz
704357270e8004cc212d63c3c3e7942aec0cc581bd22a164c336950adaa2dc06	7265143	train/01051.npz
d037282d85bd6760905f899e45c24faa5ac118628445c9042565e46a39f567c2	8842719	train/01052.npz
556d4d86f8194d3dd466eabb02d47cf809c2e348b6fb300e65eff513ef587e46	5946166	train/01053.npz
4dd6f577f0414badb722b3b544651be6e849f3279b5c01ff4ae349b980a58d9e	10190249	train/01054.npz
ee1a7849cbc7987e26fb853670cc75c13336b74c9bc07b254475980916339645	5856611	train/01055.npz
03411ee5209c4f7f8d8fea61a101f82f51459be2d920a774071eac5bf9449a0b	6064500	train/01056.npz
7dec8894aab78adf0a0d1edd1e91a9ca8cc634e23aba0c3f30c9b6d6d71d9402	5626286	train/01057.npz
faf125a55e64983e2960fa6a329a5e36377ff1476c6c39d85cb9f8ee146c5c65	6910003	train/01058.npz
f1f79b333bc9773f4f7ff77b05309efaa5d0ebc2aabc7d05e053ca56f0cfdddf	8785017	train/01059.npz
89f824057c07ae7269f228d08176d1745af7f67247bb1082c0b5090584d8e761	7119382	train/01060.npz
b49768597e1679f3bbdb6f047e061c4199953adde8a597463e5d4775b28acdc5	4979287	train/01061.npz
9683973165ec80fe8ca1d4e0fd3cc2c1cb126559068ab495a04262675cfc4947	6328246	train/01062.npz
3c65c83e9655e6cea607a230af52586ee4558c6712369ce4e6a03bf2a4421538	11539105	train/01063.npz
9b8979e85f1f434caf1caf0fbe6c7bf4c066595b785206a9682b2b5fe65b8c30	7290512	train/01064.npz
132b79413fc119fc60d01946cbe159301026b0053bb161f0c496b5c5382131fc	8993035	train/01065.npz
d5c511a441ac60a95e5fb3332193f81ad0121af5b7f7216b937caa294810ba84	6474406	train/01066.npz
5122b89119d0cbc3884c8eed18e5f7aab86ec56dc2e059b5c75eb01b57851217	8434824	train/01067.npz
61e8d9d7f8f2de6361f3ff61baca34f81a07c9059a43e8ecb93e596ca19b893e	5711947	train/01068.npz
9cb319bea446c01b0ef84c0def9cdce87f5555dd56beea37bfa86180d27f3ade	6210449	train/01069.npz
1683f12dd10e288ad761daf7424435db61150b30aaa2cae851f39aa6571b314a	4657618	train/01070.npz
f74243f910321e76e652c5b75f3ad27c78aadb42848a0afe8536578b4a6fe16d	9048044	train/01071.npz
9723a52800c1e4694fa14717fda492a57f5fadaa77b6996e3709e30661e3ca95	7118102	train/01072.npz
f36d00123c13f69961082367e8876b21674fd74c277889a902a278d5bdbc1133	9604403	train/01073.npz
1ab59a146fcb3e34355a9d877d3f5706f40260e354e97e2d2815ccfd183c4bb9	9424959	train/01074.npz
7ed8509c8ae32a5cdcf717f487a9e78a3adb4d213275e58bbedacfdd07fa5d2d	9839289	train/01075.npz
ca31d70d5c198902dd0d7033f5d25493ba5a6bdd1889142850c758b46be477fb	6354149	train/01076.npz
9455499b2fbe08e0e87dcfd8ab4535c9534ed83c1415b84c0f1487a8c45b6f60	31610648	train/01077.npz
bb70991d77ebb643acf6fae8853bf0f38d66ed629969a4925085a33bec480f07	7265319	train/01078.npz
5ede103c53db18c9ede70e93eabe5d252fbb81e745a25a5830513a048119af84	7380234	train/01079.npz
690d5b8b23f81f459c062193f0f4431abe7e72fed4eb82f53df00ddfbac1c984	8433749	train/01080.npz
a0b950a43b98db90acb923e9e3bd7b90f8809edc5f463d4806669ed998adb170	10983142	train/01081.npz
7338ab379eae3b369e148888af64c82698da6783cde0abe2111600a425cb339d	8934208	train/01082.npz
f09c71987ad8d3edcb9af8a68ffe09de5ace5d0740ea09be2d47950004f5bfa9	9079918	train/01083.npz
8319cbb552acd1d431f020a748b9ee2311ee0d6837abc670f9c58a673c40f268	7350615	train/01084.npz
893bf3ceaa80b781b9defbac528fd2ca91d95817a7c5c9add41707b297aeb335	5596059	train/01085.npz
d269b2d7eec3514a22b8d926b9560ddd314785e8cebcb8950d88f3ef41c8fea6	6680203	train/01086.npz
fb0b9180cb3edf8006e46d318e63a3fa3a802a82b46b4aa92a6181b1240e1ee0	9898530	train/01087.npz
9d343d70ec9d16babe252fda95ba99f605c1d7b0a959988acf25a84b4420e602	7820158	train/01088.npz
1f892cf40891a5710e30858e063c39dd5289b1e84d50484c14409a2365637839	6385603	train/01089.npz
bedfe7d8467cbf18a613d6840ba5cfcbb02acf03fc89f16ef5f48e387ac6e7e4	5798633	train/01090.npz
6e797428a051520ba400c2db93ee2033f2af553f0fc846e1b992f802257f9929	10189798	train/01091.npz
f2379a6f01b789036275028502ffcb64214c550e89d792fe4dbab16df3dae66c	7733680	train/01092.npz
04d5e281de427d399f1abab2fde3a3ea5c8c76c457234ffcae262364148b0bef	9370911	train/01093.npz
1605457f3e737a2a42539a151236f6f002a26b22e236ec4717a316290f6d6c18	11012862	train/01094.npz
68e3d6464fbe939983c4f6dcd5c5f266c54d84808ba2c7fcec2d4d9b62438655	14530391	train/01095.npz
4026a16e9e51d1807f79c736ea02c2adbb8d7bdaee0fee8c9b6f71e52a8755e1	9021331	train/01096.npz
0efb836cac9436c19371ca34d5b9bb78e45220b40ddcf59f9650fb40eb6168cb	8873484	train/01097.npz
c24be9a0ac20630af0e0c1733e15ae588cb25899cc136d4eff8d3359321d3962	6885620	train/01098.npz
62bd861d7e0e918a5543ae2cd07b50afee77a75cc14d23e28b28486ceb60505b	5417621	train/01099.npz
98fbcaea3b246bf1ab10d9bbd4504f8efa3d40352fd21a25c191c83c252df2cf	6181452	train/01100.npz
ff222db4575947f60750ebba119ebfcfc03774d15831863cd1298db4e717f755	7759534	train/01101.npz
1b9924e7dfb16c77e12a71118716fa9a6c51edf2f70b84c340bf436fef795e2a	9782361	train/01102.npz
5cd6b0b9e905ad1ba76afc4cb3d96ed0261f479dce3a9a3697ed4ffa2898c166	8697337	train/01103.npz
e6b52dddfaf96a1881d4055626be5a8d72d697a951054ed3d4b4bf256377583b	11067915	train/01104.npz
ba4ebaaa3a432cc02e73866ef0c2dc742110e08cf06ce8a4cfc269bdc4986087	7961830	train/01105.npz
b77b7d4c50db3096dfb985deb2f1481fbee29779662786914aa54f57c645abde	7908203	train/01106.npz
018e9ddc1ed87836ddb97a224b54c5bdca44e651ad6ba4353710de7e1d652ad6	4776013	train/01107.npz
016d1b009f62ead7186650ec9f8244638f2f9d06187b1a616aab51897fb48b7b	6795648	train/01108.npz
278f96c60a7dd74a859dbb2718b2069cba5599abef3f5dbac03c9e74eb413395	6768705	train/01109.npz
436f4f2abf06ae77f0f5794d5d4d2c6cc6359ba55e501e149bada6bfc2fee176	9722887	train/01110.npz
562cfb2b23372deca6d31c54ac7b9f2a02367d7463431f47226beccf99235b40	6414499	train/01111.npz
82218e1e0745ca4995db01875c6b467d9a851a8fc1f6ede43abb08ac77d00c36	8203287	train/01112.npz
bbe36fe76efa248549654b8759f655387776b4298c34e993bfa0971ed01bbd7e	8548252	train/01113.npz
28018010fcd429bf001203f9ce6de8c47ea05da8ce7ea71a17842b0fde601216	7909361	train/01114.npz
65ef74653354807ee5059a9448a0d3f024652858a0b701fbea8bba5e24869d98	6355071	train/01115.npz
9cac8e7a7ddde3b6cf96513c5eb93c3a21f349357cecae7a9e66ebe600ff14fa	32506086	train/01116.npz
260d871186cbd5a455aa2bb6666286529a6a4b3eabf214d7b6c395f2189e9ae7	8171724	train/01117.npz
5cc4ecbed634c94d8d6368bcac6340ee3ae469b510e7b6ead076bddf2677a501	8289639	train/01118.npz
7d9880100cb8bdd1a789c043627e1ef4f678b3a7ce996ee45c2244b01841721d	9049530	train/01119.npz
2ec2c11b6c968de23e03b567d1551f332ffe846573136fe014a39d586398220c	11831283	train/01120.npz
026b783c016cc5acec8e570b473098905b8a27b231742103d44732c605ea1a66	13849297	train/01121.npz
707fe6953d4500aba9e74503f4852d96857cd3d6dd4e1ec5e255b6c9e291f016	5096757	train/01122.npz
36a6555a826932a49ed84ffaa4dc191940d2b04266a12ff4c5624b53a38a1421	4452741	train/01123.npz
707a0d14eb22b9ef92c2dd3cff7ca6906c2372fb244002c18c188be700070f96	7674377	train/01124.npz
100bda14b7cfda40ae63cec9c7dd9e1f2bfa83580f580825b8dd69f50520b67f	13410309	train/01125.npz
7767d0c836e211d69c19f95dda171d1a07f586e04d59acce8b943cafa34c6e38	7527270	train/01126.npz
8b198566d31eaf13ac508ba0dfa214960fb80628574f1c63272de15fde8391e9	32468006	train/01127.npz
a92b667b0afdc267c95abfd039d3ff4c4698d392b61d9c7c528fde102997d8ee	6942798	train/01128.npz
be77177ae8de7ce1c8facc03a376b236e195d5e5191ad8c8eb64731c5504b300	7060368	train/01129.npz
33b5b3deb0f78a550b80f1f6992ec139f534ee2c4a2530f045ee1c678ca0dc7e	11768520	train/01130.npz
62575f95d2e81fb5c1eaaddde73ca2fa73d7c35b1aedfbfd8d0f6dbc5ed6087c	6678895	train/01131.npz
87ac2e08048a005aaafcf2518278ed8008706820929443ffdf89f56990c94a3d	6062404	train/01132.npz
e0f6d93511ea96687f570fb36e436212c0be002671666d27b2e04a18678c394c	7468307	train/01133.npz
2ba35cc149d23235cfabd5f5c703134a77bf2895c932daadfce060e00964f8f9	11833359	train/01134.npz
46f353ab3690aacc94282c2e5e3ca51d052afba4d168eb02c487bcec0a145772	5798615	train/01135.npz
ad7f5e970b4807f5c1405d886274ce6de750c713690eddf11f66051107984320	8081390	train/01136.npz
6e81568c621ac44835a2b0487ac45fe55bb9d22949e12024276473a0d870f000	9810088	train/01137.npz
c921ee431939986141e06a20822ec8f6c35fa38e06512a1b26ca5e36acbe844d	12618281	train/01138.npz
69962f18fe214b13b56e4efc8de5d3f514e7465fb8ddd119fa936e01f8c8f3f3	7996928	train/01139.npz
d06847a98964e9d21d3a3a52dd3b3dcdb0b2f05132406cf75e1f4f8e7265881c	8989788	train/01140.npz
8da9afb953ff37b0211a440b1b834f2714b0789f57ac83b4d71ac313cac856ea	8494152	train/01141.npz
e5df309a547b932fe1fa911657dadc5b49c1f32ea728521da1e64d539372daba	6298256	train/01142.npz
07339d3e43e98719280c87fc302d520c7765cb40bbb35c43a6140b1d1c44e7d7	7555373	train/01143.npz
1143ed1dedee1ff352eef1d86d9614400746a4a149700bb46ffdf6d6cd773589	10336587	train/01144.npz
39ab673439f7e64cdcee99cae56d142089b25c81574831208fa0ebb0ae436726	6266246	train/01145.npz
2f4f6b5552374fcc58351d16ad7662b436513faf463e25bf7ce134f953595b06	7613193	train/01146.npz
b706162d33631654c79da87feea57122dd18b1d0d6fc1d96d2e822634c34dbcf	9809638	train/01147.npz
8a3309db860bf8e71c9e936a6aa383bc78632fd8c8893f8c1a470a0f475e01a7	7588039	train/01148.npz
1f9e5f798b7efdf5905b8bdba0f5928d9d5a755b940c81c8a92d4489c9e443bc	7846509	train/01149.npz
ccd4ecfcd762088ca6873ce3c4d471e3e6c91d46d08c2fd74aa15f6d94956edc	8112620	train/01150.npz
6da9c007ba66abd0326fda681406ac1276cfde51bdb28bd9ceb852c1cb389296	4336620	train/01151.npz
11239a18b7230b02e89fe82e85b97b25892dc7c9f44c8bbca7ffd94a5de623cf	9192754	train/01152.npz
103ec11c34570bd37b6b2ced0fc076764778b27780382e0bd2158358dd1f77bf	10511507	train/01153.npz
83bdb6fed5021b74ce1c89905fd04046369add4a9217091d77bde38b3db6f4fb	11478359	train/01154.npz
158b8a5937e668f1da100d4ee0c74a3929b4715228f02e955986fc133a5dc482	5918301	train/01155.npz
c30d55caac55e6ea90df7d218df2bd3842160a2edf9d3d666b7f09a9d0391e87	32427424	train/01156.npz
e11e6d6253a43d5cfcdc64ac0b13f75de962e08bd01e26116270376420af1601	10192940	train/01157.npz
9a3c567bf18f82f922192243555fef2f97ab6336e75895f764e2a46b57f72fe1	4892272	train/01158.npz
6b005a112cb99a69a5762d181f3415059d6b9e70ea75988957f6dedebc834324	8813826	train/01159.npz
476e74012a602ddf16c4342bddcd39400d870445758e41541045b663bb1669a0	7204936	train/01160.npz
a1c678287172edaadf84f85a3c49f2d70c0c8e62ea201afdad768dc1edf03a0e	8405940	train/01161.npz
72fcfdcbd6c3f67ec5197b1e7d4ea7c5bb0baa9877968593f1d2128c1ba3b9b8	7438823	train/01162.npz
4284a6675f133f5ef0cc3b7d89b9781857ad9c49c02febdcf8eb05b4442f150b	9197831	train/01163.npz
b9591b6a12497dd83a302202665dc22894401a90519bb2a5143842cf237f6b60	9491140	train/01164.npz
d8848e16ee618605c67d3d17184500ed3fec4c1b6daf501d47ee1bb1bb505866	10804923	train/01165.npz
4a5cdee0c0b4425a04a6a2343d1cc14f56e10fe5960b647dc03e96c98ea40496	10424447	train/01166.npz
ba9d772e947e0038a11d02f80127eb0bc1220f943babc8796a832fe23624665f	4219802	train/01167.npz
dba73d609eadb43d9b9ae151d94724713a3464e0149f2e29d20b5cb577a5c043	5654964	train/01168.npz
3c29edd7a607dd72e13d382c7cfad9f962d0b2b6cf58119e5b20db13ea9a47c9	6677086	train/01169.npz
0d0851752c0ab798d1e44cdfcfe405aee1c7c8c5e913d76bf36f3e1713b10b76	9690840	train/01170.npz
b745fbaecc94deef4b9692d2b63590a4091f0630d92bbd14489ad1089f00f0a5	7380690	train/01171.npz
155b86aba593dafe203e17cbc739f84a3a86b205c134f400347c080c1894dc40	8610948	train/01172.npz
edb2f7723b9d7680603ad353e380b16a059854697c522d42bd27adb07758e9b9	2170271	train/01173.npz
76d77ae75cb797e771c4810999094b75c0b15510e7659ae6ce7eff7a4bab651b	8348985	train/01174.npz
8567fdf536c7ea2717ec0c0cefdc08e63e0180831b707e0c876ebb06a11d23b8	6035635	train/01175.npz
f663555f06d912d31477e0488ef510f388672c9c35e654bbd32d42c962f70386	4863852	train/01176.npz
e934b199bb963656cb5cca8c54af8c6a2438c04a3db0e447e297efb295f7f0c8	5856182	train/01177.npz
e4fe4128be228660aa4ceaf790563c26b60f8cc5ed6136a706f38574363cfcbe	8464287	train/01178.npz
614a462ad644ae2e931a2490faf9626032ff6595182a286e5b788b3da059d5d5	5772064	train/01179.npz
2e321627b28426582ecbdc8cb986e7d134f6ffafdfdbde9c2e6403260ad9dba8	9749798	train/01180.npz
2ae012c24cbfeda35d342d24a821131e1ffa13aa256ca0576b6dcc7d59189a0b	8637709	train/01181.npz
8329f2cfe4b7f8b051b8dc62874848eacf9ec74d2bf79f45471018ceadebe42e	5449175	train/01182.npz
1e4fdafd06e917b65a1bbd8e9de585de67f1118a23cb09abeb6f282efc8d189d	12797064	train/01183.npz
9957ad17760911f0409b30eb321a6ae494ef650adb570ebc8e7ef46a0610626e	7527926	train/01184.npz
c80ee3819022eda49fa4b29acc115329e7f4fb77693dd44123b81b1e9e6b6b87	3838826	train/01185.npz
239367008d98a2fc011becf4f618218a1a0c0bf07e14293c832c201c77c31a4f	12295760	train/01186.npz
bab0b02cb08170255c6f40517d62953397ac363ef55f0f560aaabbce6327b32e	14466211	train/01187.npz
c769f65b3ccdfac39b5ea3aad40b55a02094ad716a246ba27d1e10ae50561c0f	7759474	train/01188.npz
1f52ba0197e4e1f89ae8cd93b24b1a35f769a2190e11e04592825480a6ba786e	12501401	train/01189.npz
098f8801012ebeec8970556c43b2f0eaab5e4e78daa6d8caefe59b76092a041e	32299268	train/01190.npz
753a32b5ef931bf19ec4b62fb67133943d35dde782bca261590d38a7c8d3ba6b	6415314	train/01191.npz
72f726e2a14e80ff082fa39bba5d9c193b8def8f3dbdf8e0bcd1d3aa37759329	6092508	train/01192.npz
e6604e59460ea3b003729a35328869d9a8fe3c83de2a18b900de9e83afade6fd	8874554	train/01193.npz
22c77c7958369d6ffc8411ed781d4f09d6e71752937e27661b56743928b03621	6033191	train/01194.npz
3886a439b21fb4a4ef807cdd498fa97da8c60a9432cabf6cd94d31ebea2f77af	8959558	train/01195.npz
9dabb018d6275ebb1849dafdabc5e5e221c6a441416c57909a61751f27f07a01	9695551	train/01196.npz
e73181d41fb57f2e7c5d6c096139f5cd26a40876d8e9e1597ec6f2089cb92276	5654021	train/01197.npz
919b18baa25ef3fab91d285ddebca9116900ba8f006b694ab8549e9f3d8e6b1c	4101455	train/01198.npz
b8f3c7d9d94c12efa274da653c1783cd1dab76f4ef0e5db4dfd2130ef95e1b51	8462809	train/01199.npz
5bebe41722d565c92652647ee786c729d990d62d80ad003ce32c0a609d0fbe8c	6209910	train/01200.npz
d9fee756028e3f074d1a350dc42da4e967745af71c95f838c1d5379370fb349c	8114932	train/01201.npz
b32a152910949188dc76b7de805919b4269db89091a67f2b8f7fa2846647cd4b	19441538	train/01202.npz
b52284e6c171bb054f18d24ad7b8c8ca6042e027368168b76d514ed3be284f04	10042896	train/01203.npz
255c20bcc9a707d2531f76d393deb9c33b45048ecd59c13fa7e0186f91faafdd	5830520	train/01204.npz
d8c6f9652ff595d17caa5ec6dbd2459a1b88cf866c4be5a47ce97f804f94c2d5	11948624	train/01205.npz
efdbd63e03afae3251f44784cfd9c3105ad818932e2ca91b9f412bc3bd4cc37b	5243429	train/01206.npz
d6e1eb01e0ac7a1ede3ac43e2ee7a37edee379c8ed16b5236a0c41c642674dfb	8084176	train/01207.npz
cb7e6d0cbc81383626e6d24c8dc0ed03d1fcbb2e4a30b26a10c1dc4864051c54	7029993	train/01208.npz
60145207ea3009832f933da0843af38c0ae18bea884013a8d04301a2c7cf27d2	8613703	train/01209.npz
69a7727942f27c8a11b96303d943c2b04c022562abfbd60cb2c81e4a74092eed	5127580	train/01210.npz
e680d934ba1410ca0a379468fcb2d2e487e7aebb2f9c8b362039fa22f9ba7581	7058283	train/01211.npz
7e5ad54ea741a93650fc63716f34810c0f975a14e05f75e646bf31fce45fc432	7734857	train/01212.npz
f7b433c6db7b8ed62363ef6bc26d187d8ff3c7d0d9a5959ebce02258e19548c6	7438955	train/01213.npz
709871f8a5da62c458d737667589beb4dea3153e0f07573f58f9c77274f7e05c	3634030	train/01214.npz
8364be2b2a8ced3843763719084f163cfc447aa64ab889aeebe4293871823f8f	11655311	train/01215.npz
3945768354f0462ee4bfb9443ff4bbc4600919a64f42babf10d4d6c24178bbfc	4716525	train/01216.npz
f8fd839fba4da8631ccec4bc324f08703e1fa4517fbaf2d149ff9f88d7ec51da	8670254	train/01217.npz
18100db2ee74b9ffed321e5650216a0e9b593911c2d2f294ef83766ad76d257b	7116856	train/01218.npz
dbb2e89131f16968a3b56016ac12078c50d7a432b379092a967ff0133ead58dd	8493967	train/01219.npz
ae2f15a765094bc7368059deef56f5ea4bbb288764a5880288d5fd759e076bc0	8814002	train/01220.npz
3aa6fc9deb74043f34058b2ea336f6b58df5ef8df10cfc53ab4ec1ba9e820c79	6650236	train/01221.npz
f324ca4205a81b6552aa91aee869c8a32c35d581ad032bacb1910fd7aee0c488	8962759	train/01222.npz
22e4c43a05af0a99c111dceba6e6d4e1ae67b868b8602de8104d4891a1cc2da2	6239003	train/01223.npz
b23225f73f37657b9c5a22382931860d1ffaa7e3ac43b79a0afae5ef8bb5e13d	12765664	train/01224.npz
3928601aafac3cc4e47591a27c036479862603527d782c36843ac3ba1ac407f8	5565439	train/01225.npz
a1b0c5ae368cd7179628860219e54d16c43acd267f7b230c86fce5ec8edf2564	8902205	train/01226.npz
a45f48679a5f04d141bd54fe4812500b62af8c077b6e48c7369d6ba65b81c147	12940726	train/01227.npz
2ff25ae42a4733a7bec2ebae806ea08b2ec6cd1e898d374b5391263e1e37c185	8024652	train/01228.npz
967f7f6502b3ca3cd3f6b229e47c8c597da750f8f7cdbee765dcb13c1722219e	9255813	train/01229.npz
735c06402329f949fcf1b101ac550e2b8dff3b677175eaca6f815ee4e4e83a0d	10688042	train/01230.npz
8fab88d8ba93994eae0ddecbf8b9cfe9deeb2716cb528934557f38b1733d52c2	14114288	train/01231.npz
a5f55b92de97a23a8cba5c2a7cb1cd14508f96d1011567f0313057ebb19fb018	6617166	train/01232.npz
0bee9a2a815909bfefade5abee86fb55058b63c53b3485b6cca0974f73311733	8725413	train/01233.npz
e5068ccdbbfcd36e6876b37ba97d6ab05bc49cd4195bacecdb523aefdb5c691f	8725364	train/01234.npz
d740ea16a57a629d9446012e8976586ad6b0b6c3d0041656dba45370b5eafd3a	4599225	train/01235.npz
32f1e67acbe8ccf258537b974f776c4b9395f02547ba961d8c60ecd372056f86	7995155	train/01236.npz
1a86016a419843633a838f716d48bd2fd4bb64d5c1356d1d167bcf62780202e5	7410482	train/01237.npz
5429686cfb9b4245bd220fb9c018a21d47a2022c007e8c042ae180da9a057dac	6357262	train/01238.npz
4b311411ad071072a71c111679cd6621ce5f15daa13cbd330385a7d5555036f0	5303545	train/01239.npz
316a542aea60e2473c902290e8438174373c38d350117a813ced3ccb9585f852	10630300	train/01240.npz
38c771e8bb5ed2af8909e9164a21a0b007ba1a98f6e2c626e03f9bbe3b248b41	6621888	train/01241.npz
414cd94281f4b07e685808d0d961502050733bbd7a6b17f210c38d7b6391a6d0	12064029	train/01242.npz
10c7bae5032f2f4d3c6f0f8f5c4340b0be438cd22d35999ab88ce0603bf73850	5449169	train/01243.npz
84120c09615da0b02811d53c63548c1c518f39622282255dfa6489beb81e5dfe	5185452	train/01244.npz
6ddb7f6ad81cb1c4932c40f685addd0a6cd1b6666dfd1805034442c3bc42ff9c	8024951	train/01245.npz
7d2b99835bc3701a7e8452da9b025c9b2e6417e71e911cc2e9ce4f9078c4cdab	12562874	train/01246.npz
cdf112d133aadf1b05b9739dee3c7b8acd444fc2a5f7f1a61a2e0f194d8e0327	7322238	train/01247.npz
ebf2e7b63d172f5b91a821db0772a97fdc294678692ddf65f98ed31b9d2d2fe9	5099233	train/01248.npz
e86abfd25a028154b373a42c8b7eafb24c64e3d24bad1aee0f3743054c95d69f	9984992	train/01249.npz
7b888da7f252f3f9b1d0af022a4cbbe1f5c40f5f246a7899af5de8c873299c6f	6647561	train/01250.npz
a248267cf329f8ebd8611f5270b5ed4afda15804c29ed797f413fe3edf9cb26a	5828475	train/01251.npz
4fff61779b8b280a0b6a6733a6d7742a13fc2e0f85f572bd4975313578f06498	6619822	train/01252.npz
b2b6cd564aff7b4ed8e308e6c310abb23e7f61aa7f55657519824dbc5df1082e	9517299	train/01253.npz
a084194f07a96f347b05003620762f1642dd876b409a9cb2e64f8f5fd03d60d9	6885332	train/01254.npz
e89b029b96ba99fee6a1320df591299b71a81c529259a03b7bf8c9ca3065101a	9811038	train/01255.npz
391ea30319b72b7f9deee47b723e1d5a90c89b4b64dccdeecbd8ce991ded72d6	5419387	train/01256.npz
bda76be9ba72189f5cd14f29084c643a646161d9aa307e898b87b31c0ab00c6d	7055355	train/01257.npz
abb93a3f582191b29622fc528ff8f414cc71dbc9afe0dedb7035ac01473eb69a	5389507	train/01258.npz
05668b7d7d6aa24d30f4783f00328c5bfced3c8bb8c1411c847f67e03706eb1a	5799999	train/01259.npz
a2b05a32c098cedef9272c6bd72e225cf669f6ea338f76a2af08e93a3c9f2e01	5213143	train/01260.npz
74d3f691c68d92e97df0ec532c500ff3cbf8133e764c83f062742e6395fc6ea3	9316488	train/01261.npz
a0b3085b954128fb161cd00f98ed9fa3b99876e91fbfb99625b33c3925e9889a	5011767	train/01262.npz
c06d51c11197902819b946906cec91fb8b533b5a35713e50743a74c43a83b805	7790723	train/01263.npz
0d0ac1a37634dd35a59df14684e858c70f1264dd6e099f24b4d09aff339ff1fd	4629361	train/01264.npz
a18313b21b6ec646f15a0c459ecae9a0fe5e53bd6cf961320aee6908d543aff0	6441017	train/01265.npz
92ea3f22290c6c9fcf3155fd5ee15e8fce950796cd59391521d0c3e1d23b2613	6768677	train/01266.npz
37ad344013e572d7641a9bf5f8a578ca0c655ef2f13d21b30c3809109ff2f3c9	8257573	train/01267.npz
7ddafed71f3a84f0bc0a83ebf39a61f79ef502c55c7b1e42a7cd930f2c96b614	8640623	train/01268.npz
aa28429481112f81a6c6fa12f9716914de67007494e2c132ab575dc7b6872097	6441148	train/01269.npz
8482e5fd58e1fa8d6403bcbb0456e6803bbe72565a1dd23e95c0ed96c259d7ba	9603732	train/01270.npz
9a040b64d2d1a2fc592dc895d43da514fe13b361e3631008e2a929776e5131b3	11828678	train/01271.npz
cf016dd6f193c4aea0d9a761fa5125bd26a2caab184c0b111fc9b0b15a5e93a6	5651409	train/01272.npz
bff72c44cf89e31ac1ee26b801a16ac3678e6f40600dd7a2d673010104b03156	8143389	train/01273.npz
ed34c0e45e31b04199f93a59680281039350c2092c3b6958ccf3f8f1580b8f87	7408005	train/01274.npz
0514d1ea2fc94d78ed7ff00d91c50cf1133b8de68b098ce09d1c20c6445758ba	7147691	train/01275.npz
adce0beee09eafde25f8f2add9ef74e4d1a80caa8b0cc15259f25159fec3a29b	5302223	train/01276.npz
5faf0908dbe4b818c3de5c4ad793d16f4fe41212d87bde627e62c03010a8bd90	7499466	train/01277.npz
2df2d0c71e53019335d32c522f0d2f6d9d98326ffdf7cbef4bd23b268b8832a2	7558778	train/01278.npz
05e23cf228b1d3107e5c3eec681934b225f0cc1b4049c04b379dcc77caa20e28	13175072	train/01279.npz
f51e7c751facf14676222fb7274283698fade53d6815c392548e8a5c9a975bf1	7057188	train/01280.npz
90f8de75b4863c9d71f4be4fefe8cebdebc3bf9359a1915750fd2686999e512c	6825239	train/01281.npz
21208f302d92cebd05c250bae31825f4d2b2f0f5b762e412c580f8f3b73dc80f	11275280	train/01282.npz
d0147fa429687f666dab967ba4205394463d393d7991f9da596d9eda622db7a7	7027087	train/01283.npz
828d13a9e2e57950b3a2cd5d8db067870e3fbdabfca6c768d80291c7233a0571	8083528	train/01284.npz
3c7f9551532b9e7cbf026bceef401694a804a8f304bcf8c61668c5619a619552	6182134	train/01285.npz
3e60401bf2bab6ffc7b9703b521ec871d0b0ddc3732def504faee8fa521003a0	2580014	train/01286.npz
ba6e728a7c4f1c00521229f26fe0e6c35b673dc67d3a0c1fead7e7f99e1099cc	11217452	train/01287.npz
3e1f8d36eaa885d0f2f1dd1ddc0915c6bc819914157dce0bc73a54038d26dc6a	4863258	train/01288.npz
6434ff7aabb67f6af805336e88cb7a590174dae17aebef03be70026164b0a178	6385069	train/01289.npz
a3b0ca8cf1cdecf9956e298f9434ed059060d5283ede3dde265a27d7927a4105	7645310	train/01290.npz
cbf217dc85a2ab04a180164aaa0c226e3820769db8fcf61efec9289be4aa5650	6503997	train/01291.npz
b2233f29e7c226a734612c42bcc7b8be11a1219b2a5f92c5a711b7efd4b1fb37	11071410	train/01292.npz
1eef07a75465aec31bf4ec0e59dd7847e17c90f086ce29a5b09984610c892944	8522521	train/01293.npz
e3c3de6a196770b45c890fcad0f67450b0e7b1556140d38817e5a69330a3fb3a	6328434	train/01294.npz
7219c94b83a0a620970e50b3f23e3ff7c7b8021658c9a300de95a2b48d16f010	5565521	train/01295.npz
a3d6b2379dd1ea394f313cf2b8d69f7ae7972e74eae6250fd7d5510d4b169b1d	5038017	train/01296.npz
59e090b9e1ff2f853048b957a7945ee6b65124e34577e4c1a5882b996e3e14b6	7878479	train/01297.npz
64a01b22df673714407109b07299da9cc08b7dc2b213136b43f4c427d8bc2660	10280488	train/01298.npz
b617a733409d0b5887a7c17b35d39ec5d010f7f9b16cecd34744ace1e5adbc92	7322361	train/01299.npz
dea7c5b8a70bc11ee85803f4d387fe81c1c12101172493298544c6db57bf9776	4131892	train/01300.npz
f984381da2750f6c3ae9979de75069fa9a17b23be67391a5556774be2af492f5	5449811	train/01301.npz
365fe1eaac338294c3a8b4c8721d8f630294897580827e7c5a65402e21d2247f	6650028	train/01302.npz
e85f1584e2054fc84a2aa8b35edb6d33f3feb4284528aaecdb8cd3454f3e12c4	5536941	train/01303.npz
3b1e13e1d94915c54d15b6f682e7d9aece576ed2b82d11d42fd3f63587e39848	14142931	train/01304.npz
3a0d7d3131416b48fbb0b585d5ff97e81773f3ba28e21906632126cca7a8a0c0	6153019	train/01305.npz
91647ff976fbd0c719d0d4b13a9cf117ac6916bf0f6aac128e799816f11a3190	7613906	train/01306.npz
eff24f0b35a94428730d209478c7fc466c6885661b9f250b4a58736c4c15a425	9985689	train/01307.npz
bceffe6cc95a27ce451619dc554d888efa15087654755c0ba719d47c28dfa93d	10835994	train/01308.npz
3afd26a6f62a763fd8134458199e5cd1f609482556352f3a7c6ffe3318a039ba	31696909	train/01309.npz
a73e9ce00193e7032ee29dbe9e092dd27d8204bfae00ec1e546665d776659b6e	12091981	train/01310.npz
5f2cf7eb4dc20f13fdd4e93e669ff4e9e9748c8495a31dbed36f3418e649426b	7146139	train/01311.npz
a2bc296e6deef070e3f1ed85c6d3ee5a28297e0c7b7f1ca82da150948d327df0	7028772	train/01312.npz
b9e3339dca93a277045a0278f63e43405111d2316cff9fd8be1f887b57ae2267	8697875	train/01313.npz
54db835bd23f694d443e31a33d456a727468f909b66a224c6dfc634bfc5f7cf4	7175493	train/01314.npz
bc288481ca07fa2139210d350a2729869b1a5d05520768fee88562f2b4579737	4308553	train/01315.npz
211d0d8a1cd4264e4c036bbf7094afc2df31d74af250dc6899c38803d5917353	4570499	train/01316.npz
910e6bea2d67b206b1c28170eba421d7e671835d68e73c7501f857672080d9b9	12156973	train/01317.npz
fe17e6ad26403151a2ed11f7d5a0db92771d7cfa34acbefa4d4153de58c25e52	6357607	train/01318.npz
f716f73bab4dba11ca0405a7ff04d1733484bf8a1bd8bca3a75c956da03df061	8111512	train/01319.npz
342da655f12438e2d765e2a96547ba7aa25f6ea6cc77f566a402d12693a92623	5797624	train/01320.npz
30f12c008ff98743f5c0b4bde5e319cb9df692999361d89f3bb2c20351e101f9	8669332	train/01321.npz
ee9c8e2795ec618edf0de17a0ae34230a7ba5b841a46d57369242e09e569c92a	11509215	train/01322.npz
f2e84ae3f8ec2f892ccd0c7441a398772e3684fad01648b7b798a9eaec8d5187	9492632	train/01323.npz
87147c515500094f654d1a7c6977585cf64f573710fd10cd113c84f1f4cac06c	6444007	train/01324.npz
41992fa2a838457918c67512e184a23181d2f57ed444a975c6598e24d4fe10c8	4804114	train/01325.npz
0b540165e757d58f7a35dd0b205b58bd5d1a3905d3845f5bff34f4c5ed48b826	6854056	train/01326.npz
764986c13dce421a122dfdd88add1868313a9f89a4968c9001f93d7071026b2b	9170281	train/01327.npz
e52b7225477873e77581bc20938d18295746c52f8055af965cb61edccd9dde35	9110038	train/01328.npz
43b0e68e3355af78ebd7d01d0a67e93d0ff971c10ed38856457cec134b497fd1	15777101	train/01329.npz
baa18329ab2ce1fafcd68c92322ad1853fc5422619b68c826d61917e9d111073	4220801	train/01330.npz
bbb917d3c5fa8d4ae79c1cb970b8165af160870d6650b5a35c1c01c097036546	4746269	train/01331.npz
f9c09269e30f31c7235b5d8ee7b5b16446e49fa2dfaefeac55fd11d17fae1168	6998504	train/01332.npz
700a0c8fbe5983da59a5e8524b1365ebdf82dd3a57c31cc0c91be79703aab4e6	7644678	train/01333.npz
bb3790334c32ccf38a7175803f17e119fe9cf30638cb9918bfe5bc837c6f0536	7733852	train/01334.npz
6aa55d74feaaf9ab3161a5d71dbe04c9b657d1fa687e4a31560312bb7a5970d2	3838289	train/01335.npz
075c87060f4dac58e3eec1755e22575e2ad5ffe5f9c2b923eb410b4926bcff39	5682816	train/01336.npz
e4c3dfb6d36d68d4040f93e17d0fc98405a83a461bbf0a673e161f48ab689787	9694108	train/01337.npz
b88342f4a72040f14b323aad596c1513401b36538c2e28dbcae8c7009a6d8bd9	7116665	train/01338.npz
ae2d16828c72429a2b50b5979e12f85c52e458bf74d17731db5498f14f401cff	7058413	train/01339.npz
4e0cff8009a8022a6ded9896daad28c4b74ccf5467dc523de4ba6fc07cbebdb3	8111646	train/01340.npz
a76a3cfe745b3a67b646197008694538cbf427d13f903ca3e93f74761d91fcb7	5945108	train/01341.npz
de67a8ac8ed5fe2aa91dc66bab5585b159b51d62d9526fc99ffde926362e7513	10892030	train/01342.npz
484aff6348f3fe981ce7201f1236e3261fd2b5fbdf8690a5d9ffc7d6e49e687c	8406744	train/01343.npz
bc64fd234e81c455db59d8d1f65d32c6239c18b0d5eb89f3065bac2fb726407c	12322984	train/01344.npz
14f10e11218359a82df039e35ea49f792d1b63ee4f995ff7b41c6312e19600b8	9986106	train/01345.npz
0d682314e83291d8e59d3bc3fda9e6c786a2f57eb277bd6b034f4019ee9f6b69	7996647	train/01346.npz
b377d93b97ecd54adefcd47431a9422f7cbc08e6ac357dca63331c9798800451	6620056	train/01347.npz
b4451d2d3201f12f2e1426ecc3c4e3334249f3c01a32a635692bb21e38c94aac	6004223	train/01348.npz
2929cb07825caac8a06aef6a4d307611d8057dbb8fa01bcc982b9ffde8f7842e	7469193	train/01349.npz
d567650c4465d3435c2a35098c4e8ec3434680f832ef803e005507eeb2db595b	6298740	train/01350.npz
ed117f9f37e656de251a24eb217208abb0f5eea7b46dd8bb4c077de9678bed4c	10863358	train/01351.npz
a3f6af5362d155ba21fd40e99180cf853f2d0e5c9b216250f4eddc01dca3b2f6	8639957	train/01352.npz
b77b8f04a4f4e530440350aa2cdfce90fcea331f62debdf28ea1f4ca9fbbfaea	5976822	train/01353.npz
845c267f1cf08e12934ac31e83c8cfee3a98b12a77986818802e0920e2a5ee0b	4777652	train/01354.npz
465bae134f54ed0b4c095337f359e6c211eba9ec1dd03b33ffd82b7a0a34ac23	7353606	train/01355.npz
c4d3792b49fc26f3b938bac4c7086a746cef0c0820b12c3074066d1aa57faba0	5068116	train/01356.npz
aaac6b2d57e918b5e3f2bbfb584c67287232b75f1a47c970ecec21d19b493181	5185316	train/01357.npz
f1d6aa4bd2e393f65f05c763d09c907a9816c1d3e79a1bb2f01a8add46ff82d0	15521589	train/01358.npz
fa4fbbf0fe848719a963e6b99a75de5b78a6dc22135755b3c82ad7b1e52b9ec5	5624621	train/01359.npz
d188723bcb1525b66fdef5e9597e164a72b93181b8e334218b17063fa5ad262b	6442754	train/01360.npz
6b1ab2493b1d6f4e11e1921380235e188867bb34a4f54b40b3726af9824498c0	7995218	train/01361.npz
12ef8194b1b36195a1ad30dedba10b9be426deea9a405fd3815541326e5364af	6589759	train/01362.npz
16c6d2b53580d8fa8ee8dd6cabbaed677967d7a7bbd72b3ff0a9924aa28446c1	10335664	train/01363.npz
9f732f889e321a8219c72f48df768aad49bb256c5692e11a09d6a46bb4c7b66f	8198722	train/01364.npz
c32fc3cd923afd9f234c8f3ba8d1a7f29067b9c2b16af6fe30ac030c2193ae87	10220221	train/01365.npz
eb7327efafdcaf32b955c3dcb2665458b679fc83c2a2f8820080e038274bfa1c	5803481	train/01366.npz
a37377934257487b7f9540a8c118c5d28c7706b489ada9211cac3051123e9016	14082678	train/01367.npz
0b401c229ca83e48640aca472a6eaf25117164250a6ec98761e802fedeaac08e	8464740	train/01368.npz
2ea60a5119c694405745546257327e87e4869d6225412d79ade8d845bef2e0b3	32618193	train/01369.npz
69cf2035a604d0a513bf58f0dc039caf4d2c52f5b949da4784249f047cb99b0f	7057704	train/01370.npz
83babba4583dad338f1000c8aeffbad3a20d9d533e99967ab5ee6c43415f2b4d	9134502	train/01371.npz
dcfbacd416e90ba01571522f2c90685a2fa0b1b22bd9ceaa0bcefecbca53275d	7115737	train/01372.npz
67a0d63e9060a0a74fce27bc759129d018e6b6c5524b097a41b1d16cf88fb5d4	5771251	train/01373.npz
b80b599bc36dc4573c2c837dd32348bacb2b220d84a1accb8666e9722b966628	5975448	train/01374.npz
6bd10e7d4c77f041fa5651f36d906ab2557c96dac6cf88b54fdfe30ee8abdcd6	11127340	train/01375.npz
ea5ee133cc2d1b6d1d3559c1f8edf9221ead4182a7217b050194e4fa32676572	5682032	train/01376.npz
1a903bf31fb4eed9266752ad5a2ecdb6a337fe16dc1d77478058cf43f10e82fe	8904392	train/01377.npz
1a2f62a48d96f4a2c6aa88ca581862ffcc913bb7b10d92ab908a93aac126aad8	5595395	train/01378.npz
7cbd080031d9f18edc2f87ceedec7efba37514cffee62d70f1261a71d2e025c1	11391149	train/01379.npz
6d73e7beb3439eefe24311230e4f8e3dffa7be8662124bbb56297496ec218051	11917019	train/01380.npz
37cf78f4a6fe5323139402fbb56daf26670abfd261c2be866ac3d3e798738809	11773200	train/01381.npz
c2ff32a6b50440108e0dd39a73ea3978b0b8c71df50ceb72c26c0c839b2af6b6	4306429	train/01382.npz
4a55ce781ea9b79ceceba5b2e2a7efcba3670a36f97c506a361d2a457595542f	6472254	train/01383.npz
446a48a3f567494cf5c0847052f0b35964fa3b29bd3aa76e485e14d96617dde4	8203181	train/01384.npz
a453dbc1f0282cd2345846de8f54ef51be09d48a3c76c410d12f580561eadf42	7675908	train/01385.npz
55e243968e92b59540f1e51a0a1de138c7314e76468cc54354624261a57b1c2e	13850713	train/01386.npz
7a49dd0ed1bca8e2b710cdc278b4238126e0b0d067e7b6d6d7e7e440ee5cb2d4	6649939	train/01387.npz
86fffbfa2b5d82295bdd9ca68943e9b488dfcb5933ddd4d8707c8a03defa2e24	8144216	train/01388.npz
28dddeac609c65664177e32baf6e343b997ddbdff4dbe4f19de25d78a7d3bdd0	8111557	train/01389.npz
2f7d6854111d78f46e16f6113312355dc209f578587fe3b89e5fa5c48caba09d	7848775	train/01390.npz
05456f8dcb183f53f65dc2241fd8fa2ea6590f5c8498379ee97ab88e62acead4	7117835	train/01391.npz
6f90b87461e153280ea16be38f10c9c2197db9344c688a62039ff5aad4b808f5	14077589	train/01392.npz
3ef58fc53c4f1ee0d4b357c2814e599522b8e8b87a3c7cb441816ab5fedf82a2	13882512	train/01393.npz
e1c56d839264996ab681d91f4c72c5474161e08905f27f8622dea0a02849f07c	8026796	train/01394.npz
399ee3ddbad04c790147e1e95488a6de46d5e0725d9858e1993be58b3e606d5a	7117243	train/01395.npz
4dbe70028806020a5537b874e8d6f112c14d365d2b2d0ab09dc7f920cc4a9895	10459346	train/01396.npz
b5db4e1929ab21ac32766a1b2a18f334ec65ed99c6d6d64a68cd1dd2c739ecf7	9637093	train/01397.npz
d8b0a509552e7e2856f59cc91e9ebce710210a8d5aab455a62c485fc9c943a01	5976366	train/01398.npz
13c6cbbb16d85e4eae92546fceb765c00f5dca48d0e257970752c45efa7a7036	9167202	train/01399.npz
feb9126d7dcff58acb3d925247a795a5ad9a68993fb1274261d8e6f68bcff8c0	7291404	train/01400.npz
f9d84c812412d58779ce5637df1e8bbd8c46536e831094ee6b97d570e15879e1	8172888	train/01401.npz
3b002b1faed9eafb3c37f2301ff5c2dbe9a050c87d384efcf285bd2b43e70725	6092556	train/01402.npz
cccbfefda477593363544af6b3742ad3b0286366d7edfd7858bff37693dccc19	11888311	train/01403.npz
32f4992d24797dbe2a25bb39c2905aff57899ec90d28d2eb20e2e325d749c0e6	5713762	train/01404.npz
61c0da8e5c7867e279c81e72e6db32ec92957a15f28f8175260cbf077e4290f7	7965075	train/01405.npz
208328c1b2708b26bb57405d82462868a4fa0ef248400791d061d064d1c16b95	5772057	train/01406.npz
4e8c42f5565afc2f8e9252ddf8bbd46f7f6be1b9e4a427ad093531552e63fffd	7759274	train/01407.npz
4f27355eb09212fb11b66ea7bcb46d3e5e928b43fa89cee60c4d9769255b14a0	7526953	train/01408.npz
ae586c84fa588f0acef374021589a45e5899d3011dfebe23ba2b5c288de8d8be	8728162	train/01409.npz
3646045e2cf3cf7ca88f493e3ebc27b847cc2a3419d9a29a3188e16271c84550	8671568	train/01410.npz
28926a153b562d7fbecab7c0fb81ce99da5f4f7961c89daeca7fb72f0b5bef78	7204971	train/01411.npz
ccd4abfc1fbd71816e3aeee28df8b18b5058a5d88b9f279830b4c22f44ce239d	10718511	train/01412.npz
f39e7ae73cf5077728a9246ef1604b9d0d5ae5cee6c3fca179f84a602f401cfb	10687559	train/01413.npz
d7efd383c2b658675781317c86a158f959cb7d9d1ac7f62765ddd8af76a7c9f1	7613180	train/01414.npz
46f013fd891efe87d38cc66fd30400221836f47cdb1401726d8c445d9661e7a4	5185069	train/01415.npz
6cd1e91316374e4b8ed18e2ccd175d8d7bfff76893c5625119d460dc4036b4ab	8256734	train/01416.npz
e4b700f223a5d85b404b60888f6c6372fe183410f2ca796f3ae039981fcc3d27	7029985	train/01417.npz
349928a478b24bf7fddbaf524c44a0b477d6f7d7c9b8f9c2da095479332dd49f	7818352	train/01418.npz
31a26badd471a26ea3f4694da91cbc95f12d3c08ad941b49fe45d7374552b6db	6503403	train/01419.npz
579cee0773ffcbfd83eb9409f6b7e62951920c11c336a9e90cd6893bef93b14a	9373863	train/01420.npz
10d5ab6b3b0aa495843893cadf2f05c9f1be150c9ed51a80efbbdc27965596cf	4892184	train/01421.npz
42432ace456e1a672540dcc619c743e193431fd54f85da0259a6ab20a1c4b2f6	6707737	train/01422.npz
4be42833a527947f02791cada4cb60b429a7da49a8fc358122851fd0611b3c79	5772144	train/01423.npz
ea9995f7c10cfe7c9cd7db19342aaf1f5a7f8010caf514c501508da93ea4c71e	8990802	train/01424.npz
7255423c5fb8eaadc9bc10fc50f37c58a1fe6752212ebb5a2282e4221370b0ae	6416653	train/01425.npz
5cd3d6db86fef9b2d1c97730cdbb8aaf98687500994caecfca3a0c1be89b5f28	5419005	train/01426.npz
c43d2935d086ef37e15d811cc070aa4919b1becbe8cf97adeed2e85301359502	9021545	train/01427.npz
ead41e8a4f5a74122b795ed3dae034e741c5e5ec287e96d4d1bddfe1290d5414	8579581	train/01428.npz
8c7f4524532f2818e3fbae9352efeffd9d233a052868d2d7db8e7c932a7b7f02	7995701	train/01429.npz
c48a96fdd7117c3cfd682183877cd9dd334534c63a93e6d67ffa32b43e708d7d	8346446	train/01430.npz
0b951ee297ab68db5aee95562ddb457c0530ba7f7cd88dcead8ef0492ec54a18	7205462	train/01431.npz
38c51aaef57d0b044608c4a11aa183665fbb7ca1fc4aabf6986cee03c351761c	5945169	train/01432.npz
faf0b639eed88403bad6b9b8acd337dabfae1277a06d23d0df787c4347509412	7175256	train/01433.npz
5ae7f0f8c75400f9cbd8dfa425b536c8c7005c313344643af4973ac600336c89	8903499	train/01434.npz
d190a8d89dbc5147f84af05898c0baea5ab2305ea4d454d43e1b776baa79ee05	5302611	train/01435.npz
2bc06c3dbf13a6f2cb960153862e706992c1a6bc1bf7be315bb4f6311654133a	7471286	train/01436.npz
58ac8df843f8bfd909a462b365f2eb42c96f6a12ce26fb1a15055d72b3b0a9a3	7614713	train/01437.npz
c846a64ed0f135531008d6f4ce98d253e4b59729b14d19a866ce61edf72cbd1a	7030362	train/01438.npz
1225ef33d764dd5adf1c985ec3b5e55da746ae4019017ab47aed349b136682f4	5389070	train/01439.npz
3ea980f864309dc6383b8e6692d8ba81d696a5b26bfcc66b715635a92c9e3c7a	7469247	train/01440.npz
44f8d8d834bc5fc8ee36dbc252dc4a008b9e86a0b1ba66dd9710b3c035ccef89	5622739	train/01441.npz
ca00da6033d9d9743da54c4667fcd8d229d9d8953a5ef1e48e196205e5c2762e	6296949	train/01442.npz
b413fccc135cbbc1f15fe750769deb3e53096f2424ab213564e997dd91d2d639	16836504	train/01443.npz
902213f2011f3795a6db6d009480e2de336e41e6ed73a7a366a441427678e032	9079358	train/01444.npz
44556facb240bf87f22be14fa1cd77b233a1ce6ea11219ab99d7ddfe6e7ee33a	10862635	train/01445.npz
efdbabd4bbe6efd2c7fda1d4b7e137860a9442eb5c7f4fc5050260cb5de7e230	8377348	train/01446.npz
cfd1bc56275a5b59fb2c43ef31211f628f681eb3b2535d20580034ebd04fc2a1	8405779	train/01447.npz
4d0afd18b0c64270184de76775380ce2cb623bf2b09d3681356a7306aec7bf23	7234370	train/01448.npz
afbc259f8c38a2d58e815cc3e2e11cf591a2824ed87fb078c0271f7d87a9e152	6356629	train/01449.npz
5d7493413af71e6c3de9a0bc9e2e611a970ade5cd4f8ef550767400d2903686d	7411339	train/01450.npz
16a851d31250a13ee788c3dc8e15e320625e21aac425e5b6c499507363c4582e	10627637	train/01451.npz
7ccfde3ca2b5ee204ff3cd81b51f4e4ccc972181085864414d1fdc14a3142b0f	8463450	train/01452.npz
14a9fbf1340aea6398dbdee3a67e6d412f45572009b5431e81e290427b68e593	3429162	train/01453.npz
427420bfc5370eb4c5f450926544d2c924fc6f4399c6c6485e0073e9c1b7ce77	32988045	train/01454.npz
6deee380babbb53d581949d6861a5511fe7ff231ff19e687d5f1a49c1782df13	14584842	train/01455.npz
ddc5624aae502cec48afa5c1404f46d4da1a416ba7d04c496db4a1b18f7f6831	7263664	train/01456.npz
25481d3643c1d22c68c4b46deaa3b280e4103e2d9feae9bb11c8ec3e1a92b527	7908794	train/01457.npz
0b982ac87a23d89fa3fe9ca9b68f6ac3d29e07c198b02392c267bdf703bef6bc	8844131	train/01458.npz
067859d62a1119efe84250cbeae1d6658da964b0a1ebc3717d214010940f5788	7089105	train/01459.npz
ac9dcf2c391dd5d00bc22cbefb596d5d8ed5352d843f013f2ed76b9551018f2c	8990584	train/01460.npz
5ac8313b7e4337de886882e9a850dc5e01bd8ba7cc3386c6e2d61d9ec7fecc5c	4747412	train/01461.npz
5809cc953237f1fd07134da80e13da5f1da102ecfcb47d1202d3bc5aa1439dbd	7995427	train/01462.npz
ce855b1bb9d828c2492d8f9b15b8e21a25c5cd5079f7737639fe4b723260a141	7968485	train/01463.npz
92cf4abca74d38a8bf720d5ea840f985df5e3c940b95773a8a2da2ee5050511f	6091923	train/01464.npz
8c9f41fbe39d9442c22e859d15c37d8685f6a6460c488ab813d760478a3603b3	9429580	train/01465.npz
e3ac4519fc938fb500dc784b865e43405e16617f8969c14bd71bb8d85cc5dcf3	3399049	train/01466.npz
cbb67b0a6caff7be5761a59a5bdac6066fbb33179102d5d37df33658f8c0235e	4247826	train/01467.npz
f1cc7a2a672c4a4fea828d280f024b2bfd7d0fd52ad1b28126ca5853132b2c0b	9690446	train/01468.npz
eb3a94e93d9e6af4aeccbb24de8cae2b272718feba4ce4f8bf5f4872a23591e9	6181173	train/01469.npz
d0d580dc618c7431e11f7b0404f4a2e2cb15d458a4206b57b7e3013183a5206d	6619973	train/01470.npz
d6ca4d4a02336d7fae75948424418d4218d2963de5b7ba261b5537bc8e971a33	9515815	train/01471.npz
fb1f2ab526bdbe1228a7628b609bbaf21e682af7dec309dd54487fa8dda159d4	10218636	train/01472.npz
9459be5e2de662ce72f1556a931ef95df7950d1c0671d8b8f979ed2795e60d87	8433840	train/01473.npz
078f179ae21d424add09aa0d186b59e4c6ef51fda4043e182aaf0a9e834d25f2	6823492	train/01474.npz
3b4d7c310d19f8f766d9d50441fb5b1adc0747a87ae838bdfb7c26c11bb5782d	7088184	train/01475.npz
68f38e91bd799340f8d87fdad4ba0e28e98070ab0fd47873b364aaa1fe006368	10162672	train/01476.npz
e9390e4c9a870e899cb650f935f3541d8e26ce6d1c52d78e89fe60dcd4db371a	7293501	train/01477.npz
b35fb5a30377f2c42c2d4ceb2008e6c3d7c37efc60339ee973a014d3f21dfb64	5917247	train/01478.npz
b83409ff601368dcbe9f79cf0918110644f050536694f4488816995675dd6805	7937528	train/01479.npz
e0f2e87c5ef5fb4d1b2fc51234ebb3ea57149d6e964d0b47740f5ce59a545611	5185726	train/01480.npz
65ef9be8bec96cf21ab1ed5541b81951a5bdc051e2e6858f39f47b3ca7a90bfd	8198760	train/01481.npz
ce89185e807968501c2f8e68513aa226e5aa4e5cf4cee2b33a4310f68c21179a	7235739	train/01482.npz
edb76561353dd4dd62830591497a6362cb48887853127965946052eb2a312c39	5769509	train/01483.npz
39f9df74648e264aecf7e7315af22a5e7e0d5906f0f3e5114a87ce710f158599	8899144	train/01484.npz
673c5854e2425dbc11b92a78f5420de182ab8bfda2b9d95100c26340086d277b	10484346	train/01485.npz
877c1e1387910ea0b85f60d13fa387034252822be969bf09e47cb784030d9fe4	5682813	train/01486.npz
af0baae0107c5e3650e23cf5b4e524ba11f738e2dd958d54345ccad7be4a4f09	6178925	train/01487.npz
20e7d4eacdeed2b536d02f567ec158fbb65c2feba0dafae6f8dbdf2bddb5f687	10691604	train/01488.npz
8e1698146a7660941bef5164e96582913bbb6d80b80b2f55cb8eccc4f3a05a4a	6239245	train/01489.npz
d39044da48db0fac805adc0158fa6952ef6e70e24bb3a78bc19305d9dd1dfd6b	6299980	train/01490.npz
3e383a9bf37010446594ba8e85991dec956ab47c25b3ceeb8743a1ef962fe8aa	6327492	train/01491.npz
bd5d5f33118dc9815c5a52bf205e41aae70d78b6e343b99eea43550aafef7f3c	5360492	train/01492.npz
a5bfb81b992dff45db431353a15d25adf5c8a38ba5c6af1edcff50b2c02b520c	5770774	train/01493.npz
678eb21757ff3db21ed71611e0dfb2786c66c6c087ca9458891b4958390c9481	5360423	train/01494.npz
623312a0754e5d47b53523b9fba6fb8155f7152e7ace19718656293af1573f56	9575155	train/01495.npz
787805bb006d3d6fd7720379671b5914cb89409c2cf3cd2a3c255bb4f8fb841b	6327809	train/01496.npz
91c63de1ebf1e4cf032d06b63ca5cdbc4e43c3f5f39905c90df99ed6a1d5a00b	5272777	train/01497.npz
20efb45742a1c5e680bd48f2adc77c556bb14b27f0f2e18976a8502b11dcef4d	13586402	train/01498.npz
117559ee87094dc4c6f0bf74af67b9c49e3cc0bf3b7a5375be0dd26415dd9843	8901536	train/01499.npz
55f16c485e9c0a08ef612e13fd0f3596a5bcf46f28bc4e9dad734691ee1ecd74	9427346	train/01500.npz
8fb45c74720d0fb566c2be7f65e6ae4291e07c2f8821554447b8cb753a6b33a0	11186038	train/01501.npz
8605d719109411a9da5854891e789ad3e92a9a19cb2b91d90330bf032dce9926	8406084	train/01502.npz
351b5a4434bf79f46e9b686151f4ceab4d882771d358acd7cbb9ff50b973540c	6530968	train/01503.npz
301089094dd4b137ca310567643748c6c11028b08a3814ed6f782eac0da378a6	7847086	train/01504.npz
d352160cadf9583e1609fd5745b7b354d3a6a7ef26869d235077af8af2f8bba2	6210576	train/01505.npz
dc831a57ef4517dc23e6314e6047bb0e9055356069b6ddb11f39e676a894190e	7470478	train/01506.npz
e6474d83e9ad44110d05274204fe90f9a9fcf6253fa8b4c1c7d5aa58cf05e9e4	6327908	train/01507.npz
15d0ceb9a1faeeba3f7e82b5d52ef50ef41d02d0e5120a2003070c89e5736459	10366623	train/01508.npz
94b42af7ce1ae66f123714d74829e54b21bf84dcc8fe3d1146e2fb135c5dd1a2	4103112	train/01509.npz
1042baf0f275a01f549d4626e31d496e0ec4ba7da031015c8bbf5c564eb1c379	9224468	train/01510.npz
980899bcefcb116602e77e6bdd95c9386d2bb1c59351242dc1fdb80e33a05d0a	6648584	train/01511.npz
6c3be93e54c04e477b3788807618bac36b6a00581b4525ef3fc8b470d051cc11	6590343	train/01512.npz
57ada837d22daa849238c759a370792ad86181e98becf021680ea2307db6e189	2170090	train/01513.npz
f88316652a9bd959704479bbaf5d321d7f6624c1d64a1c973c3a6d15ea264884	4804202	train/01514.npz
dcf0ed4f8baeedd049bd79cb3aeb9ee68c4561223ad19561094ab10a0bcc4ab1	6532906	train/01515.npz
159f41a263ae4a511d6ce7b41010d490c68348551ba614ebaeafe6676e5a36fb	7322912	train/01516.npz
e680b0c9c83cd2b0f68f0db88acf35e2599080d7ffe9fbbcb681b47f8a1b67b6	7497146	train/01517.npz
ff14227c02b9e5ccca228cec33567d7b236a7cc33dcfb41159f4679177599ccc	8028112	train/01518.npz
297ba4468040c5c74a8cac67e2d7f051b037773f9687e7923b224bc546fc4fb0	8610706	train/01519.npz
901a2c01df5fb21e89fb4025146d83fe26ba3d01a8e39d9682198f3e00141664	7029438	train/01520.npz
216172989762779a6136d8c9e5c6f1cd55181a89deae894cecdb8ee70d624a27	7027578	train/01521.npz
773d0af1b26e9282d8097ff14a63a0fd3b0ccc01460f1bd3e14de92b447c05ee	5302684	train/01522.npz
beb02f924b8b478355a67dcf08333f480551035585268885095d4b9fe9972ddf	6736530	train/01523.npz
1645c95eafdfe65996a5ec2dc000b1bed06793f947ec0ca769b11a6ab0394e60	5154818	train/01524.npz
75bb14836ad46109f424a93a845de77828f84914931de814cc128de1a8cebecc	10190622	train/01525.npz
f11aa5d82ca8ea5305f8395108fa15ef7665590227d70ed7fc31288b5471a018	4775769	train/01526.npz
e04f2fe4d0d1b1aab9146dacbb22a25409763609476451ce1e42de8daadcbf19	7735199	train/01527.npz
d14d6730502496f0cc9a65ace60aad378b2ca7cadb603f442bd8fa14cbbbd85c	5038048	train/01528.npz
a32305655726e4f7e0c0e4548ef6c6558cb55de3584e3726533ce1bcdc01b5bd	6736640	train/01529.npz
65ba1d53245c79b3a777a9d4a380ae69c25075abb1bce5470b2025fab7719f7f	8286738	train/01530.npz
08c9cde78118479c41ea64ab942117b2fcdb58efea77ed36c2f52c8122a85183	13383258	train/01531.npz
80309a569c7810660c1040577e5928f3c58d64c1e11a4b77113fbc83b4669e07	10135851	train/01532.npz
570d256ca8fcc1d7956230ec627f3b6d86516420dfd2a82919f907f5c7540918	13733745	train/01533.npz
d89584805bd1cd093b804660dab1be57cf43845203797ba74efe0e69ec2a3c7f	8316977	train/01534.npz
4f088b5b25b28ca3b8d18cd56ea183556506ab86d9895f0be60f56ca770c922e	6969152	train/01535.npz
c321216b99638e2e78967de6fa2a45616088ae22ddb6a3ffb7a10067d9de8f91	6911280	train/01536.npz
1d59678873200030c70cdead73052cb09a641c63b8d4b7b7d89b7cc8daddb9a2	8199059	train/01537.npz
82396827063c890bae8b351cfc19cd2ef29201cac652f6a77cca5e969a631490	9956878	train/01538.npz
168acd7b7fcfe874f52e6e966c3dc7ac186d02dfe10424e943e089cab76f0565	11888041	train/01539.npz
3d4e08ae0d3d1938161c676fd95480568a80206ae0492a08ece5ed2ed33912ba	13582886	train/01540.npz
fa6bfdc1acc63f9a6192ed0f09a0041dfdd1290644d3adb69541a6fc5ad7ebb5	16251351	train/01541.npz
1c26d55427c55fe622cbf7102f1b0d0aa23b8bf795248f4f422537e025b0604d	6764806	train/01542.npz
6b858b98a2268f94e1e5ac1ba9972374c310f37e359ce3faeb2e196a204378ac	7644617	train/01543.npz
49ec1f74669f46d8352d67abf458899a836db63a36e17928da07a90de90f0700	11124255	train/01544.npz
3773dc9d0878df9dd576ba848d7cb95de09fc1b57bca8bdcffd90f9755aebed4	5387165	train/01545.npz
4661fc366f1618cbb66c6a732062008c680448767c9b0e4fa914cdd2c4e3e3b7	11831437	train/01546.npz
4cfd30623e28ed42706621936d8191be4c44b9b884945c7dbd7f53c0e3c87ee7	7438501	train/01547.npz
1d8a2893d5f2875e99262092739ba1201a5301216c8169fea263f182f26d20b5	9959634	train/01548.npz
6bd664a3857f1e85986a964ace07303cbfa9dc7aabdada4b181bf49bfc17eba8	6885005	train/01549.npz
6d5be81090cd9193a5850137dc0fd20add555e39a664b3d86025c7d267dd1b41	11391249	train/01550.npz
ed3aaef2248dae16b51621880144217b0ccfe5229c14be6f1419e1057a970840	7758998	train/01551.npz
9ae2538e788dc2d2e7f24d3795ff99630319425b044e5a8bf8c717d30e0a2f9e	8637401	train/01552.npz
d84d2f14c741e46f4f58f5bf11bedb4022ea9ee3c480a1f4fed1080721482f8a	10278663	train/01553.npz
8cd70cb60f36dea7e51d8d0ff855b26c88d7e655476e2df4a85e6a54f75aeb7b	13033647	train/01554.npz
c3af9b0e743cc2f153bbf7daafff27adc25b15bc29a772faa07e2573e323d897	10015444	train/01555.npz
ce2124176f996d622368c10c5d648dc9163f716fd45367c56c8bc92ca6492fdb	5624824	train/01556.npz
71b2200f5b704502445a260531e71007b1e681e5c62c468131d24cdd0bc31d66	7028794	train/01557.npz
6ebbab4b0de86280571c1b9a63ba1c596e019bb53b467d8bbe51e24589f3b2eb	12475926	train/01558.npz
a3b453fdb48900f2b3e121866129db0fd6d581931eaa98b335023436ecf780ac	8113840	train/01559.npz
e207c3ac329cbce46d2e1f1d94ae6ff5a70eb98e6433264ec28acb43a3e37280	10538812	train/01560.npz
e6e2005dfdad8156b074564664163800a4aba52e3b14a78eb0fbd8a416ce57cb	7614686	train/01561.npz
b0575a88a034c1dd75b927f0e3386966dc8bb656ebc1bac1cd5b449a58c4d901	8291408	train/01562.npz
2922b805f3091872587cf577ff0633f17245b91bf86a00ed4a9d67f77c3f2631	7703860	train/01563.npz
d7306682eac24ae7b9ed21a5a002bd3fbb5c2abc3ed4c38938b0d1fc2939623a	9872327	train/01564.npz
9b667134579aa1db709427a2674764329b230274af584076d8c4f3025d11f9f4	5068225	train/01565.npz
090c363e5a497ab0983538c541c9da2d63044b5dfb0ed73c320123b7cf7639b1	8463796	train/01566.npz
19e7074abe37e51dae48033e4c933fa6fc69a4aa2bb7f47b37d1fd90ba3a9f85	11306502	train/01567.npz
8c4ea349032ebb3717b54de3ac034416fc82656f47c32567f764ecff84e54284	16076619	train/01568.npz
8340e1d01c37c7b4be7856481db2d49015be24177b442cd72e4ee2d605cbbf9f	12768028	train/01569.npz
409b1295d3eed6192bfeff98071fe87c53f06363f78011e75aef0f5e304d191a	8436954	train/01570.npz
336202c4038fedcda5d3cad3713a670388313c71f5fa8ae3602cddd526c73cd3	7878957	train/01571.npz
fb6952094a9b236cff32ce8e2add118e58759b0b524bc55aea746936ecc871f6	10045455	train/01572.npz
7db57e8b61b31f5fe98d7e65b74fb235282019692e02f67391c29b868e318286	6795546	train/01573.npz
84a534731fddd6c83cfc6f6aa17c896376391f19a72e2146412a0d0e103e6657	5155876	train/01574.npz
5f5be1b7f3dab45bf7c96d3512c1bde17344cc9632fa9f9f691932f19800116e	10281888	train/01575.npz
38a8bf748926a9b0bff960e3eed21c0196cdf9b0ffab6813c777b8e8cce29380	8406484	train/01576.npz
b1edce8a11b9da4c8e3e1015ab7c148366bcb30e48b2b20d0f6bb9c24cd9eb0a	8549156	train/01577.npz
e2d020dc7c3504c915f7a6d880d5643332f1077bac43799d31a5c4f7b21cc1e6	8284725	train/01578.npz
414b401a4687f0deb33a04093736eaf516b6390a5d8c19bd251f2a0caddcce3c	7498428	train/01579.npz
8c85d4c25bf39f4ab94e4c3ef79bfd52a427262034ca7e89e7a2de2c5d031736	10688604	train/01580.npz
af20616c3ad3f2362590cfff90db019edd38360df8b1b1461e974625f0a97188	5799317	train/01581.npz
e900361ddbab7851b0682b6f8f15e7d98a31a8f8bdfdaa5541da641138ac4b60	6209494	train/01582.npz
496250cb7a00e81244092228bdad141d887e6da800b8a162b4e683d89622c730	8401021	train/01583.npz
fd9bcfd11fdd4f30a942e95a2d9e9306a5d0ccbb6abfe4d7e0c2fded677fed3c	8844006	train/01584.npz
1ad869a736d979947b19b5bb716099cb5fc399f823ea358e78e7bce25577a23b	5770863	train/01585.npz
4464a8adf166e8920e62245bc99fc99ddf40275fb6c50273f906a10b9fe1e5a4	7233960	train/01586.npz
536505bddde4e57565da0ed9dcad79b0a5273e63c305e590ac0784fb56723df9	12182095	train/01587.npz
d9b2fb72025d9913098d3fb7835f0e116bac035be5d071137fe5f3901486ba5d	10101955	train/01588.npz
ee09f38eb176b1a3ea9d3be744bdec8db81042004111c6b609f7d249062e79e0	7816969	train/01589.npz
d0a36ae887b2c8ee0dfbd488287879815ef25e2963f3bd9af24a2edfe172e060	9136727	train/01590.npz
c72c7acc5636563f2549fb5417bc4bea0dffeda9451c4a403f592acbe4f92ebe	8902797	train/01591.npz
4e702e625c56e0a3b7bd88f836f01d8ba486fd1df4e9efb36f22d582dced740b	5477065	train/01592.npz
a9a3f98db032ec90014c430e7bf31e9d98d4266ea20f1e8c18baf76a3a727cbe	7086958	train/01593.npz
950a3b03f365b4dfad4e02ebdc3da38e8f7fb89dfbca918ea8f62e6e0202ebb4	9957196	train/01594.npz
92661ff7fdd534ff0af1d2eb065908720ae3c94b07850bd025484dad0b87b809	15316688	train/01595.npz
32838e665864c9689cba10c71bcdfd63f15106da2b455501641c08010282469b	8199391	train/01596.npz
242d17d32401cc1bc399d26832d278fb62579838831b3a670816a223a459f111	7408983	train/01597.npz
44c78a1aca7d8038192aefcfebf690b0b0b9206bf4eeb28b6181c16e00548926	7704605	train/01598.npz
27e8e6d86018ebec6fc7dcff4ddbe11046a752c1074ca11f4f9c39118bd99ab4	6121200	train/01599.npz
ad4182e3616a33d3cd7b96422073ed16f0e9f32439d270889ddd82a5b219882c	12618078	train/01600.npz
ef7f7f4087e1370fa3765d001b4817f8dfd795ddf4da7f9de74d5ed281df4c5a	8286222	train/01601.npz
6a98f103fc97334031b5d6661ee428117365c846c280cd9d893fe7e4daedc94e	6941206	train/01602.npz
2667dc98f81d3aeebf2b13f286b4c43c832fd57b2c75784119b99ab44afaeb78	4540974	train/01603.npz
14497708a193398cfffb35b8ef4520a83508af879a50a9c7810d530d8c44aabf	7911104	train/01604.npz
7ff39e9585bd1c1a13d71556b322b35955dab4558c1a7bf8434ea04ce23dd1d9	7146222	train/01605.npz
d1698b5a8bc0ceb284e5916c01c91dad53af90571295942d6658f89fb7579954	8315628	train/01606.npz
c34e9f356656cc05c6436b91634a9099e70d3c56a6312e544d95d1d60aabeac1	6531134	train/01607.npz
b47164d7c34c8ee2154b95dc27eda39f7a2a6f4027dc776a4bdd600b9d194555	4247662	train/01608.npz
62c12e53586d4d5dbca650a3d75e9cf8db22974497a750ab950269962eef5e02	8609625	train/01609.npz
26669fb7dd21bcca8dd636f68522f7a41c666f0c3fd9f980c7c874974132e406	5714595	train/01610.npz
a28cdb8b90c316feb7e784f67b1b51a7a9ad7d65666c36a4286c2e35e889c2a3	9927986	train/01611.npz
64966a7237637bd7fd6d68e169119c252e1eee3301093590d10a4aa4060ff1f3	9252489	train/01612.npz
7b6ac173abc3deb16220a2caf740ce559abbc0861e84d250e2fc8037bf0e2914	12384050	train/01613.npz
13a4c0d18119ec83baff009f2482bcc52d1975f4f7fa904921bac0a5f22492bb	8404292	train/01614.npz
7bfc6af13a9e27831b4c042c55cbc5c0cbd0c1cf6cd40c3c6f4c2f6a4d5953c6	5858607	train/01615.npz
f0f808f009e09ae2c7b4b6bce188a2934eb22bb2dffc0a92397dc391295fff28	9429693	train/01616.npz
0d2fe248f4c568cb55faef0ee70d1da0266c16800f2a7365ba352554ebcfcf5b	7059977	train/01617.npz
a151069a86a20f1cc462db11720908c80ee645f2bc1e8acd74d30e1abe1288d1	9633147	train/01618.npz
638ed66bcdbc11d735acfc2d948a7b7c5efbf16323294caf61f1d7a23cb45952	5418204	train/01619.npz
764fb1972e3a3c25aad449a00d4e1c98db11d512f22a967ff96d7344deee80bd	8669259	train/01620.npz
d0cc8196e8162a651321df156c569bbc63085b54462a48f173e1db681b29db3b	7090055	train/01621.npz
09cd437a57ea069ef4be0fbef3570a89a866e6561b425fd9777c0758594608ec	7264941	train/01622.npz
5a70fbd3903e3134aa79ccadf6026e40a82ef7a2116a6c4445d6eab7ed4c131a	8054447	train/01623.npz
74c5aba68c474125917c919464c8b3778fb0947b53b81214ccbf0f23f72edb3a	7030313	train/01624.npz
8855023fe1c4ff2f18deb5850fb6fa5d86d85a3dfe112b397be6ac3bef0deb27	4598418	train/01625.npz
d5a1bd14e93c33f658a0e6373da061df5eea1684462c1b3f2d9f109c7911723e	4247860	train/01626.npz
e1dcdcb09b4f211e793dcaeb5cb680ccd23aca24090933110e28424740875ae4	7001222	train/01627.npz
bfe7d8004bc2da83c0883814a4378d042bea9665359ed65d50df8693c0ce203c	8287571	train/01628.npz
6210e3745b6ffb560375291fc263f6deddc2a9608b496ec4040b1255632a93d7	8875334	train/01629.npz
92125f7e62b4d504e31213c53250d5c6be9a61a8c45a3a469301f42a4cb80a04	8434806	train/01630.npz
5baf737540fe3323bbc55a08f6fab8fb3e5c88d01a7f1984416386a4453c6652	6149547	train/01631.npz
072c12c271210180894dcc365141028db651133269cd99c70544fdd9e35b076e	3633879	train/01632.npz
0040a6a4866c82ef09c22ef378e6594eaadf3e3ff7f4e23b0ea05a5162839342	7324639	train/01633.npz
451094e4a7d53c8964dbb3c62a6d5dffb6cf36bb1c179e04f6e54bdba668726f	9867611	train/01634.npz
f282b1bfab3be20d7add2236d0b669b6f59e13e879737a30f2acbcea3ddc0e81	5798719	train/01635.npz
09685338ebc2ddbd368677217d284551c8917a62ab6ae10cc823714c631a2c02	9107016	train/01636.npz
f3d59590abc4b27ab37493e9ec05a7771810c756d171f23351b483bfab391410	8258653	train/01637.npz
f849aeffe334caaef420af5b6465234e7c09e50b29a4e6b12c53816a267acfd7	7642478	train/01638.npz
f25ea271fed29ed061e0c020a7d841da254282bc56980d53bec8ad487f1fdef2	7849210	train/01639.npz
2d4e56e3f3aaa06e8a859d9c837f6ee5628a35733992bee1d7a4e945bb90e421	6940269	train/01640.npz
e86a96e3293d9061c9d1cec584ce01668f912e6951aba06d63c9f1abbb9c5baa	6504989	train/01641.npz
8c9c5ca35d2b651c3037bd74f2e8acc4b28b5d3abb36e0d91d8ddcb55fcf3044	9458198	train/01642.npz
8893b1fb46f9cdbd9a53449d9f61ad12dd1c3de8d902493832662ec25d46bc46	7437532	train/01643.npz
2a51a9c1ff610e2d8cf4c1a776a53f7872d7a0e179deb29be0692f69b0d8c738	11565056	train/01644.npz
4f31bca8cb3fea0e3f46d875eedbdf162cc9ec1e74e44785c1bde89dc521ef30	7437013	train/01645.npz
961330bd04550b7c2cc311745f589d379e621f5d12a5bd8ffe29866de9a5a434	3399571	train/01646.npz
573d15352058a518c8a5466d175103911e3c0662d0fe9f2ee406fcdbf4fb8ed8	12678009	train/01647.npz
0d83c6fe0afeb12c09052f59666825ca3d1f564be330e305c8fd04bcf1fee3a3	9750388	train/01648.npz
c4c1e7f0c521d433b5461644cbcd6a0ec7192a30cdaeaa16b1c58b44103a5a96	7702886	train/01649.npz
6d5040cc898b2c4e453836984b02ded745e2660ff084435edc94c3d41ecc4668	7438199	train/01650.npz
b20dc9e70635b6ae32c87e6f6c2ffe919689304a5ac92c30e96f60c2f546e74e	32016823	train/01651.npz
c5660934323503ae68875a151d8a4e1c7a1f16732a36d134c9b69ad3db68d116	8609542	train/01652.npz
1f8d2619895c8aa321f2fa716d859b60a0303d007fde09c25846169bfe47e1f6	7293185	train/01653.npz
613bf90ca2907234ddf423126ccb82e98208ba0192b027cd6d24e2a6cc9f143f	9139427	train/01654.npz
6fef60ea53258b11f9b6de8675575a7efffcbea5970b698d0bc03b52f34a3291	11069788	train/01655.npz
182cb4fc38c146e7c40505b699a1fee75f8e43124d8ae25fa74669ae9ab739d7	8582611	train/01656.npz
b315453baa74029e19c1d9e3a2a839ce03b977ef779d8f1df23b6e9e68a8fc8e	9577167	train/01657.npz
4ca473a5fae511f34179450cb589ce7e65b1f11082a0c4548edf9a0e5c8c24ee	6943105	train/01658.npz
2626dbcc5577a64fb426f27ec92fea1fad1d8f9f3cf4314e37d7338428e99ab2	10045954	train/01659.npz
0090ced27622a3bdd286e3f3f680dca3d868270e0c9d7efef867c89b32b3c774	7264121	train/01660.npz
7e1af9a01d695cb68455b0bbe64be229cd8befe5a3e4425a1d048c943407de2b	10892720	train/01661.npz
c0007e2c9a52f8df3ca8c1f78fee78b72572fe52fd80ff7b47dcbf41c0b991eb	7674702	train/01662.npz
8367c8a3128d03c762da858d50e3a405c665d05c3a57a3fffb7242461d8571bf	7028046	train/01663.npz
eb9fd29dbeb3fb1c4bf86d56f14fe2da811c667326731747799f13f137892c40	5977708	train/01664.npz
57014b6d71e9ee2f2da9c811a70d46a80dd39643373857cbd03c1fdb1fc4b25c	10218748	train/01665.npz
b0008830901bb243163f448a4920f7043229091e5415d0f696155a794a10d29b	5126381	train/01666.npz
9aeec44c65e4a1863b7c29e88ea44a72aa0d0021a59a7e29a9673b3b61eb5b4e	6297690	train/01667.npz
00a115764475701a661ef4633fc583f45988b7711f457d3e668e211ccac064a5	7088638	train/01668.npz
7635b989717fc9970212b8d9ca41f92ed51ff49db858b118c3203825ef2e14a1	4922817	train/01669.npz
395cf163ee8ad25a61a7bc0fe3a98a6d75ae4fc181076f386b0873b679179d17	6503668	train/01670.npz
fcb666337ec815ba40c037f7a230bc43665c69cef9e2a063a27e15e636e03181	33085772	train/01671.npz
9d8d4d5ea27dd8bc18ad502c52cb3925358593d1d1b660d09353aad9176ab4e8	7672783	train/01672.npz
e2f35152920f0d52405d7f14a5e6426fcc2fd09e8052f025685bf1c6aec35a5c	7818630	train/01673.npz
3c35b85db77ee45631240d4fadc694c3ed0087886c465f5679f3d9f2d6db1704	7234516	train/01674.npz
478edbfb74418ce44a4ffad3d713ee20791d37873e4749b9626e8644a92b35e9	6181697	train/01675.npz
44f3ee9e7008b9b62f0b918bf9aefac1a2ab220f9c5d3687bdb7c9f932be3087	7849401	train/01676.npz
d48f8a580bc7dfd40485b7d1ead869ee92f335104fd80c42ac1be5c7d3c79628	11215955	train/01677.npz
5fd0b10c273d76900f35b44fea70bcb351bbce59c9ff7bb2368656a0fc699a00	10189304	train/01678.npz
e138c814930f6803c1c1434aae0870146be9ea696cf2fbaaf91388e7c5eaaadc	4979513	train/01679.npz
9250adc9a8367c7411ee81a52cc650c968700e81d19e33ace161710647201b3c	5800691	train/01680.npz
46d5a12f702a7ddec61fe5dc5c739da22611bc00967e0faf655759b76c5643e1	7878304	train/01681.npz
9ade56c22ce3908f0577818eb96c3e9d3ff2cc8db75dcb26ba671d16bc35b63c	6031490	train/01682.npz
49b2d1296a34692226a115d58de82cb241de5bfcc32e3c0bdc5047839f9ad355	5916482	train/01683.npz
b3b492ee11ea790dddd062245819130562d276be227fa8525eb109351d28ba37	7702867	train/01684.npz
5655de8e8d7d8f01057d7ebb3ee25bca8a38fa309978fb1aadf9fc343907fe08	7175041	train/01685.npz
67772647fe625cab129fa14cd17004dc8ebeabadaf4a5cafeb862d808f7036cc	4687754	train/01686.npz
7906b954384018c0a5ed4a1821981aa7ad84f950d111922bcbdee2639750520e	6093891	train/01687.npz
a835803154213ba4b84b7064c849c7b4f1ff9707f121de2d75fa0197a50133d7	5889824	train/01688.npz
cde8747bbe4af928acf9ef9520f1db52683c20da0eca7f15b87f4f728fd91e3a	13817411	train/01689.npz
f8b003a4bbba2842860ba0d95bbb35a8a36ca06557b8a282589dc1f94ab3b3c4	5684268	train/01690.npz
ae261926b68f5cf520d4791fdd0d85b79a79039c5b5c974aa27460c7547b8fa3	2287262	train/01691.npz
47aec768ed8b6cf311c845c1dbebc9a397d6f7d7c999f82417e62d82f4e6767c	10834895	train/01692.npz
7bc1e1b8e1c18a7b2b722be5d1e71ef04a907c2ff1642f69ac9232efd4f84819	7528802	train/01693.npz
e2186a63760a3c3e754819211f1c56180ef15c8bc83eda02c834733780214445	9227948	train/01694.npz
b4652556e5cf0f822dcbc0a424a0282f87db8f8ac736a103c93d20dee0c1c35a	9106289	train/01695.npz
35bbb91e3c32eba8a962ddda7555e310438a3b5f1b23d89a6984c05234817f54	9868231	train/01696.npz
aa9e2bf2a4486a44e58afa3f542a4191bfe8bb15a299d0f285a56bae82fa6f5d	6562460	train/01697.npz
1da68585fae2d10399268de2f8977aaefd0a3bfd2999e90b5da2bc88ecbcab40	6180076	train/01698.npz
f603e86b458e17f0117f990462d7ecbec62b74340cb996aa445f3af9ead3a7df	11129317	train/01699.npz
816cbc37abd49ffffbd703e8d47d2320fc84e1724d1f596f5e3580e599cfe0aa	5798559	train/01700.npz
22cf312205d4eb01c60af82260774ad792034ffaa76ee85c316818cdbf7f32f4	8993175	train/01701.npz
70fac6d3c2c1143aaa1706eb4a90eb95ef82dd7213f85d6ee707f46d594d129b	6004615	train/01702.npz
d42b98735c4d3cc205f3885bc6ce72e3bba64c57bc941ebd81401c5f74eeb54a	10568744	train/01703.npz
a10fa2b29eceb67cec55d8e7861af50bbe4f35c5e94de23f5706eea5592a9f54	7118085	train/01704.npz
da26537fa01ee9621d0b552fe08fd05b396ce7aac034b3064a177f1a70d992d7	7116766	train/01705.npz
0ff5827e04ed58304f51e2e99a697149a27bfc294af13809ad1af154a6d94cda	8373772	train/01706.npz
09ca49e879277c7e1d22a37c56a27bd960f817623f3c52e1c902d28604747e3c	6824972	train/01707.npz
548d0bf49b3cd2b9ecf59975327ba2c22645ab378e3df73c473e15a93cb06a04	7525499	train/01708.npz
7dbc9dad4bc79b480cc9794570ec15a6dbbc042f8e12427a8598e23ded835133	6999893	train/01709.npz
84427e9de2d7c918cf1429c0068656e836dcc50a74c3e646506f48286bc7df2f	8522328	train/01710.npz
0a5800880fcce71820f9804b1e2f782426ce6befbd48686a6e2e765137f604bf	9372486	train/01711.npz
c6132d18643c244e7bc5a68b5363bf4a508506a3b0b59aad655e8e38e5abb006	8524014	train/01712.npz
a997149b1f3c9d83417c0149553e660491d6854fa7d3d813a8da8fc4f3f5999c	8258683	train/01713.npz
0eb5f682f06b2a9ff38394408e8b607fb9dd46bac72f08e6555cf2337e660dff	6972500	train/01714.npz
8c78af5fba0ea86493d9aa221b17a2406b013f53753e2cb393780f65e39f3f4c	6588251	train/01715.npz
c1ce3efa5ac6d8c98deb96304df3711a8aed5516e557083efd3be45bfcd7718b	6123171	train/01716.npz
db12492d7e71809f18bfd638a6abb97c79fab5c9b92c4c77f6222bdaf2a33926	8581226	train/01717.npz
650f1bb6b6b3b61be363da7f3934efb8e8ba1039a0cbe0231103977386aa1ed0	8055847	train/01718.npz
7e4210d695ad7c9e093e8e4486915fe39a2a6f62c1161e01456388f6a1ad910f	5769987	train/01719.npz
ce561d6c2ab79d6a27018083d6ba723a9674d64ec4ea959781ab8c3930fea043	5008661	train/01720.npz
894ab0bebba57aa33a788f825659606510bfc37a3c6010b9dd045ecfb301b07e	5244706	train/01721.npz
9d106933a26a0f718a5ff0905549846c2bf3ac7d6e0c56244bb174720bd9fb2a	19355543	train/01722.npz
f37c8499a5ca3ed5902843113ec70b0fb16348e89951055b833e259e0c7e10d4	7408592	train/01723.npz
828a912264dbc31ff789bbf6c476969989852f6a08461fbc5066b0710cc525b7	6560920	train/01724.npz
ce01a2032bc3a668d98e9b4b918f128759b51fa934feee2b03a7fffa8bcc003d	6911591	train/01725.npz
4e7d57e598147e477b044da2e144a6501d988be054f34fc21dcdad7b0c9dab48	9283076	train/01726.npz
71ffaca23a9d5e0f7c36805e1f9ffd71716ff2462ac0f3c29870f4a356f466d3	7819644	train/01727.npz
8197fd0160caab6d58f1dad426e8df35392e3071362c440c8ac5a34c3f9b96fa	4249493	train/01728.npz
716a5da59b560cc23755cf62b0c945f881478d104e0129b03d863fe1e6a2b39d	6444360	train/01729.npz
eeb2af313af976935b47f29ce7465323f0380249eaad7efbf45008b827ccccf8	6999341	train/01730.npz
4f847fa06e9fe846774ce2e0c4912af57c1e9b2e14f20fce790e9dacab878a68	9549467	train/01731.npz
38cee2e7cb3534814b17ba64127c496a41402e9b4f9f782a25913c70a3f44fc7	10168207	train/01732.npz
1f38146f468889c6a8ee191fba8b572b961fd47b3b876da36122f76419b87168	9807938	train/01733.npz
9fff3d1cc5f9b63c671883f3aba43fc91d46257848698c8a65a30bbc9741096d	7115684	train/01734.npz
205999f82ebc17796023b86ad003b1957844796732c35185e1810345e1759302	11506792	train/01735.npz
053c411bdea8bb6e59393825bb969823a9f9efa5230328b7936fb3125924da48	3516376	train/01736.npz
42b026c1d0f63d27beb4f99e70e3214e1a681126b70cdc34d53dea1b96698feb	10457492	train/01737.npz
df075c4dd05fbea2b260956f5caa2ec2840fa0086280beb2146059410a4386d1	9958567	train/01738.npz
db97316846b623b1e9fe9ada80a3656f4464a9bafa25d6d5994b637dfa25c722	6503033	train/01739.npz
ad7325bb174f7f7f37a2cb938f8dda357f6a208c3b02e66dc43e945028f75b98	5915336	train/01740.npz
3d3a3a18aeec81f2d4a140cc09707aa21e335d98b653ceb990d80a7e6d32e213	5947579	train/01741.npz
9da37302edd3ef1f2673197e5db5b5c2768ba4779efc2952c4d7bcaf723085f6	6472969	train/01742.npz
9d05ec4853f1eae500847bc71ca3c890e6895d58b6dc207eddbb7f266eded092	8991532	train/01743.npz
a6328d07b940ff9a7b017098f341c1359c96ac91918d915702c045f864323174	9812300	train/01744.npz
a90ed2232d5293d5b82a2b914346d51019ce9025c654d62c6f537db0796062ca	7469004	train/01745.npz
2cdfa16338c0952c6150b349b8d9015814b103a99ec7a7aaa43ba903b164c8e2	8432692	train/01746.npz
2d9ca00b6f66bb5001a222d44f73946fea106bf26206ce7718cab5137f8e36cf	6062812	train/01747.npz
ed4466992aeedc45fd03970ecbed486bd5a89be3c9f768f1f618d9b55dc625a3	5829742	train/01748.npz
3341ed259af5e1e4f56182a37203124236025325688cf3e586c828ffa388cd50	6324459	train/01749.npz
7f8e7371075eb767a9906ed21cac0b20291d68c2d348746a666671109c9bc883	6382742	train/01750.npz
29c52f651d38e43bcb7472bad7ee387080a3e2fca9902e705385cc6c6a415da5	7468891	train/01751.npz
ac8f12415690d82495b96e1fb4a93ebc9240592b39f47be176abd0f4ed23c2d3	8871433	train/01752.npz
551d49f315a267779788300d3e7b0338152cde0d44f0ad641bbb0badea7fa42c	12416253	train/01753.npz
9d1d0dc5a6066f6bd83c7162c3acb496ef936935d8bd5f41608f26a8b6cea785	7348845	train/01754.npz
9fb0c6809dbfc882190034bc6327f144eb488a74a33c04a0cc354d888434447a	9399124	train/01755.npz
e782147499b79f2213676171914efeefbd6df54ec9b51a9859ea29ba075b01a1	8550580	train/01756.npz
d37a58d451929df785750fc6056e0748994cfac5a449a4117d6399d9bca4cbb3	9253093	train/01757.npz
fe845dcfeda7bc11b604bd322d44b529ed4baff9f62f23ab7cf660af81e6ef2f	8201375	train/01758.npz
226977cb1b46d70ff494d3cf928b139a4eb194a4c762307522b1d12a123afd04	9634999	train/01759.npz
f084fdf7c7e2d1bf9415fc885fe3d3c71392572c85a3cfd0b635bea1b8e55d53	6414562	train/01760.npz
849a956230d7f51ed396a1dc28f836800a4e7b816c712624713bae100ad3a564	6766448	train/01761.npz
e33245486358f3e9b12b004f5f3faa5ab38e6dfd39023815da8ced8400069b47	8815544	train/01762.npz
2e69b870611a5fc401a781c2ab07cb0a4d5a1854b3af4ba7f2472f81e5895c99	5477185	train/01763.npz
1d92d40f75acc7a28d128fb40e6b0eb13203f1fee831fee295027700d4590e0e	11856411	train/01764.npz
9679a0798d0d393ae569721d1758add5ce663ecd543bc7c7509a424d38e37677	8258258	train/01765.npz
9bcbfdf2d19bda34f5ec6a0958e9c775b797db34d8fba9f7d991bacc48bced31	5390954	train/01766.npz
f671a6483133ed5b892b4e1c6f449b62d4225e4b46c97d206e248857656c7e0b	7850436	train/01767.npz
7807f0b6ea1d8884955494b852e8e93d2d9d856f9b3b977327e1bb6b68d405e6	5771731	train/01768.npz
7f8b57b7b37b1f509de891a7033b9953c36af9a946e50c627f38530e5518ef6d	11126271	train/01769.npz
c6681f2ea8b12089d16f87cc0b60455c5e3de0d0e2c2c79eb29a3d9c15a925a0	7058919	train/01770.npz
621430f9c74554b5f52c588f23aa15d989fa4a472b62961ed0d438efd7755eb7	6821827	train/01771.npz
4d57a809479b1b8c0937ab9bb0be9e6480a50065d44e2bf161c736f390213df5	5857644	train/01772.npz
90d05cc33e172dddb3f6993f32c49f8a110c4c57f27766bdc5a615d94f742c1f	7793180	train/01773.npz
53e63a67fe5e1cfd8eefe570df9b0134ecf1f5f7ac06373c5e89a84adaa7a034	32522569	train/01774.npz
efbf787eb99b6650989db65fcbabfe9d3a0bac84325a25e63d36f7411175bdc2	6563047	train/01775.npz
394f1fa17b2240d537263a43424fb3ad11b900e5ca615fab3319af32d0c8c154	14786082	train/01776.npz
d27ba7235f20743ccad207a998325c12ea092d8b440afdf45316ea91ef6b0c81	9782352	train/01777.npz
852b58465795a42467ea3ec69ca8729d809fdd9c983777afc6cf7fcace971dd7	4716152	train/01778.npz
3118d178cc2b52b858c800edb271812a0c1c65c4a42bb39a2bfc661ac8063dad	6618128	train/01779.npz
fce9946140af92da265875ee8c8250d7c0829e988b9d81e42912277095431a21	6267142	train/01780.npz
7db1a55cb38bbdd8c48ae238d9536c86e4ab3ae6b13caaf80105932a91e8f385	6353815	train/01781.npz
7be63c6b31a45d0899e4e158a64bbf7c9932238e9791512cc8bf706d24b55115	5419759	train/01782.npz
1f77a803b21ed46c1dd9778e777bc7c6e7f0fa7c7e9129c7497ab80bd853682c	7439719	train/01783.npz
334f3829aa63a217127bde998f11b3f2e29faa527d2422e487a83af4a9d5075a	5186729	train/01784.npz
a9c181ed07acaf491b1e11ef6b1baf345a0d17fa14345c1fb0e630a16db0d9a9	9929655	train/01785.npz
5c2b6a54e9b867326b3a12d328f6c60b0dc8f4d8da1bf349754c71cd57324157	13850574	train/01786.npz
9de281d3a22b535dd53cecf8fe40eaa797f86379ce56f28f325e2b424a44c07d	8847700	train/01787.npz
150a7bea31cb7d15548e9452693bd0eafe94e6229b7b2546bf20b7f9e8aca68b	8170116	train/01788.npz
3bc0ba92dda41d3744b14a7cccf6adc40f8baeb2b56ade1c0241959580515551	7029374	train/01789.npz
957fc5127643a1b2492cd88f7d481f35c1afa8cb31de5cec047cb898786ec8c2	8931908	train/01790.npz
e7a9ff40b9aa8aaa4900863a8f12e7658addd0d929a15288807e1fdf6df1be9b	9226542	train/01791.npz
811ce540561825c461cff49cd627cb04287afed56360750abaaa2474ee1718cc	5800106	train/01792.npz
6391be009dc5f1709af4dc44809843aa8db3bcfa5086ad348296260afecf2f5d	6882554	train/01793.npz
481f607fae5b06f299f6d63e1c8a45e8810a73c31cbfa460390befbde5638562	6912265	train/01794.npz
72c12d15c407fe1206114583b1121bf46a6cddeb35ca9c11690e5729acbae8aa	11274346	train/01795.npz
d5416c788498ff85337402e8045a2a50db251ffdaf3918b135aab9a5c3c858d5	5362068	train/01796.npz
42781b5b70d6ecec90e78b05e0af3eab9d95ea6393a5f156f8c1955d4c26a549	1964925	train/01797.npz
a1925ec17ba953e6fde8324d055a1f0bca120cb0226f872b4fda14e378a37327	10281101	train/01798.npz
d3097f05121c55eb81392d1681c73c45d0098945cfdb3f5b83c1cb3efd300173	10480751	train/01799.npz
6ca2c144fdc87ff863c10a96856be6789b5aaa9ff25472787021cd7a1d29510e	7704234	train/01800.npz
5e9be223ae19ec4070b77b1226d3b1b5578b3c81d3dc59247c6173cc725ed2dd	8785164	train/01801.npz
b4e25eeb19daeb270268265e6fe58fb592bbc9fbec47738113a8765f006819fe	9519860	train/01802.npz
6a5ddcedb1f0dc6067761a5abe0a2fa259ac6a8a1936748156e50d9a53e1674e	10426127	train/01803.npz
e2ca856dafea9ec407f5e7265a5a4581eb74a73c9f2faf4134810cf49d220a32	3956587	train/01804.npz
b474b63f59e6b527e4050c87f71edb47788d024f9e16d39baef166909724b39e	8638873	train/01805.npz
d10482f9e6f528efbb9039d3b776d3939553fdbf45257a65574a859131551f8a	4044991	train/01806.npz
86797de5583c14c97fe6f8607d06c5984c9ea7ebaca156bf19a00915251771de	10921599	train/01807.npz
e2a533618acb88df0ff87f12f1eb61defe84ec4bfe2d34aa85592fa994ddeb8f	9462272	train/01808.npz
e2bd524e47218b71d45bcaef298ec96870935d4ec09f6663b3baf258210b8bf8	4072447	train/01809.npz
e20640c7d856014bfb254bec6889afd728836afd25321b218f6bb458a39065dc	9956117	train/01810.npz
b9bf08ade6836f726a6789d4d599fbf7fa0c48f0066b9aa9f83df754d45d9c5e	7995298	train/01811.npz
f285561084d03974f6c947b63aa401e3759cf2ac1aa15dd6e0dddb86f6bfd32f	5595154	train/01812.npz
107c0f19c4312bb782b0bad84d642adfab028adb0dbd7a04ae422ad880fd9550	5741353	train/01813.npz
1103e49f377e08ebf7c0e0f66aa2dd87944af85ad489cb1f17950ca8f8c95646	6355221	train/01814.npz
a65f7b443cd1b88335568b27a1fd0e107e5528006421fd410a9cb6895e74d273	7350998	train/01815.npz
9164ed0aa0fbb853bd08dd17b6b573866e197d56e20b177dfd5561a05b035c79	5918757	train/01816.npz
1ef158ab10a53b3b9203e74d4c6b9472f0967c59ecd22cafea3ea5e2d0115fea	10543830	train/01817.npz
8871ec27ff1ecaa54d64baa8c3ff459a4770745fd232bd646b729d973542ce1c	7790760	train/01818.npz
285aa64c776b190b963c73cf13772e8521632945d64cb021ef4f08e95b7b0cb1	9956366	train/01819.npz
8551bcb65fe8dca905a6ca253a2e4a4f141ee6e3ca68fcf7278783ffca1a9050	9605520	train/01820.npz
dd11376595b8e0066faa7d145f086b4eaff3d6df135cdc3c57c1d47d69544af7	7466861	train/01821.npz
f67f66358b330f237595d9576ba614c478a24a52a3c017f5179e822f0b3ebadb	6852580	train/01822.npz
57c240689ef6bdccf2ee035e0e05f0bc37ca82bbbced73ea8d91532aee385f25	8964616	train/01823.npz
beeedcff5c865a9ebd1184c54d84e85b234fc8958adc89e796aafe9d0ae0084a	11039618	train/01824.npz
e98f6ecee5d574b693d4b397ce66787f593ff932c237c207d2e68fcf000293b6	8051593	train/01825.npz
1483ae372715c9ccd6b164ec9f953fec52ff8d9f71987ad95aa56829fc269175	9546083	train/01826.npz
2c86fd8de3dbf322f46743fe5be847abaa51e756df5868eb8509c1199729c323	8991048	train/01827.npz
1c76caf1f47a6f959e85e8c6f77ea70410067750a5083298baf68b054d2a48f5	11038157	train/01828.npz
e8e9fe458ec4ddcb7ee544d79a2bfacad15145f082f52bcd583c8f4e89cabff2	7996212	train/01829.npz
fc1d817447081e75c00f57ff61fd71d11f5a24bb575d68c5869c17d1d16c1256	6620722	train/01830.npz
1f912ab1a3454c199c1b3df7918fe8f68765a05791369a3430f825ea1faac8b7	10278376	train/01831.npz
fedb8bda3be6b2f52ec2ae8c88a282897521e3d33eb5b98b56c2a2385afb487b	10425174	train/01832.npz
32a09e10a00084b1b9ebecc81787bb77869f718a74263d318a02e8f8c51d3697	7618766	train/01833.npz
94f8c3dfb146405f0171241526896c7e620707ecb7d73a1d6573ed241095353f	7320595	train/01834.npz
94a646194609e8decb7f649f606f34846f37ddb5a31f6ed4a03afa2d248d6e49	6767004	train/01835.npz
bbade061802be14876cfb502c2d44588aec447bcc07a10f5e6355c2e435716d4	10019383	train/01836.npz
b806b4d2ce591b44480d11ef30c496608315ecd42e7ad57b2a0d472e9f1a36c0	5742238	train/01837.npz
a1735bfe9c88133a838d52db2fe06dc10e8911af91698e6cf131a2fd55866994	6385895	train/01838.npz
5623fe67aff945e322c1a52467cf825212b295d6439070e20845775552a0432f	10810152	train/01839.npz
d3c6a43e327258d4a3baa8f310b89ed0b73763c51278fa5bbd32eed332bf3120	6886690	train/01840.npz
64ce9d40d0c22d6db19dbb47180bddb8a5ff55e421a4c77f28ebaa67092fe584	21617179	train/01841.npz
54d266d389747e3d89fe5511c21e9021b0b22a15a3eb5d187407ff2445be473a	11159760	train/01842.npz
152e7d8088a11e1fa1ba7d550986bc3a56ea997d6adb1efbb47861f2a1885ef1	7496033	train/01843.npz
7f58ac74d783822cc93b6ddc32c13f1132f86beda52ecefac823fcf7212df2e5	6328401	train/01844.npz
8824e7f5c1ff978bcdcc30bd53b46b478159a5415bd0c089fe3fd69637c40fe9	9838621	train/01845.npz
7b8bc6e38f7dfd734ddfe543313bdf9fd810ea15beac751855d8af41353a490e	8670050	train/01846.npz
1971d5ef6ab7ab547b812e86afc38824c552a8a19a4eca4d544f7441cd50459b	6563733	train/01847.npz
9edde25ffe40d59fdf3b3fe57d455c06c885d04e02071000e4de8b3178b9a761	6500985	train/01848.npz
c4056cd4a4f22d6f8608c18ed18c7370b0dd56d1f2d0356fcc54ac8c8f23c223	6708153	train/01849.npz
bbd30411f4b422b3c0dd34a2fe66e41d81df6627b55e17209eecc52a3f69e9c4	9047700	train/01850.npz
d1f613634964422759cf189149ec69f6e29f06dafe754843c8fd7b1e18490b94	5655278	train/01851.npz
65758c8937accda0d8108b277c1ecf18c1fbb01d61c472239b50d88d92494d37	10772307	train/01852.npz
83275385fcabd3c0e51cf69feb0b6a8a7fe67c50ea4229432300848bf5f9aa02	6211020	train/01853.npz
7f5a4e34250ed5ea03a51314dbfe6be33afbc0df45566fa4bc3d7b4677306d83	4921982	train/01854.npz
8886187f6a87303eb59837e32bc2d0a2aaa2ae4444be1606dc797f54890f9eb5	31821204	train/01855.npz
2564cba5afacf5fbae2e6572c2061e7d4a30ccd35ee61c738110e9d9b60b90cc	7326691	train/01856.npz
5b901f16a22e825b112d21817de271e46ed1f762053f16a722300bda199e277a	10482357	train/01857.npz
c2b0f6cc22af5c6b4c2f50d3b5e5c519d43b4a117024f667392a631cc2a715cc	8549650	train/01858.npz
e0d7307fd66ef80e6ba2b227364f277b41f22c5b2e6f5a67096c303cebc6043b	7291916	train/01859.npz
89b457cf046e829f32ae7c892953c98c0bbd71b9df0e24354110a21c805f6760	5067389	train/01860.npz
84dd984cede00062b8e37dfc7c121e7e625b6e805549910970599b15636c32c2	7029664	train/01861.npz
f934c7b0acfe7230ea7c4f89a430f22dc9198d5110357ec68999fcacc2fb9144	4805000	train/01862.npz
3bea1fdf94de137008cdb2a5ca674278de40e58c5e08348798c61109836ee0fa	9663011	train/01863.npz
38ab77817c2a667c76eca04b18c1a0802d63e954a4af0d60d671ee78cf3a715d	6327064	train/01864.npz
89076cf7d4d29546822283ebcd0c4155842c4ad86d31fe43512fa4c1c0ffd501	6826480	train/01865.npz
5c5f6fa0e4f355afbf8113e9821751945d74effbf09f87236206de9f3b8c5444	10835795	train/01866.npz
8262fdee13259335d3076fe48468c329770fd86324476deb31a838c3c1c4542e	7704420	train/01867.npz
e0657b86aa3c391c8056a905faf470f41658ad93913e2a2f93fa95df8267ca0c	10630125	train/01868.npz
6146d87714c88a023f43843b30e478935c1320083fe67783276991e0de01188f	10540488	train/01869.npz
dda5320a23a05051709b997397d8ec4c7dbc2ee6b1f08a7ad6e1e08536d4b9de	7908097	train/01870.npz
fd7604d80618b30da68162114f7b886c3244a31e1a12852b2cb3600cf8b07d13	5040333	train/01871.npz
ddffdc722bffa7eca316661aad0e2cb9ded5bb157dccb39b4ef5b6fdd7925f40	6826854	train/01872.npz
3c904e17817dcb27b0490bc0b0e2d6fee50e88951099bac59604d4762cba3d53	9398289	train/01873.npz
142165ca05ac307cac151a89948bc1f197ed133d23addced1f76d2f7e3dd7092	5564986	train/01874.npz
41b7e6b8cffce43cc0b283c1c0deff85c4ef5e41c13ab3056d10dc7a28aa7b87	8260066	train/01875.npz
8c45e78ae6f464e65820e7ad3f2237f88ab28d42ec7faf46dcebd64955011f2a	8900779	train/01876.npz
34bc7fb2524a222370ce5a68ea592628dc7627af077156aa154b302380bbb071	6003893	train/01877.npz
3da2fb3b6b0c1ca98fa2d28fc2fc5f172484225b65ad3e6badd737621059ef6f	2286430	train/01878.npz
21269d4423f5f543cf8af6bb884cdde7b1ef78b9e1cbafd6f7c8bb55b98d4c1e	7849138	train/01879.npz
a399ac3be3f52307e9377f30da5a5d252d65745442b17fdd521096014b4574c5	9928682	train/01880.npz
42b6c0ac45b6b49629c38cd6a7d5e5330fc6f1660ed791820e97c735351a8128	3341346	train/01881.npz
8ce8df8a166312bdd5b14aef78f346667c36d8cddca5bede7fa7c61a32108bb3	7997101	train/01882.npz
880ffe2b86072185cc44c8f424ff171d41804df5111997faa04cdecd2c322269	8493145	train/01883.npz
044886640e56c7570fa1654207fd629e743167ef6bb4273b3ab3c9dfbe8f2c77	7088602	train/01884.npz
482da9f729115b033d3af25ebbc13d775be6db9bbd300c623f9b47e9ae797428	22281151	train/01885.npz
870380392dd9ba82831ef7939d8a5179c97cbc8d19ebf4bf39241a857caa4c8f	6736750	train/01886.npz
8d1c7c47c7884e84a37e5ef4bfb0a0a023e11022be4fae83b9a289815648dfee	8258068	train/01887.npz
ac12a7b148d59fcd4d738bd4610400e0232ee026f3b5b6350a616708509a21b1	6851850	train/01888.npz
3abceb754d24fc3f5c6abde96b473f1ddba882f81446866404ed1d2730cc344e	11215284	train/01889.npz
cbbd6485c1647610ffb9448c2b4b9bef9e4a30a2232a9dc5b8535ff18eef4131	9519830	train/01890.npz
60f20fbda8519114e49439f55f78be2a7faf3d4c6ccd2f9e56c90081f5604485	5889688	train/01891.npz
4d345decf0b1ce4c7d4e0c107e0e0351e56d5ee8f02cfb337bb8b9e0199cb263	8316974	train/01892.npz
a651ee375d402e14e90f2e3f1b54a0d78308119a8657bbe88d3492ce11f97780	6032896	train/01893.npz
142821d31850c9c78fc12361a0479d6344ca47ed243d9b3d30e39488fd78f15f	15988273	train/01894.npz
b10d5b943fde72c044be1c83afa29f84f36660853efe956740d2788b18913215	6182501	train/01895.npz
691a6d9dbb69aea72630164388ad48d5b9ad58ae0124aee9d7d6bb0b99e93a98	6151361	train/01896.npz
381f8a69f42bced8216476fe9c5d697368ea8a1e12976f316c10baa7818d3101	6531713	train/01897.npz
c7c980f8bca81bb15bb65e632b0b3743ee8369cff8c51ae733e010d4f21b4c9b	13354453	train/01898.npz
d0ba6049700cf0ba13ffc91bf70d0c75defd9f2111704becf7c00890aa6f1347	11536625	train/01899.npz
3a97e5dc7f3245d22f07dc16480f66944e2d28c54a60db85998a2aadf79e1e5f	7235350	train/01900.npz
250eb6c8c73d7c0490dac443eb98bf27c6b721a2dee6c332139c3a94abf72eba	10045115	train/01901.npz
7050f856e162f45a093e1cf8165dd84ea5226dda598459214c713083202e05d9	9339389	train/01902.npz
d0787698dd35fa8b1171cf0073c10ce3bde249c45fb021a8575cc5d127ac5921	10718630	train/01903.npz
5db1c2b6c8688b36de593fb707aab4f9681a386a2c178fd73c14e267fddaa724	5300649	train/01904.npz
d83f0f0c496c2e1b7e9a3d3d1835ac064ae66f987000f9fb677624d6fd87107c	10223406	train/01905.npz
42c39449c10bf3503f0c4ded75270ed64a23a89ff30cd3edb0626f0f684f003c	5566207	train/01906.npz
c3255d695d23dadf2ee7c60086d237c08adfe2d3d2876199f25cb69a08e78053	9196652	train/01907.npz
3a2071b656235ad7602b33a082ac482f7ceffba2ac75713a2da975b43dbec4af	8844319	train/01908.npz
0f01efe39902ca8b2ae18a9d78fb76b802dedcc51cba042677609d4e28012eca	7144214	train/01909.npz
b976de3e2cb0e1284babe522132a9c2862213f3b7fd4d056c1870caef7e82521	7762110	train/01910.npz
6925763ca6277860e207b2fd95e7c17950618db53fd917718243861cda2eaba4	9927905	train/01911.npz
2ff6c54818633c236e310fd7cba7b27e0752e5647b25202a03a91a0fa9add67b	20968140	train/01912.npz
3f45375e0d5ddb4ee82587bdfd8bbbd2f9940cefc42f43ad323b27effc5171d7	8639456	train/01913.npz
f88c1c3dedca03a29aad36c451afdd2bccf4a1284b554cd0475ab4c52266c781	4716595	train/01914.npz
2cb6498f855da5110fd3db310c85c30a461d52f9c55ed42cdfcf4c989c12e8ec	6034169	train/01915.npz
ef9fd08deb5d8fd05d87956c80ee41e029fe6c17bef3dea242a51c46efd79372	8286990	train/01916.npz
c026571cf4d1f413f008ee81ec9fd7f8b8ca9b1868454e5f671f017aa3ef91ba	6208959	train/01917.npz
7c2bda44555b5860dc3dbce95a6b5285f745cc8716fabf7ac412c098c8590988	8934491	train/01918.npz
6bc8a0269b8059bef7ecab9a5081ed4ad90b58cc3609a2407b81634f047792ef	11329439	train/01919.npz
58acc7a5ad12b333b75ae910bcdecbed60323e76f5dc931cb25eb9198290875c	6972581	train/01920.npz
6cce3c271dcaa3602de2b2019ddb61ef25a80e57a305277d1e64af770f475787	7908508	train/01921.npz
f5d2f0dd99aecbf3ae8ddb215c8f7ffe21736e2c7cd8e32c7c9d1acb4e5a4adb	7671835	train/01922.npz
e072d2158599e2cc16ef39a3d55f5a2dc17ec595ce3986d04208db184dcca6d6	13468654	train/01923.npz
d6de2c5d757b604a65e6508f5cebfcac7321404e95cd4a0233862ee9d5477452	13904582	train/01924.npz
6fe5616470658f6555c32d2c5f3b66dee5585961194ecf85b0695eaa6cd045d5	13706815	train/01925.npz
458c520bb6820b5b42f2544edaa37505c2d3f12c5d53d74e4619562e1f82a15c	4598721	train/01926.npz
b13314c403add88961bb46a4ee88e72a5b11bc851899bd5c6fcc247e4ae5a68e	10981127	train/01927.npz
6c804ff938fd0c47da15b2f876748e2f6593add1136053d52b3c5e6e832638aa	8698435	train/01928.npz
f73e329ebf8bba6d9be34c3ef46d21e0ab2427093d619a3fa7efafb78d5e6f43	8053122	train/01929.npz
0aa253875420d1567edb3c53356eb79715a21fad982152e7ace22f490cb2e82f	16430501	train/01930.npz
86a9f0bc155e047d6256cff1057fb586d5e46363cf45729a22638535abc9e510	11802135	train/01931.npz
c3fc04d3c924dbca7486163b90421bbcd2a8ddc88a99e2e47a918945496bebcc	4569679	train/01932.npz
3c25bc5c5f009e1a946e0fc8d38f5a8e178941bf02e7e3f342d2dffb32d4482d	8055852	train/01933.npz
fea07585801d7603d601a4f8b573ac056fbf4f5758b284e4a247370333e94ff7	6034069	train/01934.npz
77554b9970e93b9c51b3875841c2a149318e09536afb875c5f9ec1f4f72ba277	14987268	train/01935.npz
4841bd7194215cbab25bb77181254ca19708a1a57df6cc79211cd6e84a521a76	7497950	train/01936.npz
238b19e0772e275c5b8665379503460190c479b161e682973cd41d4884be1349	10281576	train/01937.npz
1c09f8948f0d8632ddbc0df51c4a29ef03dd499f7f84ed7bca135819201f568a	9252845	train/01938.npz
293d5d627ad37c6f05e722ad1aaa25e52cb619838fd076da5b8c258347a6d566	5595225	train/01939.npz
e62f90de86266575687cd764f49f4ccb7459ef829a6bb24a4c67913810bfc161	6035929	train/01940.npz
b832282a1d11f1b2e1733aa4a9d1f555578e65a1813e63803d4cc32475999405	4949368	train/01941.npz
e6b13842b2bed4a6afca78c8b2f9f743744d42f968efc948bad988205235883e	9313018	train/01942.npz
cd62ba63472e413276bdb98f10945e9a56d9a668cae3e45cfe7d8d78f7914ab8	9166120	train/01943.npz
fe34536dbcc6031bbae35a963fbd3ba8ade202c1554b93538f0f8aac4411238e	8317867	train/01944.npz
c9994c5818bad909d663c1a4b64dfe3c435ff0934e811f17dbd31278ccc4c669	6415558	train/01945.npz
0142e0c1ec68de1a147cc7f2b702dbc1ffa8863849b5a7e59f85a22a397376af	7115970	train/01946.npz
faeae9c9725fa818ca4d6bcf09dd8d5e31d8e7790b49572355d9f9b982e5248c	5978566	train/01947.npz
3e746beb0a2c44c040897332484f60dcb16cbb8565bc5ced2c0f4617f648c16e	9165008	train/01948.npz
f80e0605d92deb5134525174d4b5ad705267912c8d46ceffd0698b85ef236594	7584465	train/01949.npz
40839427f17263b00df41e5dd11a309368180b075f83c19e4b54beeb9005afcf	8141320	train/01950.npz
d1788b86d2d91fe0015eb239794ecc2df2de161362d983675bb4ae937d044a53	13735541	train/01951.npz
dc415022799e66034f81c3fe1c92fe5520ac8213302b635581830424f3f17d10	14402131	train/01952.npz
67a98b6361368205667e807c8662e833cdf9823b58a1690f4b746ef09b4448c3	9223613	train/01953.npz
de2427363a44352ba9dd53f27b9217b8ff11915d51f4eb4ce7c8fed30f0c28dc	4952559	train/01954.npz
896f73db6f067a9d9ab1491f02349d65ce5a104ebe6aeb783be3be3235ef8c14	13848648	train/01955.npz
df6eb3acd77a76a2de062223c10d6f4fa66fc841904424c20a2594b2861109fe	7176897	train/01956.npz
ab8ee9c95c7ac4118dc6210571020ba49878c51b5c2d28e9260fbac520452f3d	9047222	train/01957.npz
58934cbdd0b3479969d64de3a0edce45c0db22bef5c2373f7c74a76accb956bc	8551042	train/01958.npz
c389e8b50f2f95a0acf829346df08de5c3030ffd8f629f054e1be789d3a4363e	5711151	train/01959.npz
094573c04af2806a865b00875baf39b993e63af3c8f410b4f95703bf8b2a394b	8435420	train/01960.npz
aae7530d4d80dacc869b6fdcf25a59a4fa10d26c62c2924a30e3b280fc4a94ca	4921539	train/01961.npz
b1d82bd73d4ded173238fb0a0e5f76f20eb2e7b20f4c043bea50c4a31c1c48e7	4980500	train/01962.npz
77f77d3a6ccbb78be05e4194df832fe7b7cd2e413e80ba428da01ce1670466fe	11273264	train/01963.npz
a4b024dd90907999e7530ebb8678b6fa3df39f9e767f61fa01e9a39e3b9f3cf8	5009334	train/01964.npz
4f865c2dd041474ac057d1e7245d103f62ffb2a7a78aa5823ebe4a926d5da85e	8230696	train/01965.npz
94d8ef3bec0187f429a1df100d60e7de102765c867ad63622a1116541b7ee29a	11887539	train/01966.npz
a3e4b601f98cd33813394962c9c1abde60d40bcd22e9ed222dc8923dbe526b27	6882375	train/01967.npz
f25f589b3dff91dff6178602d197d3a1a238d7e719a1c1670b68bc6d8b8310e1	7847308	train/01968.npz
ce48a25274abc89e45f14533d1140a68965873f84fe845d246452424de482960	5419612	train/01969.npz
e796d88cd222b290349d887aff03178ee59e801e8e523f14c2c28be500b0421d	4013998	train/01970.npz
c406598a976fbf7a1aa9319704ee751df3d8595915da66ef02ed8a266cf6f5fa	16189427	train/01971.npz
db9eb8190ddc8b01bee204a818b0d96d782d7c3dd7c0f48caabff7c3553f12fc	5917625	train/01972.npz
9969cd69a4675219e5e607ba2f38a90a599d61c4ae3fcd27e2beb77bb6a20ec1	7586798	train/01973.npz
638d49fa65a479becb6844145aec04f9f25a67b116d84e6f9c3c43759c71b68d	9369289	train/01974.npz
d4b788a3321a1cdc222284e178d6e4182274a5bdbf8e4c7f87fd37a91a6085b0	8432336	train/01975.npz
2acd267133f463320d6dbb5ed219f2be8da704d723418c213df97815bf0c4db6	4922481	train/01976.npz
921ef0c5237e402382daa1ffdb152ec026791e77422087326f10ff7ae14fdc7d	4100732	train/01977.npz
e08755ebd9998aeefc493e968a8bfc506ab7f093df325506c3eae5b74a2a1b1b	6005477	train/01978.npz
85316ca64b3fe11e9a73a35aaaa7fd74129953d005d6564131e496f2d983cf06	5506568	train/01979.npz
c09047f7b729021b893563afc2b9d31ae47107c19d2e18736ab2f6116a425210	9050469	train/01980.npz
17ee48977af2a76602b41ea20e81339a9180d5e979cf557ac4ea00ce2ae53dcc	7322878	train/01981.npz
f29bd532186a0eae8b598018fce28cce0aefebe2558404d1c3aa9475fb4f78d9	7847210	train/01982.npz
37e39ed21ba6ef33128327ec5c0cc153a36c355a36b775577a2a243dfc8e152c	10747908	train/01983.npz
555c776c6284afc25537a13311d51570bcee7a71b601bf57a66c7b7e59205f78	6619395	train/01984.npz
c44e81010455e94ac1a56f15a784a90c96474486ae756fa700643aaae8bb3f9e	9081465	train/01985.npz
525445fa1516f45975318c18589cfb62aa44e5445bd0be1531185e372d81fbd4	7848874	train/01986.npz
d4c60f5571d64ae7dec9edd0b05ea3784f0b34781a21cb5ea66aed7f32f3c9a0	9047688	train/01987.npz
a381ad5c5e38a8fcee3497dcfb67fee452d0470c37b56232d87e8d9b0abfa558	6560024	train/01988.npz
3128eeff7541fb8382e30088f0816d1f738bfe12360c08972e18545a7a854dd1	6473327	train/01989.npz
57c0767640ee66cab853171028076263c56fa0f54f632787e0804b6be114e91a	8171260	train/01990.npz
1c8618cbb301b40017d15481657bee8a238cc6b2a55723fa2df0abffe635675e	9486180	train/01991.npz
a8d16143ee3e3f3be230b8b35b63e473d2adb622fa901cd7693b9e070b49ad43	10778568	train/01992.npz
0fe9f360094fd2da1f95bd115ab06f56df41758bb2d82e726ac7930012b4d7cb	7235138	train/01993.npz
f9b19288adb5e79de272d5c8679b4c6c2a5f6b0cf6316bd4e738ac16c7210c91	4951956	train/01994.npz
64e6c961d54781370ea0d3bac64a7bdec4d4640c1db137d35bb544155ff011b1	8783577	train/01995.npz
62a9e8df220d6d8dd82c5427141261909ecb0b89fd0b3793ffbb021eaaf956ec	5216421	train/01996.npz
a768df5957902b880683856b7de27caf0d835464041b7a5da85d7bf12484c813	9138989	train/01997.npz
c4fd0cdff9045d54d6cd4b56eecd7c55b5561217bfbb2b0f2420da61a3677f5c	3399625	train/01998.npz
4cbddd6013441a7042a1cb98a2eab0d7dc1c616b48763b6b08208e716749d7f7	5653698	train/01999.npz
d254391737284cbfc076b2587d60b53b2ec13f4c21e8d028e7171c94c1492a8f	9663071	train/02000.npz
2f38d6b84d7422c55d54e978fbc3648419535f5e7ba372b1d33e010868012c38	10599754	train/02001.npz
4524c442750f18aeffd7b8b8785eddfbb51932af9f0e0c1b9f2eecd345700259	10309621	train/02002.npz
78fd3949aec4d3c0adb4bcf67c8d015bb5a3ea93817b0e9428809c282b124fa7	8902546	train/02003.npz
e5d2d6fc96c88c7331e4f4d9904e1c0f7d013838e665b0a423cbebec5c67bce4	11331184	train/02004.npz
8697a425031ced4a221ff7a2d392263353fe2113f253f113a97ad10ef0253d4b	8114759	train/02005.npz
0f89049f64c62939ad25ca20603637a7bc8ec86fe69b7b23b30326c6a6a51e8f	5506260	train/02006.npz
5f4b885ead24761c6cbe96d97ca0791717fde872bf96c7c83f15598213cbe5bb	6208769	train/02007.npz
49f1a870517ec691cec933f6eb3306c1e23ee493c8da0ad035b685f77a58e709	5946680	train/02008.npz
a14d965b6582b5a2e0b983a7ed4cde3f07126c279727033e303e72a3a95c3de9	11099347	train/02009.npz
7825ed6577c1a8db75bc6a5c97e73d921e56fee3f80da18c1cfdf316a7a9602b	11832107	train/02010.npz
6349f0e48a67438f16dc69fc0d2db32a7785c2e2faf5a8095554b1ad5570ed67	5975654	train/02011.npz
d744b29b75f11d8be3eba9e24470a71f6696982d2b44915ed95799b4acd851e4	5978021	train/02012.npz
e75734ef516abcf7d0d0a63fbc2ade44909c09a2c342bfd05d8511c6ef6f7796	11716101	train/02013.npz
6556a800467bcea59b4d23fd3435fc1665453e99ea06f577eb953f2b84a24c3b	10133502	train/02014.npz
8cb535c0d9ef6ca7d2a4e6e5ce1e0c7d7f66a3c85ce87bfb8c34118d8322158a	11917440	train/02015.npz
359c1fae378916519f27d7380444e90e8b4b3110e9d43cf4671ae584a32e14f5	11272175	train/02016.npz
69300ba49a5ae2eeecb5000d096b4dd9bdd4e51cf771179a2af2ef55fce00383	6500350	train/02017.npz
f5d81b9590172e185963ed50bd3cc3c2ecc2a28d04bd72ca44def9e332f20476	5564437	train/02018.npz
2333ef57efa36dedd06768748884981c7086061d08448855c06bca1d4bca7d92	8316582	train/02019.npz
89720c8df78a9abe18322bffcf5a7bb3112997f4ea04537b3fee237dd31c695d	6765866	train/02020.npz
387f8cb8b7a5a88aaad0d02c58fd99c1b053ae9220bc08e13307040347b75c88	5331498	train/02021.npz
755b24e75d2688aca7699e11884b281e04a9cb8f19322775690d853a144a38b5	8611061	train/02022.npz
5343dfa06e841b07861d4ca4770f84b1a420679219740691f5545c5723ad6d94	5417941	train/02023.npz
574a17f1c3b28396374d776428af9793b492b7e10d22e1f4c446fd784dd7e48f	6270875	train/02024.npz
86c19dbffe259a779006813ba76b1324d3bb3f5c2aa81b4ff409672c1252fb0a	4248798	train/02025.npz
b18600b926e37f7991ff2f09dee2a17678e95d9f12c8b9e2e80c306605f4b9a7	8550988	train/02026.npz
1b79b9f310882fa5d99126920843866952c2979775d16d006859c4eb995763eb	7556484	train/02027.npz
973ba8b8b61341ededeb3de1073a15f55c7d73c888526fd6342f6ba688f54c47	8434913	train/02028.npz
3610e5e3f7591781cd7dc94a5720e1bce4081e9d32175930f157e3867776bcdd	7088877	train/02029.npz
d0bf37c8f3bd2491791ec280bf2e0b6cd2818fcf1d6934795495888f254121cb	5977721	train/02030.npz
46bf4a56ccd58ea7ac9bffaf3b73bf7d083eb5098089477a44e947d5cd0b9484	5155385	train/02031.npz
c6a64ea4902ce6c9fc5918f2100964d8dffc29167b17f1d1fd27c10c7f980e3b	6854421	train/02032.npz
d6e41467de48ab8f05826db8ad2d93ef8613faefaf80ff1fb26d0967e3da05ac	6852780	train/02033.npz
d4909ffffbc68317c4f9b93b093da37c4a14fd346b9be85daa5d6d1def033560	12005069	train/02034.npz
a3546fe0286d30694b4d8b89a720ef3f1e883ec572bb5944b7d9ba5f198cccce	5127476	train/02035.npz
a5c1d2b2f4552b60b710042e62b6611d69cea56291254c4aef815ca8c4b3001a	4863652	train/02036.npz
939ace2cbd638f0e7934d800b26d57e324c19bf9f5e5aef93c349c5990605f5d	8814644	train/02037.npz
f27bc6f6c8063e65a13acc80b9172f25565e60071ff19aa60a7ac66d86c92b4c	7262281	train/02038.npz
e474cab28944138a1a67a4206ecc6550e7002788115d3bfee443c28558402ec0	10191912	train/02039.npz
eb8e212b0f2f4e3aa8cfb3f040229f11fa0843039b35d068a7e3553b4e8722b8	6094192	train/02040.npz
1f934b854a3d6946be972155cc258b9ce99930879ec12704a0009ea430e2200e	12594590	train/02041.npz
ca12a7b470b566f17f0dbdda3d1f3d04b4345d855699b32d5cae9c456b6e7e45	7817813	train/02042.npz
f4f0fd58151cec521c65ee573953a02f2aa04a82053c0678ab879da91b4bce13	8639268	train/02043.npz
3910e2c3e84e17a647a0774981a447b653d3a48a34fca592c0f464eaa0cd77fb	5623679	train/02044.npz
d7fa4736d8203c20e90a6f61d2cf5654516eb9cdfc1a3a68b8cbbe19c07d85e2	6973033	train/02045.npz
74a1f4847768fb06390c5e5efc345dbfd0b86ad8122e29519cefff43576445d5	4100717	train/02046.npz
a0c35915a3daac29aa8a6ed07c94be4ba793c3faafee08e9cd9c9047f6b033c0	5009127	train/02047.npz
4bbe84408d6c27c03f800ebbc23d4a87c1e6761399a953c4cae388389cd44d02	11009550	train/02048.npz
a5b6ddf55933a0a0724079f324e5340bd0c83bd082033ed4df4711c7f4e7d979	7965564	train/02049.npz
a2aa83c24c00531254e54529dd6f61a1c1e17fbf9a9b54b6bf6439e65d47166f	5623947	train/02050.npz
5c20b1033837b839d8ea64d3404fc0499cbb8165072d13df912e779e82794762	6882868	train/02051.npz
6dcaa80fd39d807f6ea24fcb95dd05f608995942ae54a56f2148fdbcb6949e87	8023140	train/02052.npz
aaf5388871a21c154e33547778e53f0eef467e865df95cd35ceb0d1800b70c1c	6386123	train/02053.npz
767d5fc71ed3c4960f8c409b4d2b943aca574063793b40629a85290098600602	6768288	train/02054.npz
3196914ff21931eff4553fec0fe3d192342a8fc637a07d2537664ffd52741d4b	6031903	train/02055.npz
3c898bd96eed3ec9508d40f4afbb6f2c4224483e0a16d09fc1b132ccd9df67a6	7966166	train/02056.npz
c22b34a4c3b4f908c0f31a05bb12c8d3bf0250e6ec54fa968b9f6a1590216bad	4979702	train/02057.npz
67fc14f256e8f2ec0456568bed0a4b3ceddf190f5a107e50c65a18e2cd93f635	11042941	train/02058.npz
bfb43d85886ba1dea24d1fab1903de1443074bb7678a63fbae1212e478f6161f	9488935	train/02059.npz
da6e64a9cd721f390c92c1ec5f2df2a4204e773272aa80649750dbdbbb43a2be	8991675	train/02060.npz
db58a4c27c6007e563d3b601fc80f7498104f75aa298bd501bd01358d80e34c3	5741723	train/02061.npz
95faf3f20a50a6a1ad80cf22af569f778ad0d8fddfd1faf05e271da3715c746a	8170448	train/02062.npz
b69ff2665be84403990dfee7854c493c7c7af0e042a54e267880a4ff64406151	9634115	train/02063.npz
e78a658e98b7ef8ec2aaf294deddf8c6318632acdc02044d61b6ca1758a3548a	7027672	train/02064.npz
52226a1186e5f0b83801a5f42528a2715f0923b71d0e1137b8d797ac037372b8	10512222	train/02065.npz
5a55926fbc6c24d68d19b90bb264052207f67b4bd8ac3cc791ed34346ed9de93	4892341	train/02066.npz
263996eb6b1526f0960bb3b12e36b67689253f5e2a9e66ed057d3f0024612a9f	12791141	train/02067.npz
81d0c2bfa74d7774ceb94436bb99f0132efdb65daeab2018ffd92861334d803f	7936744	train/02068.npz
35b6f496b5bb9941b35d61ec3e7afbda9a077fc8d7c4c75588c4dbdea6bdab51	5829113	train/02069.npz
0ca86e4017bdb1bbedcb1f05b4b5b458a774f876f5bfac1849f0e341ae38dcc1	7147592	train/02070.npz
162330b1457dca5d18b897e9b38d2c25fbcc5dfba5f5abed5ea6d08a28f453ed	9662491	train/02071.npz
cf2ed050e903a2c56932f572518aa836ea3336263f74a7aca51c51d4d8cce1c9	9722354	train/02072.npz
741abf73413b92fc0fca77c90964ca2d7fe07bbbe2fe866603575400d013e081	6123098	train/02073.npz
2b1cc91742e9bfa4a06149fa4c0cb0531d65a4bcc212a27c26bf3d555a32a821	7176041	train/02074.npz
231d0bc615bb3252058bbc68ae3e9e1b173cc44488f23b18c231524172144e2e	9956917	train/02075.npz
45913e1c81ea8033f316bbf20769957718e0b93dfebfcb0bc1956602899ad473	6266298	train/02076.npz
5b3fb9c960b4d6abdb7761061d31e5877cd2a9f49d61f6b43a0e4d004cccc5bb	7175915	train/02077.npz
8ebb754f83550d7c51ed566f230c2260e2a2391aec94673017da7a056384ae7c	7849516	train/02078.npz
95ea4a988b920417562f8128e1c16df93022b7fef594d45ac219c79fb3e3e3a7	7058743	train/02079.npz
70a96a84ba8016abdd1d6de796248140dca517b0d976407dc0435919730508ea	6704145	train/02080.npz
f05d1be3cd4544c8ab8f797ab3884a488baad07c52ec85650c5f652c37b29809	7059193	train/02081.npz
e812aee28d0c771b8a4a3eec54718af229af2e06849a895b766c974b0fd8fe04	6821942	train/02082.npz
6961ef336a8f274f4482a5f156cdb0a7ef0895f9a333b4590c2f1cdcebaaf5ed	10014132	train/02083.npz
f48898f3921ac09830d9bf29971ad216a8270af4d12860f52304e51e18285624	7940333	train/02084.npz
bdbaa469f6abc5bd8665102b54995614c94d12bfa2f6ab7477be30aaea016d2c	33012996	train/02085.npz
fd5193cc9f082b6527a301d61f3cf955e4c79539910ce5cc6662b6a2091d5d12	8112710	train/02086.npz
254f8e080ff0e52b5d35d35f13fe390bac40a2209243adf3f5c287ff793702f8	7203975	train/02087.npz
1c8ab5512b681e38756ef353f99e372c83118d92ca8f579147a55945af63fa34	7382113	train/02088.npz
8abf4f49465b1a4b321b879e50e4e5b5b5ecade30e073dff765b854c15c704f7	5772863	train/02089.npz
dd5c07437ab4c9ea236fddc2ba8cfbd721d729f599a0daebbefa42f437830096	5009781	train/02090.npz
e09ff49215bbd45d43d32f0f7b1efb6de1bc0485fb0a0872b9c54c33878d9746	6442985	train/02091.npz
71982b01e9161010c5ec203a6b2b1b400427c810cfe38bdae76bfabf4a350fd9	5008889	train/02092.npz
1aeb1d9dce91764f0ae16ae03d86f4e07c477b84775139fe8b62bed1fd4ed3ba	4454110	train/02093.npz
2fa5949394f98cd4f712597f967dec3194ece82300d12e7b7dd9cb46620e1814	6209061	train/02094.npz
3c2dc52375d2e4cd8c2b85d2089a66f718ecd03316d1509de365fefd64099355	9459437	train/02095.npz
51f1df4d79aab2b76b876cab84ec7b48bbdd40b60be30548a9dfb808cb6e58cb	7351560	train/02096.npz
48190add7cff966498cb8bad8e326734afda2c4256615f83af5725827326dc21	9634115	train/02097.npz
9face6d4cc039c46cdf3dc6fdfe56dcf9c962e372e16db76be4dc1ca62cfcd59	10895239	train/02098.npz
f0211e3babff5489400c8e031a7c5dee0761b0840151a095abf8baeb490aa33d	5860658	train/02099.npz
df0579ed5aced10e1bc8ab514050138891db7b773982ba84a4e7f7bddb6f3cd7	6530363	train/02100.npz
ebdc471c84e13307f82ada6362e45b25d195bc2902ac866c116cb26f9fad45f7	5508201	train/02101.npz
e76a0465823c96352f701ec85b6b0ff2345c372593d5638676ec9a4692394e4c	10247315	train/02102.npz
461cee378840e602a42380a289966fa784398aa16950ffb4ddb8d0c74a90d782	14821879	train/02103.npz
89e582c5f416aa1dc3c5a6cdcd87b00e9df87791664c8b9bbb8d110741d9df42	8906674	train/02104.npz
4ce2b033973ba7ff5b30e1d32f02bdc8f618eeaec6aec46070f5418ef5e79d40	2812910	train/02105.npz
dcbfe981b7cf5b0ad57a3796dbb944894ee03fe06733479ceae95f6e4f3c765d	8494657	train/02106.npz
b0681ec2e3100f6f2e75ebf944df3d8967466a95b938e1721ae1d148509db2e3	9162763	train/02107.npz
0dc2f7ae65864a1a8a79b4496605b20e43aa2e7b06cdcc9d46c5ac623dc835bc	4950768	train/02108.npz
5deb3298d6bad17569d446ce89d6305f5ecb970b481ada8d8dc1586443280a63	12241741	train/02109.npz
6ec2c273ba1cf80d8f47ef964b76021ca40a3706e9d8e82e5f064425349246fb	7643012	train/02110.npz
cb1028732045397dac4e2069451ae58ffbdd6b72a8d597b8e4a31a83ec6ed781	5858477	train/02111.npz
4c5db4a3736fc42b09dbbd464348ba63935829708e2fd46d14e01f1e93bcd88d	14439238	train/02112.npz
3dc7138259fde1a1d55ad544fe9a3cc976a6f6eb7bff72bf75bddd4eed981da2	9109858	train/02113.npz
1028d022c85c09c74f0add91af53edcd346f9339900f74ae6f3da67ba3b51a0d	10190969	train/02114.npz
2d10b19ed4b78974ec287f1b551dd8cc07d52a81b71cf5c4724cda3698c39f69	8171623	train/02115.npz
5f9d835c85c3cc87322a7c19ba0fd29299af3f50a08c2f8839210b9467c0da22	7087706	train/02116.npz
c70310beed4acad12d98182de842bca87815e66de0627e13fc82a90fde4166d1	8489329	train/02117.npz
3aae3f94887a2d96d256b211eeea690adc149ade73712c3ec1323e118f4321f5	6062529	train/02118.npz
1ff6658dba83631d1bf9dfd6e32f27e60771d76a2b8741b77479bad7852cd8ea	8287530	train/02119.npz
4815fc323d3fbc20b4039b0c2f82dda1d79bf6df317acd6b93cf7505a56a77ce	10016669	train/02120.npz
0b83326c791ea56d4f846f29d391b49de29ab5b7bddbbb59eafc00195c172b9d	11013769	train/02121.npz
0f91be54acd570742beb41524ea600e039b8679a0909afabd5f759493f4c5aa1	8696973	train/02122.npz
1123ed85cf2fbacdbbe0d16d9bf2ab86dcb6b5a22d1978794badbb9a5b9b51c7	8051955	train/02123.npz
1dff24c8b194f6ba4dc14c3fec4ac646c5008d7cddfb69ff3da23e054d5bc28f	7642361	train/02124.npz
72ec259a43a306af98105e2ab98b0e689af3d11f77b0027ef94a192e806a84f6	4891224	train/02125.npz
81e9d0b145ebac8febe4b8ce74a1645753a01a954422dfe5a59f591acd3c3b09	8754164	train/02126.npz
6b7de720c90a7253a757dde8f15be5797b05dec02bfddca0e0564226274527a5	10451489	train/02127.npz
e69af5a29de50d214344ddc4538744d5430804b5a7dff507c445be3478e762f8	9869692	train/02128.npz
db72e23e0a41a556a6e6837bdabf72e665e7a924ece6001a4543b4d22704611f	15110752	train/02129.npz
4a597589ced4dda54edfc025bd2be6d8627375099f06a6d3f2757491bbf918f1	9455723	train/02130.npz
fa4416f2ee20f59655202bad0a536883416e93ea8adf2d95557a228aebc79601	5859356	train/02131.npz
2fde18cc43a9eca93b641c1f05641adf4e3f8dec85235ab667ddcc10c04fdd21	7701877	train/02132.npz
5c0d245c4ee3007ae38ba30da92b74724aef6890d27f07aff81618bc87b56b2d	7028313	train/02133.npz
b40c0369a391f9a1dbd9e8d50c9a692ddc538bee1270df54d5c8852652131806	8902524	train/02134.npz
0d589bb3ce0e8ac6a18e5c744aa58a127e09aa636b4ac7b83490140aaf9957bf	6942381	train/02135.npz
2ffa17ee2cdf760bd683cc0232a8cec16ed49a1c886bf43126b4f76612edbff5	9106706	train/02136.npz
894f2369bd64cd6dcbaa1bace6701486e73aeddac0913c0ad9d5a31d6ff6725c	6795198	train/02137.npz
409ef34dd6ab75cd6c39fcd46eaf6248589105dbedbd54df8e3c74c8232fe431	5712294	train/02138.npz
2807d235cf681a60e187071a312e3d0a132a12d63565f99628106b0ade93c556	5626439	train/02139.npz
304630d5bccf9b8c12f1bcc365503a3c516c1c496a516a343a0b72d9b82be7a9	5477071	train/02140.npz
97067f6e7c0dd262c7a7e139c75d61532954d89aa4161e6ce9036bb2bc78927e	8229968	train/02141.npz
0cbdceefde0de8fddc86be802ff0d41fc0701c4d5d6f939a599cd8e8586bf4fa	9900147	train/02142.npz
421cb2122a1633b868e2b79fa6ea90e4e6b604ea75e23e9ee8018c71cb5a2da6	6385118	train/02143.npz
1ce462e2784f97d42e7fbed1c86951a9806de29f82f62bbea294e18b40a7f35b	10602067	train/02144.npz
f49a7c1920379b6956df53f56cfaf9d996e7b826840cec03d5f49b1f9c371480	6413016	train/02145.npz
e447bbe97f58b06e8d2b4b44e32023f0e9b4efea24fe060220617a0c1185f6dc	9749474	train/02146.npz
8ecc6840dfb24eb618a58b20ec63b3289c7d0e36b441668811872ffa29e75530	11273305	train/02147.npz
b76f11c4695eec3c69b0914285718b89ebaf4428b06239f3ac9fec096eeeccec	4159512	train/02148.npz
c4b3da103ecdd42cee8a64398d03b9b0525a68ea099ee45c9b7274c809b1dc10	6532582	train/02149.npz
d23225e4a6605c19ab94c976dbeb0c3c51883209d1b1af7ab19c3c6bf9c02078	6179009	train/02150.npz
0475e6846fd8cb9e67e1b861f529654f55e64394be2ea81b665aafe13ec71d00	6913190	train/02151.npz
74d7ce1bf1f13cd5122817d5806599903038bd836d6d2913248382b4a937e235	5361138	train/02152.npz
928d3b0428b75dc88f2b785cb8be952d01d14bb103293d7d9425b30948999667	16744863	train/02153.npz
494d0df5c5f5a9ad531aa30e08c5f607e1210221925d1546df6deb56eb4b2807	9810348	train/02154.npz
539904daeaaf6a9dc0339276c8d20dbf1bde6c8cd920873717230b109b782367	7525003	train/02155.npz
3f273f6ed4bb78f9be14aaa80c8979c08e6159c00b5301a5fb7379ea3ebb8669	7763635	train/02156.npz
36868f4003aa52372fd9c9878d3b0c1c52dedb2803e578111a29142d3e913c69	5537940	train/02157.npz
ba7f9bf8c0f7cc81012330ad4f457de203eb0c496356b063d5ef73103efcf19e	5299490	train/02158.npz
d4e1bc77a44393051371f17418b96c7ff6be27eecc49afa0b61aadce8b360af2	5389382	train/02159.npz
5404d67e4180d88223e9bd550cc982138877b7de8c701bf644be0cbda71bdea2	5184033	train/02160.npz
bcfb68e4059bbc74a56851eaac6608504824db15e4d767af3a38e13f43e4c100	13232264	train/02161.npz
8deb8970b6f0db0b84bfedb250d833bcf309704370e8838e7704e6b6b3f6827d	7381621	train/02162.npz
a806e4835c346ecab1239a7f031c531aad6ffcc8e72e0d267e69f71ba21801dd	6822855	train/02163.npz
2999879319d8d83158210b566740009ed8f6593acd637c86b454ecb0db2ad015	6356477	train/02164.npz
a9404206c2c3b4e96214bb766d1b26df3dc029bb2e43049b879d0fba82f8371f	4306568	train/02165.npz
0fdcc244ab212f09b96fe564f79388fc7525165d3235854b5ebb1451bdc8713f	6822954	train/02166.npz
2c46f7f901d27bdc0de66f6a42f5600adc9d3579e1ce25b36ecd358829877951	11887551	train/02167.npz
420b5152bf2d40206c0ad13c29aab61a0914c8381886bd7489d11404d2c56df5	12413257	train/02168.npz
234a99042b19de5f2d966e274d91a1324686b2ba4dd886911b10956033331abf	5126690	train/02169.npz
cbc32e2c3b1e08d065bc826df73b711c66316cf9b2c1eaf7eb1a438db3dc8c1d	6618304	train/02170.npz
05590d88edef7a049686eeb676ed9730a659b8cd33433ddb91062d3c7805d3dc	7497359	train/02171.npz
9fc43b1b39fc31cefd02e8b486cf9b7921a482502476b0d335d153718b09da7b	5625534	train/02172.npz
d79dbff3644dc52a3bcb8d8c8dbff4328b5c1774c48a6d2ef5971c99f5162b8d	4804223	train/02173.npz
86e32ca3694c110f3fba6235396eb7af3f94cd4a05567d7d1addfc9ccffb4c7b	9546896	train/02174.npz
d914ad1069210fbbd88fc76c1c185d0742703d51e176230e676610cab229c2a3	7351938	train/02175.npz
b1aba1e1320e544be888c704f2dd0d44cc6ddd72e492f788d589efa17098d8f7	7966115	train/02176.npz
8e51180abc9a44a2abf51a5c6fca33c8dc21813c51a98b036bac3551042a18d7	9284574	train/02177.npz
d48fed0957150183da7812c1e61fa9c21da56388a56bd5157544f57f2b2c1ca6	9576535	train/02178.npz
e6d8ee47d9010f9ae9b58da9573a1ef8aa67587b8f9221f7a7a3e59d63782b74	9867629	train/02179.npz
bc535ac9ce7ac51b5c1778b5071534391de7068addb7ea315ac7d301469ecb50	14170330	train/02180.npz
d1a13e7fde85345fa9a0a9c1d9a4885a89d5b0dece0813940bc1b523e1af5bd5	10248522	train/02181.npz
1ca19f6debd4449e6cd6f8a6a1e2777ce0af145c2009bfaaf2f71be45c506b14	11156814	train/02182.npz
700e967810a45d9223252405114f7d0993a43490873d2f80786024c57d6de07a	10105693	train/02183.npz
e117ecca55e2d1048bd242dfa7798a94454972b683880975716388a3540d9524	13906764	train/02184.npz
e7467923284e0ea3460b00c9aeaba0ff52c7fb31a8a0cad74fda36db4f959e72	4862335	train/02185.npz
972575716c93e91c931914300307e502d773a440b10b223450bcf1e38098be0a	7908104	train/02186.npz
71f8dbc6dc48c40c46b60dd177340914ac1affa72d4592e90389c1e2181b8f3d	5242503	train/02187.npz
63cc167ec7bf3a726be158e2432a92ded4bd4c7c33afc744633c0cf61b714924	8170338	train/02188.npz
d8cbdd35ac3145295b9a4d5a53892abacde8d1888df7dee32f3ec8a73ac6724e	6385568	train/02189.npz
b33968c25d6113c41b034465c7b13b67ee103d4d5971ec4d140c0747dc158feb	10219231	train/02190.npz
d254abc85a718e7c81040044b8e13cf94e3d97ec09c0dd9e4384bf2c597a8a02	8228712	train/02191.npz
85c9b5d9018a3daed08a50e4ee85ef2a4b0cf25a559944474bea8efd82460df6	6910464	train/02192.npz
d017a683cc529573f239e0c084c211ddf0373e0155dde064986d62d2eb60c6c2	7553744	train/02193.npz
2f5635eb87d2d51eed33f62251cd8825c0ea80f72b5ac5281c764ec884978a65	6239969	train/02194.npz
0d67345ee9b710ce70cf967f4f615982d9630e756f4ca6d3eb1c05b80da2f314	5274353	train/02195.npz
168eabaa25bd9e0c438d55382e9c8d61ea9ecb80d9480bd0bdf40c4f55bf3623	6237871	train/02196.npz
25105299dc79b9dc0fdeaa1f2915e0bb17c95b1336945e33cbbc05c84d38b1d5	5213973	train/02197.npz
0daf36d3506d3d1162c3f98ced0a70dd966b4991b547cf0dcbfdfca92aa90467	6385314	train/02198.npz
d0bcb32107a6bd426b97ca670c7f2098bee8fd3fbdbad10099c9dfc707a4de97	10774264	train/02199.npz
f2c8e2783ba9399c1afd2036cddf199ef442cd527f6d820ca6b9da3d1fe9cb1d	5831027	train/02200.npz
09269edd206c3925463b239a3de5b58f538fbf2c8944904e0d8e8f427e5406f7	7616102	train/02201.npz
4e84558872b47d120360614b8e90f1750d118b8fd00d6c9ef833237cfe7c3897	9284351	train/02202.npz
a0d4fbc1f1c26e5e4e24ba5572e73129543919ca247d2ffac0d1e74a856cc15d	5859645	train/02203.npz
da2e89bd85870fdc85a1eb7da80e62d6c61564cbf317a353451240018390a232	5887482	train/02204.npz
15e6b866fe5b3989688d08c4c369f090973acd1d822a6d5f667b3ae29c07fea1	5096966	train/02205.npz
83d3926073891a3f6c6658bc17fbb0fd67bbc2aa322a4a2847c8adc290627973	7206293	train/02206.npz
d530b6514a39ee878fd2cf2777d9aa5280f4786c02f0372a77b90da57d2ef981	6503015	train/02207.npz
8f1ff60440b14b168911c19cf1794c4bdfa0f49258b5e15a078f536213086c84	4482823	train/02208.npz
6acbedc9908f8e9018107fbe81d0ae64baffb12c6a3b1cd28b5d959c289d610b	2199633	train/02209.npz
00b7d42a25d0f50679ce376d8b74c420553fb2eaae73fe824129acc4e54520c8	8758849	train/02210.npz
cf8fe45fc54e3ce5aa5fea056285310c757a14a79322da00d736d9a88eeec18c	6855398	train/02211.npz
5539ca60c3666b3666d770d65e0deab4c33d4f88cd702652e1837a5fc58ba56c	10042663	train/02212.npz
832c8aae67cc8c1f43dbfcb0f2693904723731cb419dd43fe537ffe822044759	5038973	train/02213.npz
62eda72fa8fb6aa9b9cc0e2fbbbb060c8d27ecb97edf9a91ca7ed40848822445	7321907	train/02214.npz
d76a384f5a1bfa8083d0b4142180ea5bc7d66ed4b5b16fbeddc912425bfe0327	6560879	train/02215.npz
5b1d848aba375472425992ffa5d281ba28bf9cfc180edb489f361088c4a5cb9a	8084069	train/02216.npz
4ca96fdb16593376fc83481d7db38e136aa093d2be2eca102c3d3872421535da	8054139	train/02217.npz
ebc2fbf8c710f056cd5a09a82da3f544faa2be6f96d125a77f248f6d62873155	6910911	train/02218.npz
aef70e7f9cef44893732399052e20ec6c8f33fd4aa716518950cd4bc2094f52c	8612233	train/02219.npz
e53d6c81f8436b4da27cb3191a0042345939d46b3fef80ed6a1911fa75e7344d	8697961	train/02220.npz
61939753d70796b90aa2a9e771c660be5d4d98dcda4a1f4129eda55fa617b917	7205189	train/02221.npz
105abeda23152d17739f102965c1c8452148d5ce4b09651a4b83d02d40ecfbac	7177262	train/02222.npz
ff108795b1c736e0afc53029551f0047ab43c91e2396afa318e4fc1e1caaa74b	6151638	train/02223.npz
4150f9136ac2145575c18549bec658e584b707bdcfc316a4d5327ecaf4e6611b	15813539	train/02224.npz
c5357a31476f15cbe9c74160c3a4f3f08d8a3480fe15058f591fe2301e82284c	9016285	train/02225.npz
f7e9bf39c055588e02a8b0373a0e635652cf903971f2d6ba1b529f6d0466a62b	6913784	train/02226.npz
e3b02ce2838acf1b9ceb777f258b3fc3f15f51faffea9a89c7869be679556fac	7938311	train/02227.npz
6207c7796d95d409ecd4b132ab0e6e36e1bcac3a87206c2967efd61620b6e99e	5477725	train/02228.npz
0448e6b5880d00ef08592e4ecb59aeb20ed8322c8910f07d2845f8e778ce985f	6909953	train/02229.npz
959145377477763cc4a914df974179abbc2838c859ae099163b8e9bd1f34c287	6120171	train/02230.npz
84ebbbe9da85147c5c50f788c312e04c80202fb63602bfc970cbf702a7c83ff7	5741994	train/02231.npz
f909e2e62a46225ce78e7124fd9fa23580309100bd4aacfc104f5c7e388836a6	8259023	train/02232.npz
85312cc68701a88e9eb58a06de752e55c700cdd095f63a1cd7dc952067db7573	6943208	train/02233.npz
e5cd8c04c1c2fcf304c76192b3f456c4e08115e6c9b12f3c5b634f9a65fc80ec	10042860	train/02234.npz
1f57b9bafe5cbdd226d86256d8f9001a571cd888b09c3de5e45a8140c8adc070	7588170	train/02235.npz
c1dafbace2f7303496312951cbe1c08ce0e327b51f14ed8f17dc41eaacb921e0	5038988	train/02236.npz
ebc0bb6e34f6001b8ab55dfd37ef80af2e413a2c4bf42e76a782e7406d2138b3	8053135	train/02237.npz
eb8319e8d8417b10c5fac00da995164f72dcf1ecd167c3b8bdba4fe16c883499	6944778	train/02238.npz
abc2e6d08c598e41fffe8b61a59104dce8a148d7c3450c0bdd1aa8be8f5b411f	9579827	train/02239.npz
f7f808626fbf6f241d8a54c7ba2406be2ffa00aed56591ed6ae60ee7a55827ff	14144241	train/02240.npz
213e9d1273fdbf11f8f9cd8de0062d856308a8cc8c23755b83ca860df1379b4b	11481475	train/02241.npz
da8807466ef6667664ee49e6ff0a576905fa346fa33d076d34c879846e037fc9	6912707	train/02242.npz
36fc2473a0402ad90f0238f1cf6f5083969099ffb0f0fc98d509a960dfc05f27	10072268	train/02243.npz
0d7957baec3fa02375dcc381501ea8c1173abc24a94b8e2632a64a6ccd340b01	10161854	train/02244.npz
3732784d8c2bfca90267dafd5b7193868ca37b3042f512fcabf10ec58df362be	6502684	train/02245.npz
9e8488bb23a676a66b08f59309bebd503016c2aaf438417f42067d217ad95f54	9899657	train/02246.npz
cd36d4b5473955651d7870200e52dbce225a13139c9ad06b2caa95b3884a4e1c	6794772	train/02247.npz
d8e2d28f5d6d5f349dff010b734ce53875ecb9ff605bc245be0d9fabf80f515a	6268734	train/02248.npz
4c878d24ce43060b0397cdae15fe59e5f485b37c56dc7cdc0dd5a1dc049aac00	9166975	train/02249.npz
16227c7a3a2d9d602401e06397c6815eecd539d21b0ef4d65fe6c0d861424c46	9371213	validation/02250.npz
9badc8cedbb35d6a051b2cb0103eb0ea51ea1b217454dad65cd0a07d5ac2a0e4	6970008	validation/02251.npz
d927793675ec5fff318ecf771eff7530b8addf845e289725bb42ca22fc5693e8	5742199	validation/02252.npz
a2f1c9c0ca91854e79ed0d1b3639a0e322166317ec518401d1d5ee8219ed8648	4804263	validation/02253.npz
13804a7e0d57463aebd9c92f8711e2c64061efd91aaa2ce20bc6e60caf8d315c	6707136	validation/02254.npz
d191361bbe4e132f2a0da69ac2978496bc4ce62c7805ec75544e9789acdff94c	11592165	validation/02255.npz
d5b88eb520e29fca36f8ab85aa3ef37f4f77b169ab5cca17bdab702e777161c0	10662158	validation/02256.npz
fa44dcfcf124c067698301a19b2add99f8c697c3107bfeafcf0ee5e15c2d79c7	7058609	validation/02257.npz
7b8db31762fe928bba6827843232d393dcaf874cc4150d35a07fbc615545b749	5597544	validation/02258.npz
6e438588b30d69f96a44339fbd8a99321ae9896f850d394bfb8fe24a83fd572c	5214145	validation/02259.npz
67e1792be1f75ad660fe6bf24414185922a5d8a10bbb516b02cb0d184625c8db	6795707	validation/02260.npz
119bc7703ee0476c878ff0b98fc2c675325b52283f019d0dfc5e9e1b103e835d	10073404	validation/02261.npz
e708584d1cd6293416a9306353da50e9072cf2783d36b82813f32ccb1eeb0a48	5126844	validation/02262.npz
6f256cd5ed0e50e8807a81e6a5b7c58ba0e6705966a5c7defa0eab389021e4cf	5568812	validation/02263.npz
f3b0245c6de6acb5e093d43f50dea79f9bee32e24b2e11087349e5222dec9d5b	8547129	validation/02264.npz
c1e13d196fbc22c342f7830da2052b91c2fda5052853b57777d88a316a78e94f	8026368	validation/02265.npz
3d46f84c77ccc43ca435b331a654542550f544e8faafbf33f982f05b815204eb	8846713	validation/02266.npz
6517b9f0d8b7c6f5e1a7cc9c84bb88e7e380551782dd516b7b07e88e40da0c10	11655345	validation/02267.npz
8fc30f1f7aba4153007a04a403b096d5c4d1ce80f43fb4ec34011d6d90333e74	8141509	validation/02268.npz
ab4256e40e872c695d401f3e10aab98ce772a2908edf457f0f0a69023903ddf6	17799700	validation/02269.npz
7e4fdc4ba50c5139c3c4829354c8c10b1172bbe6af8fab0eb8260c4194e99653	20171645	validation/02270.npz
be70d51c852c48fe45fbcaba4f57dcba3e4a38b9622dab91eee53d5b1972956f	8286516	validation/02271.npz
394305d7412b0403db809651ff08c9bec6346de85c776ef04804514241d227d7	10773903	validation/02272.npz
1089c1b68497b631c075a2f906c77cc5bde661335f59f0c03a5256db1986ea9b	6003549	validation/02273.npz
1e3f057eea8606716ceaf5cfeef91c3e6395239b3320d20c7de785318e185536	5916889	validation/02274.npz
1a3469138c03a7d627d3767f4ef4bf52e04a6389e01a700df838ba8ba2820db6	7322429	validation/02275.npz
243a6e6d6e07212472c07ad6a2593617a7a7f0b0c84da6b9a10e3a8ffbdf3d96	8759663	validation/02276.npz
bf85c83c7c8bdb9c27a3c780d10dc11e18638cfb0725f7a45d8795393ecc0dd9	2111608	validation/02277.npz
8a3a485c54a0170d469c4737b1173fe17fe69a6959fd181ab0f5a9526e1b2771	9925060	validation/02278.npz
f89f1e2a9c5d76f180fb098d8cd0351d7eeb73b93d5422aabd228e811bbc9526	6972402	validation/02279.npz
72c596743f4d83b92bd3a967655cdbd019a42de201fa225fd0a6015ce74a6b05	8786194	validation/02280.npz
29414a8e4c281ff723f0affd16d5114d11fa635b174bc383a154a42e24f2a56b	8145223	validation/02281.npz
5788881218cfbe7e9ba9c07f5c8c7a427ae9286147b9be5585c11d77b1af11cc	7819165	validation/02282.npz
648cd573841b817ea7a6e5f3c784b7aa101195bb567e815cb80d2794751d2b31	8055748	validation/02283.npz
0753c0cbc53ce531ae6f6e7cadcb9bb366f92effcbc227a573aac378f3e1e4e4	6031782	validation/02284.npz
64df0cce06e41944b6e3d3d64be37a02f23cae70194f78a8b1da72eebff6f2ae	7292136	validation/02285.npz
70c527198255c511d2b9c46213e4825eb95a37820c2a88b58508cba9244d5b01	6384313	validation/02286.npz
7f8d79614e538fcc4d6842b753bb606623773d1f7f8aa86b7a15e88ede92168f	8463240	validation/02287.npz
84463ab3494abb0e947d4699acbb77c1bbed67b09e5c90ae330a36147c70a1ca	10569051	validation/02288.npz
52507a4a2ab36b56831262e5e4f3eee97729b4715bbcb694ac29245c5bd10c5b	11271570	validation/02289.npz
132fe3eb4f81c81376da1d8213549542fb31a060e9587f9513723ac617e7b4d3	4864439	validation/02290.npz
0c2aa9cba60ae4cffd7b339471abcb045c32abd0e0704d64a276bb88f5d18581	3194285	validation/02291.npz
be12cf2b830a14f0bcee79488b821f9523db17407c841ebc5f0226d084b43ce4	8493149	validation/02292.npz
53afd4fad7c8abfdfd243ef5ee74b56be29a85ae40548f64da199aaffd93bb42	4776220	validation/02293.npz
648ac9a4eec029ee683e442899a4612acaf1306e124ba790bcec16ed9b90b07f	5830800	validation/02294.npz
db032a1b2153e5c51d7b4eb4591c904f071186e07a6d3031bd56b01a8148e17f	5185328	validation/02295.npz
d0d1deea40ca7864a84229dd65795b2c038c76c08295eaaa18bbe0ce753f4afa	6355678	validation/02296.npz
705ef2fdf29f04c58520b07ed0b0f0653205b1d7402a11dde34b35ceb70abd60	3956479	validation/02297.npz
d87861c63ae8c65e992eddb2f8352f6e59445bf760fd9efd5d38bb3fcd6ee125	6181443	validation/02298.npz
79ee9f192814b5b062d7382a5c77da9bc3b773ad77cfaa6a1432c800fed04a78	5125134	validation/02299.npz
2c3a994f4147627584a628d27f2eff4a9a042e126648d5ac04d8b27580b041b6	11214985	validation/02300.npz
52feb3059b27f9adf97060a1873d6014ecb5bd0a12d09e8fa970a27903f80374	13670577	validation/02301.npz
a9b69255cf302710dcea5bb5dc46a4b68936c040dd8794aad265bd7f3547bbb6	6529945	validation/02302.npz
f9858511e90ab66c9fd2949172580bc5c86d69d9286afb2c640abdbb954e6b2c	5771546	validation/02303.npz
35439783fdf1345a9fa771b87074391a8a4ebc781b26aed3c3b96f0c0210af37	5508036	validation/02304.npz
dc4cd8f4100094f9cb9898a37d1a3d92f907b824e3b407312d67c7bb4bf63527	7819877	validation/02305.npz
04c140d9cfe3dbd1d26b7cb3bfbb778813f21284c3215af1593a89518c8c6cf5	6618761	validation/02306.npz
e0b571b982e494a95332947e630f9b9c6461f502c8d680e5187558c659d6634b	7849838	validation/02307.npz
b87d59066944c805ca3210cf5c9d19e51c7b3078a5126e98486243f47f8e5353	9458064	validation/02308.npz
397179df63d81cd43e59818ca135ab1eaae130ffae7810216e8b94bc7a9b4025	12498699	validation/02309.npz
a499be3736deefa6009e744aec0a9da66d2d8f645c75bc7d44fc7a052e723152	4804462	validation/02310.npz
2ef2919f57db1890d7b7d79a646877b3a0523ab4887b97459233c09291b33250	6970970	validation/02311.npz
678e62c1f8236a072b8d6d9b208f2bb9fc9ff330f888739adb0bde73195f44ec	13289867	validation/02312.npz
ced94fa506e335bc815bebfa013fc01e5b8395687f99b04399e5d52502afcb70	6121161	validation/02313.npz
7ac8996465129d9c4e18f8d4674c16095c8a45e61f6d973c051c6aabf6910c2b	5420192	validation/02314.npz
7925e6df424d3185f760af96113d350d9c64628f844ba175a6e1b51a2945a5e9	7379360	validation/02315.npz
3f8c58dac04555d335ce9b672b99fde792ff68d3c48cacb9f36927b2cac72156	8638966	validation/02316.npz
cdaad29952755c4afeab742937d98d551657dc7eeefe752b78512ec8c0b34359	11742803	validation/02317.npz
92538b3eee6f9b6525e90170f3f14eec9d9cffc25ee062985c231d52ab428ef4	7615736	validation/02318.npz
86f9f4ccee127789c7544bb3c3cf25339b456925da243a9f047fbc48299ac371	7234113	validation/02319.npz
6d85166b0512b8303741349243cdb2befe9173a0796c13c10d2d91b9dac74513	9402169	validation/02320.npz
52a42a010f06726d1ff108767db5cddd8e5abbe7424814a21a16207cf421a506	5508701	validation/02321.npz
f9bb6eda3b9323121277b62f67f84a6a2471e4d919a23ccbad82b98b58a4ac4d	7702737	validation/02322.npz
39f0c99fc10e5f1f6c62052c276bbcbaf941aa8106005b3db25853a1bc383633	10366050	validation/02323.npz
9a31c1d40d8bb182b26602f4e9c906d69159d4058dcdcd54980913e3c2365211	5770333	validation/02324.npz
3ab547e3ba2b79de9abb7495b43674aa04acaad85ef7d06d35bce8f1a4f6b979	6561378	validation/02325.npz
21c368a744d3585e271425625377c149dd98e9d6ced2404e520153250eb2a538	3135756	validation/02326.npz
1cb31d98157ced4b12f3725eebc7a3793df14c71c6dcb40b51530ddd43cf7dbf	7641341	validation/02327.npz
362e4fa12c4a59fe9ef3837baa1f3d249ebe284486b8eaac09eca1323d18835f	4686941	validation/02328.npz
f9b2cf9c3426adc93f46a8f67b646af529c82f5a39bbf6ac12ce8cc85119769d	8728950	validation/02329.npz
ead85fe8845eb34488b8f897d4676aad3c5c495ab44215e61814c73257de139d	7555931	validation/02330.npz
301a812efac758600687b12c35ae712c12e33d1aca1fa284469d171385e20174	6414404	validation/02331.npz
aad05bb84761bc7bded148d6dc80cded68778e7f3d44696a15e5418740fc8710	10251888	validation/02332.npz
bf6c8b6eafb174e3e87c98f30fd21238cd919859996e54d8c1bd3f94b57dc6b6	7732544	validation/02333.npz
574c753f50780e448e07686d8fdfdc5eb45fba3ef6e28a5a01a7c0def7d7d5e0	5945030	validation/02334.npz
c17989e3b62ed44fdd7645ce690f7256783c43b24d970947c9e3a16090532b91	4687853	validation/02335.npz
19bfd589c383a9ed32fa6fa83839f4666b77e127059f91ed545ab0f36f2c0f36	8402495	validation/02336.npz
6ce75c4b55055780e3328d97b94d22e171dc1a2b5e2bd458edb6143ff2fe08fb	9750209	validation/02337.npz
14f1dd900d4a647472aeba45723ccded84bf8cbb9c0cfc0020cc8fcfed9dcbb7	4892568	validation/02338.npz
fd1680632ee426e59072d27f64f8cce6b2a1b3b0173bea964c7aa5f7a48cb993	5566560	validation/02339.npz
e06180bdff8f0a9e843d66a201be1acbd835f0fd37fd4f480e217ad4eaeb94e9	10163316	validation/02340.npz
f3aa2027668f7540dcf305225f03388d24bb4c3b70ede04637d9ebb39831a31f	6884016	validation/02341.npz
bae063bf7caf8b0ec417b8c2ba4e826219b055b1f0167a4089aa49b1945a2991	8402405	validation/02342.npz
42f5ad4cf1ddf7b59f946c5030bd9ec609dfd0771168f6e7b49ce880d56e2349	6033600	validation/02343.npz
2c67d54e2039f3706569d6838e00ce5be6a5f41d84bdb0e7f9f1583b318b5880	9430504	validation/02344.npz
e557040d00a7ec9c4da9d71c65efffdc391fe3d890cf9d4ddb993e7b01dc6afa	13587917	validation/02345.npz
90d9dbe4a92af6a98993e07b6a69e36e9de5fd0fd641b614fa5252dc18b9cdbc	10627435	validation/02346.npz
d0ed954c6ee9eb9a058de270fc8ba8fedf40085d60f2c507b49de0b947e278da	6065329	validation/02347.npz
eaf91e48bd499c6d6cd69439c5bf0f555a2cb16a719cde47365787486e3f9219	4394617	validation/02348.npz
3b6ba58d1435a4db03b6e1697c671a9f80e793fbca02608641e1d650e231e32a	8404298	validation/02349.npz
ba52435b1e678d5c11f053bd9e74f261cb082371c5a4bd012373cb66e04179e3	8553138	validation/02350.npz
d2272e6c691a9d1d15745b2c621a5de84e2b562583537b44326b1c04539e3142	32034519	validation/02351.npz
fe2497d3198d0172afc3feece037b77e7c484cef610bab36a176c14d80ddcd4f	4219570	validation/02352.npz
12b1be27654e86498d24710ba3d887e186a2c9ca7337f7e9be2b478f4d7dd62e	8816725	validation/02353.npz
f173bf7031d9411c223a91764616311bab11237dc59f194c828850d3adf67b8a	6092961	validation/02354.npz
c687b3a712e2efda8be677facc857657dcca42cd850ac13689c51cba24abec97	7028721	validation/02355.npz
324222cf628add06b9739ed85fc4189f75b1cbd9d69f5af205816ff5ab92e108	6094033	validation/02356.npz
49dc643230eaf3f693d46c2fa3047cd45546bec98ab7e38039f0b62e334a3643	9633290	validation/02357.npz
0dcb6214e4e85dfbde161c66e7c10c3a23b13132ed44c0979a0b70ca4fd1b848	6093145	validation/02358.npz
11f563984c793c2cde83d27a37a839275bff0f58974f56ce9807c661f4101a1c	8376757	validation/02359.npz
e739c8b71c077effef6cfbe1a57bc44a4032410208e819b7ea837a278b4b2b5e	9517039	validation/02360.npz
43b200f3751577601cf53b1f008221f39925a2af87dcf26083eeeea6b4a276bc	7850616	validation/02361.npz
6d7a1d711a4bd9b5c0f5d0ba4f2700437f7ba08937c37643e8e2e30d7b86d71f	7701908	validation/02362.npz
cb78338d4abc1f60cdb94ba3781732a94662f960f93f200a225903bdc6bbb784	10896504	validation/02363.npz
bded1b3fcec78c43d82ca529ff5eedc4408111ce5a943d99831966c651662f5b	9106916	validation/02364.npz
3327f3b470a7b239437959a273e1c0097768b36078e1d659b7dad458b43e3d4f	9458740	validation/02365.npz
5d500bb5e9b3158747330e1fabb23610b93b01a3f95a9095c652b6dc49fa7a63	10922130	validation/02366.npz
dde52dc93fc672d8b680e11bb85986adf2776f717ea591d174fa9bcc0096681b	5420712	validation/02367.npz
5eb84211ca8a74df2005266a9a3c71182e7db8aede5891d805d44e0c6fef1d76	11067520	validation/02368.npz
3628f6866a086df1b503d8b7c44ab7a85946336cdbc72e6dfa22c0427f889f40	7702451	validation/02369.npz
e18d7d91be40a0eba322554871212130f40174b21d4392a8ec411292d645693e	6913493	validation/02370.npz
d602a361e9dc9fad32a5899f05b9adfbfba46a38bcf047deef70bc3f8dbb92e2	6560782	validation/02371.npz
a1eec49820bd2f22143298eb59ace11a164fcf818b1fccd6983ecf9b5597fd1a	8289070	validation/02372.npz
e2cfdc2088978341fa0311cb2afadf27f77424b9c43c540c289191a01d60c318	6766812	validation/02373.npz
7d99d91a2fd04b85e60dce8e49e9e5a18dabc25473bdfcff8b991ac92716926d	9748510	validation/02374.npz
31bd14c820ff0b136ce04a35d35d46d1401a0e1dc6b111bb7cedfbe74589d80e	2082136	validation/02375.npz
5c9c0f7b7258bfceb1ace171879dd7f6992d1f0968f13f791c3c6f7ded23d616	7526632	validation/02376.npz
4645d97a889589d2f9136919c09cff0c759b7906f9244c6baa6e445aa221042d	6530664	validation/02377.npz
d9b425014e07edba6751ed5de135ca9059adb9a4b8fc616fe9e3c993347a9214	6735844	validation/02378.npz
1fe6bd3e2852fc2bc5ce04ff75a05efedbc437eb3c6566806bad7bd0f87c61fe	9197770	validation/02379.npz
d9c66c4162447973b608f0df5976344c68a6b719a977ce7d6754b46a47213534	4396188	validation/02380.npz
604bb1bdaa5d1c5146c7e442696d924b27f9704d4d413378bd5e88fd691930f9	5857629	validation/02381.npz
4a0e6dc2f9117dcd4dc4781c32441afa7b5028d2761352279ec63301a8f10592	9250983	validation/02382.npz
f5cd25fec5c6b3e14e2c9478112fd487ed81b7ddc32fdc74630ffeb144d81622	6473036	validation/02383.npz
db1a45251d23cc6471790499630ede6a6e57d7ee56351aae522e951f8dadbd3e	4571227	validation/02384.npz
11b1e1a0fb07b14dffa5ecd99dc5ab3d8e5f429c94a4c37640e1fd62c0c23522	4893092	validation/02385.npz
da25bf339a3938f156cfe883ec85aa678250913fcc635b449b57d87d6bdd6bfb	7968031	validation/02386.npz
7c07a4c3e3dda8fa908e4d60d71e3f36ea9fc4ecdfab96bde2938f2c95e933c7	8081335	validation/02387.npz
d7239dc4c7565de7f2343827c66b5a972a9d7aed5cd50559e417edfb21d928d1	5653299	validation/02388.npz
89ae0bb6a8d626e8fa37a6831bdd30754020df73a95f315270336eb0356fe14a	32433936	validation/02389.npz
6259ac02e5bfccd5281dc20420611cdff0a7058995037654fdeb5bb9f8b5ffbc	6707621	validation/02390.npz
41758874a0ed76ce0cfdf32bfc8ddc5f4a56e80f257c94f17fdfb669a16e2bb6	10572430	validation/02391.npz
6c20022e606d686eb2941e4980a0bfe48b4ff793cb75899ab931c71739c91f6d	9778234	validation/02392.npz
16df16f6ce1ad59a3cc4c335e9f6c87a1f12b1f71cd7ccefe36d28694f11753e	10160380	validation/02393.npz
57d9b50a441fb849ee1cd8f4835cb071653aa6c06f202c9332564dcef742fd27	6707597	validation/02394.npz
f01c328486c9aec387826a6ad67f92aae6003ad361f688afecfa60dd2bf0d828	4804304	validation/02395.npz
c9f922ea7c7c52dbb00e5ef9935b4ac0ed80863db1bb85595b5d02b175702b0b	6181201	validation/02396.npz
4ffb601cb3f9eef221336ed4234a576f42c9ea2a72a62ac4b16c040e30453de4	6589388	validation/02397.npz
6e6a6f404e96bc9c4db50b093e642348fc04cc34dc1116a5c252e4584ce65092	5185647	validation/02398.npz
ac13beff3af3accfb7d767065276f3fda045f34e0bc44424a9334546c797f83c	5129027	validation/02399.npz
96019c85fd56c81567fbf17ccc8509099c2175d594593ab2b2d51e16a7414900	2140780	validation/02400.npz
a6bd5653ec9a03c236d8026f8723813bf1e4807e2c78a7804009e8e5a9c1ea66	12828389	validation/02401.npz
9c07e1842d1e82eec666deb64e66ee6e877d88038208a14cfa2898dce4f53f94	4687109	validation/02402.npz
5858756388f355a051d0615ef4e93ac9b43fed40d0fcdb71d8df6b67a215d5d8	7351093	validation/02403.npz
45dc754f381ee6ff4e1160a23da2cc04969f8cb3b5f6cd1ec237adc2647a018d	5508614	validation/02404.npz
6541bbe60855a792d5e3b949a8030cfdfef3dbbf108c66b98e973ac0d912face	8229281	validation/02405.npz
4afc9d358a45f58f80e5bd13d436aa9003f7bf963ecca6d27e1ab100394966e1	9373014	validation/02406.npz
e59047dc815ce1952747d9296c1f2c1104d6a1a5e2f47b0f0e1ffb9199f7f9c1	8670444	validation/02407.npz
58ce9b984269b2755fdc50a8e762c0f7e96568f9bf4ece4b0eeb9ceecc704153	7379185	validation/02408.npz
c29dc1d7f7d23a5b8461ff496a0c558e967f04d61bfcf123862ad07690208f09	8435177	validation/02409.npz
688e5261d9db103d1b06acbdc642463b7aefa43e91d48e937d942027c9aabaa0	3546083	validation/02410.npz
fc44d7f2da05ecbdf1007f37b04859fcd68f3c4ec430f4cdc4556ee0ab220404	7819962	validation/02411.npz
08f076317e6ad4b2cc1ef2f124ef6d33c7a2fe91a538752aa58db162fa47b103	8903063	validation/02412.npz
8575ecc87a058a7cf942f95a136352273c9610ca0347073c05851c5e15902901	9519987	validation/02413.npz
6474a142d7da3b8efbd2f81b899b67a236824513c3c26a700e2dd321bd23d68e	8754663	validation/02414.npz
9c7f13fd4821001f060dba4a4a24278362c66c11f2afacf9480bc1f11f2414ad	7379382	validation/02415.npz
78c3e4e977d9bddd1dce2308257ccda54f2c19a8bf73d5cd643098e9fe6176ac	9986081	validation/02416.npz
6b3db07b35c72d0d260eb67f9d6cbee8c89317848a0d3d4b7376449f3b748e62	12734637	validation/02417.npz
3555781012213b768c0eea0dd41a24495c3bd6cc235adce6ce7c6d80f891a386	7526948	validation/02418.npz
b15c881a0ccc9d358643f555302719464c4b21c675a09a701b55185ae7824698	8318589	validation/02419.npz
22be3f7e994394f66cf2c5acd1bfd708d2d02c07e85ae4041a8a929d7ab5667d	7235593	validation/02420.npz
40b19b8cc7dbb3c686e03c4d07024d2ed370f4f81a70c211ba8bbb69c9f3b10b	8346442	validation/02421.npz
3eef45be6b9ac7791702da08fd0113042e73676069d99dee28ca08a0fefe1d85	8491705	validation/02422.npz
6381ea828761c79a7f2c038f60f3b723bb3eb486a85575daa1cf21cfcd449c55	5947217	validation/02423.npz
0b3e1365ac73507365617d7e88014bbc4fd8578550ac0a0ff93e42cd36520e44	5126704	validation/02424.npz
d84e9aaa5f83c5af32eef1cc5dc5ad51364df900e8af75336135bd9ca4b7b14a	8144960	validation/02425.npz
506c04d62682d84a93651e397edd3262b88b7e53bc577ba0a2c7d6c288012236	8314752	validation/02426.npz
d5a9e4a883473e58c276a3c593d0cbdc99ede9263b348c92671e551b29ef9f06	5916906	validation/02427.npz
25c85331fe76932be2302f9a30cafe90d5ba244a0a83893094d00adaa46146aa	6590501	validation/02428.npz
899a205839bbce8f1df7f14790c3f4d8ead08acccdbf076342a77a018f230f23	6589502	validation/02429.npz
a54e003a3ce12f7960b3260fa1c4646c8a2240edb1e4604d987d8f296838eade	5858379	validation/02430.npz
8e9c839f572f6f1df68793c7fc10527a8ecd48914e341c35cf70acc52cd6c8fa	6064111	validation/02431.npz
6d5c235e64d78bb6e98d2241bf5e81e7c6c283fc55e344ce1bf5ac008c3dc5f1	6418643	validation/02432.npz
00e5158112e71aa76eb8c8f9e8ea302781a1a16c3a4968301b6db6aac6041fc9	7090320	validation/02433.npz
de93f7db15438e6fa73b83355ed1d5aeecca26919e82b2c62950f6557993bec0	7996203	validation/02434.npz
8b4b30dffed636ebe21ec9b16dbe10ea95d6eedc7c38be4a18799ff241e168ed	8377599	validation/02435.npz
fa5eddb08401fbd29c0a1402d02348350bba8b822b2cc87009cefe6bb106cb7a	5798877	validation/02436.npz
1644260ae9b8d78a36bc609d522671a64479436bdfc6e3fccf953e646ddc3194	5858036	validation/02437.npz
ecb1fa93ab67f879a4bdb4d250b2a8dbd5c533776c68e7fc13751449d96920f6	5919165	validation/02438.npz
fba6b7105dea7293dd47cae51fdb5c5a2e14ac4a91f86b34104260d0e6fffc6a	26371216	validation/02439.npz
b41228e134ab43fe8788487b04caf9978f3a5a2f29b6b997e831fc811fdf43f5	12623338	validation/02440.npz
0514fa5c57098662374e966c2d6b01ac53bb9c79a41993b4f360ca202cf92365	8727841	validation/02441.npz
62121a314befcd67ea17f44a0304c7f4ef1365d59c96654c0ea2a8fc715bea36	5185496	validation/02442.npz
8004bdce03180080d38fc942d995a86c09679d61c09030ed2e6b6292e10e7ee7	6677748	validation/02443.npz
840b7a484175de568b1fc3fcd3bf6923bd860aea7931f988b6764647809e0530	10275261	validation/02444.npz
e9c41c9ab157024b9ce7bbfc1ba622c92ebbfd902e6ace5cd8a1565d8e319b58	6562142	validation/02445.npz
a6a6b27579a7a46878ce18faf157022c9478e2edc7ba21a79f73645cfc4ca13f	5683565	validation/02446.npz
e1391eb235613dcf59aa4c0f0e9cf43cc98ea3de36f56853b86612741450fdaa	5449449	validation/02447.npz
c383377ef585f12026bf3246857d655b0cec9cec1c9c5eac9ffbfbaed79328f9	6444962	validation/02448.npz
905c24490eb653af02a379ef69652eec28d62fa30399f805e4b87a97acc303aa	6441037	validation/02449.npz
7301d4212abd5a3602cce54ab3f1a670e0c36cce8bdf42b0c48828908b592f77	8259701	validation/02450.npz
f0886edd8f996dff717a7d1c61d075acf1d9425aea7a9120b14d578e798fd27d	5448104	validation/02451.npz
9ee71602ecef07593119a385f371e9f45a806b934c5e5af90a6124389216fddd	5361494	validation/02452.npz
43b2e1e2b2f9f3f6fde9c159437b80b60abd6732b538b1e0d7e4ca30eeeeeefc	8523034	validation/02453.npz
4360fe08677dc74bb190c6e5d24290659730d5de0bf0514d6a70d08058903d2b	11417251	validation/02454.npz
321278c31e72b61bb314179e396aaacc064270544dc3016cc41b2d65315ce276	6032982	validation/02455.npz
d91feca2cbd7ead85a252f2561ee70b3da75ebae8456adcb72099d34b4e1ac48	8315803	validation/02456.npz
675af0a2f3d1de282c7c330b001a37e1d18fc1c9963dfd98d7e9626b46f3db71	13028206	validation/02457.npz
b4e4f0dc976cb19f4d7cdfbf9fbbf5ffb4f15f86aee95347aab2aaa275cb0935	11857421	validation/02458.npz
acb00514e70bdb2e03fccbaeeaa228398d3d5790fc61744de6e9bc634219dfa7	8141587	validation/02459.npz
8b4e4976e1ce7fd31680ee8c25410dfcdbddd89d32729ff84ba736377055d822	5740440	validation/02460.npz
acf45a1c4f2fce2e26603851656e0bf0de34019b5e2b385e55e832978640e5c3	6090610	validation/02461.npz
692c1194d8c25a10cbbfacf6f888b15ed232fce5e46999e6110119e512ed54ad	7261425	validation/02462.npz
a8deeefbdc8ee059cbf6c45d8dd41f329f78cbd63722c258c9bcba6a8a181c6c	10309464	validation/02463.npz
53c741f0d5a7f2a75522898e33b323347a229ccf0433ad459994097a03079f4d	9666531	validation/02464.npz
c10548c3701330917f4e7b0abf8c08e01e97b60836234440144c91e3081f5ae1	10751168	validation/02465.npz
94165b4800d167a54b971f465b2f261310ffb43fd7967ea135c279bf9121e5df	4803158	validation/02466.npz
0aa474f6d24cc315ed560b8150c954ee235b5996d16a44f3d5fc139361389191	6882382	validation/02467.npz
9bc359d5f28c04b9cb29071d013e7f0f05a1c94a0fea39d6e550e59c0a4ea5ed	5418499	validation/02468.npz
b8ffe7c46d825c79a81bd3190b594fe50f67e99a8582dde58babcf16c1cb89b2	9080688	validation/02469.npz
7145188378b55eaff59699a16a3aac5247a9c20f2cc419d19bec30a3dee0e6dc	6825072	validation/02470.npz
95682312a3939184eb7b4fe6e43c9cf1e40bf8e9fc183bce22655c9f34c2d223	4951007	validation/02471.npz
bbe41d94a27d367133526204cef131681f1feff0a7ae71c740d10efbe90302a7	13709767	validation/02472.npz
2d86a101c74a540f7b279f1431b8e627d46120ed19d3d950825734f38523cfd3	5653692	validation/02473.npz
05774290aab707ccabdf4f96eac32b9c9d5496945c463dd734f85e9892ea8e0d	13385154	validation/02474.npz
e68ed6542c3d94583f7ff5d7023c65bb3de634610ce0fb49437ef14faffae224	9345614	validation/02475.npz
4651ab186b813624a68edc86bdc770b5eff1fb5ffb6b71d589195b4223dce13e	4685833	validation/02476.npz
a792550b524eab5a4a90c25a4ada0eb59534baf264cfd727325049b3a1333fbf	8403454	validation/02477.npz
92fd217a8e1b94ebb19a51dc5ef7e76e1fd94abc3c5f21ec6da21cf99551aa42	6443458	validation/02478.npz
8ca509f55f956e0b5d950ad47072c9a1aa46eb3bfe36f8d2389a9044a0ac38d9	6529755	validation/02479.npz
7534ef121c2bfec2e87f4253cab1b64fa6ab6d3511b422a730802f3cf57953ca	5830001	validation/02480.npz
536b87798394586bea7cb374412f8825895d901995253ad24376bed96eec5adb	7382508	validation/02481.npz
dba9d353097823e85aa739c7a3e1024a96ea2e59dbef1fbada89e396fa0dd5ed	7586176	validation/02482.npz
fc66bcdd08eb09fc36be6d3b7b9a6657df8aabef96b23365994d29f281a3b3bf	6999684	validation/02483.npz
24ea7660a6c172e2b261272c6e150aca761bc17d881dda65af50b09582b69ecc	8727366	validation/02484.npz
49619068879c3e270e960ba9bfb8ff9201b2f324fc379dea184852ac2c9876d3	6678240	validation/02485.npz
c6a82d86ad206466a88ec02ade826d2a8915efde1160e0352861699792143e60	8434231	validation/02486.npz
36b4d5d3ddd3c40a938a35159bc6d1e1e9d75ba95585d3687cd25e25b36d0a20	6911778	validation/02487.npz
3813d0f67544b43b1c56f824d3ce439d9dbb798b6206a699e640410f38ca0232	12062598	validation/02488.npz
72710f9d413717b3a5815a7cc306dab12455106f649290274a96f350ffc72a03	7467196	validation/02489.npz
f0dae479d9201b585c4acb8b62b827634e486dfe0dab9df3b459fdd38187561d	6239495	validation/02490.npz
381d392f89e5d6a9135b37ec3a96970a531e6419db58776851edc42744ae57a6	7615381	validation/02491.npz
ad1b959b596506cc96b8452861279fd609ba6860b870cc707222b7e7450c724a	10890401	validation/02492.npz
63f9134c91fe30e4a7ae52dd9b623232d3c6f04368a930b23c489a5f44965ae0	32311241	validation/02493.npz
879a9f51b8245eb39d0784321cf11471b1efe597bb57f69c1fe3ae9dbedea781	11710197	validation/02494.npz
137120f0a40ffae71b8015c5e07aa2332cf19da4fee17abcd41141d0a693ea5b	7383081	validation/02495.npz
120731f538ca57f440261de4e1ed81c1f9d5ceff9fa3a76a604216114f0fb3d8	11068091	validation/02496.npz
efc88f65eb68c9e19cfefe1d4fc0c6b3be95decc4c35f6e931f31e0438a92f88	5301787	validation/02497.npz
eb87de534b036d9e6cb921bac7d2af07d3bec9541af6ba2aca1d77bdb02be902	4951384	validation/02498.npz
60be2d78f4a774fec56a93adc5598cde481d608dd9f6c23544374c9b0fc6df74	6504404	validation/02499.npz
