preserved attempt directory: /workspace/.functional_overfit_v5_native.attempt-7f22a15d7a2c4b8f8d85ea659a77b203
Loading checkpoint shards:   0%|          | 0/4 [00:00<?, ?it/s]Loading checkpoint shards:  50%|█████     | 2/4 [00:00<00:00, 13.51it/s]Loading checkpoint shards: 100%|██████████| 4/4 [00:00<00:00, 14.83it/s]Loading checkpoint shards: 100%|██████████| 4/4 [00:00<00:00, 14.60it/s]
{"first_target_top1_count": 0, "first_token_distribution_kl": 9.42530632019043, "kl_numerator": 14021.990417480469, "kl_per_token": 11.0845774051229, "mean_first_target_probability": 1.315610114716037e-05, "mean_teacher_first_target_probability": 0.48250776529312134, "teacher_student_first_argmax_agreement_count": 0, "update": 0, "valid_token_count": 1265}
{"first_target_top1_count": 0, "first_token_distribution_kl": 6.956779897212982, "kl_numerator": 4863.4796142578125, "kl_per_token": 3.844647916409338, "mean_first_target_probability": 0.00046710392894055985, "mean_teacher_first_target_probability": 0.48250776529312134, "teacher_student_first_argmax_agreement_count": 0, "update": 10, "valid_token_count": 1265}
{"first_target_top1_count": 4, "first_token_distribution_kl": 2.3004051744937897, "kl_numerator": 1066.0014572143555, "kl_per_token": 0.8426888989836803, "mean_first_target_probability": 0.10259566275635734, "mean_teacher_first_target_probability": 0.48250776529312134, "teacher_student_first_argmax_agreement_count": 4, "update": 20, "valid_token_count": 1265}
{"first_target_top1_count": 4, "first_token_distribution_kl": 0.8263489231467247, "kl_numerator": 148.67920589447021, "kl_per_token": 0.11753296908653772, "mean_first_target_probability": 0.3006274071522057, "mean_teacher_first_target_probability": 0.48250776529312134, "teacher_student_first_argmax_agreement_count": 4, "update": 30, "valid_token_count": 1265}
{"first_target_top1_count": 7, "first_token_distribution_kl": 0.12767036724835634, "kl_numerator": 42.70301055908203, "kl_per_token": 0.033757320600064845, "mean_first_target_probability": 0.4515564702451229, "mean_teacher_first_target_probability": 0.48250776529312134, "teacher_student_first_argmax_agreement_count": 7, "update": 40, "valid_token_count": 1265}
{"first_target_top1_count": 8, "first_token_distribution_kl": 0.0771371703594923, "kl_numerator": 21.736521244049072, "kl_per_token": 0.01718302074628385, "mean_first_target_probability": 0.491362527012825, "mean_teacher_first_target_probability": 0.48250776529312134, "teacher_student_first_argmax_agreement_count": 8, "update": 50, "valid_token_count": 1265}
{
  "K": 4,
  "attempt_id": "7f22a15d7a2c4b8f8d85ea659a77b203",
  "authoritative_coda_semantics": "already-normalized state -> coda blocks -> final ln_f -> lm_head; no extra initial ln_f",
  "cache_manifest_sha256": "55a5cc5cc77bf969ef200b49dae7d50d63ef97a88e608978902c6e50f5040583",
  "config_sha256": "24a3e684245207a02d10c146d7d3b07b8e9ea36156f29d16151697792f5fb99c",
  "example_ids": [
    0,
    1,
    2,
    3,
    4,
    5,
    6,
    7
  ],
  "explicit_scientific_generation_review_required": true,
  "final_metrics": {
    "first_target_top1_count": 8,
    "first_token_distribution_kl": 0.0771371703594923,
    "kl_numerator": 21.736521244049072,
    "kl_per_token": 0.01718302074628385,
    "mean_first_target_probability": 0.491362527012825,
    "mean_teacher_first_target_probability": 0.48250776529312134,
    "teacher_student_first_argmax_agreement_count": 8,
    "valid_token_count": 1265
  },
  "full_vocabulary_logits_persisted": false,
  "generation_mechanical_checks": {
    "all_nonempty": true,
    "natural_stop_count_is_substantive": true,
    "no_detected_repetitive_degeneration": true,
    "teacher_answer_agreement_is_substantive": true,
    "teacher_prefix_agreement_is_substantive": true
  },
  "generation_summary": {
    "cap_hit_count": 0,
    "mean_first_32_teacher_token_match_fraction": 0.94921875,
    "natural_stop_count": 8,
    "teacher_answer_match_count": 8
  },
  "generations": [
    {
      "ended_naturally": true,
      "example_id": 0,
      "fallback_allowed": true,
      "first_32_teacher_token_match_fraction": 0.90625,
      "full_prefix_lengths": [
        67,
        68,
        69,
        70,
        71,
        72,
        73,
        74,
        75,
        76,
        77,
        78,
        79,
        80,
        81,
        82,
        83,
        84,
        85,
        86,
        87,
        88,
        89,
        90,
        91,
        92,
        93,
        94,
        95,
        96,
        97,
        98,
        99,
        100,
        101,
        102,
        103,
        104,
        105,
        106,
        107,
        108,
        109,
        110,
        111,
        112,
        113,
        114,
        115,
        116,
        117,
        118,
        119,
        120,
        121,
        122,
        123,
        124,
        125,
        126,
        127,
        128,
        129,
        130,
        131,
        132,
        133,
        134,
        135,
        136,
        137,
        138,
        139,
        140,
        141,
        142,
        143,
        144,
        145,
        146,
        147,
        148,
        149,
        150,
        151,
        152,
        153,
        154
      ],
      "full_prefix_traces": [
        {
          "prefix_length": 67,
          "prefix_token_ids_sha256": "d5b8ebabfca29528fe4b8e75bbaca66fe935e7913d9427144b3af42b32ddd148",
          "step": 0
        },
        {
          "prefix_length": 68,
          "prefix_token_ids_sha256": "dc0c698cd93b86fb9147fd3bf5da619413ae99d9306e4c4c9fc717bb59d57b96",
          "step": 1
        },
        {
          "prefix_length": 69,
          "prefix_token_ids_sha256": "b2ebbd4a60b4c44b532e00f87ce61f5b42ce8c11e61239f59b39a86c3a8c8630",
          "step": 2
        },
        {
          "prefix_length": 70,
          "prefix_token_ids_sha256": "a820642ca616d6dec7a523ade310075cc56497cf9aa7bec1e55a118bd685bd4c",
          "step": 3
        },
        {
          "prefix_length": 71,
          "prefix_token_ids_sha256": "c18e3d0f1ad622f1305345ffecd74815cd8262db5069a1a5c36752cac2599f93",
          "step": 4
        },
        {
          "prefix_length": 72,
          "prefix_token_ids_sha256": "b242ae15faa0709ba9b420ba2b4031d1b428d7d2b6c00639494b647d20093f9c",
          "step": 5
        },
        {
          "prefix_length": 73,
          "prefix_token_ids_sha256": "97c0e31b46e382ab9f02a6b53a3491227d332d9479c8a2c0f7249e58c4fc09aa",
          "step": 6
        },
        {
          "prefix_length": 74,
          "prefix_token_ids_sha256": "888f995db6abd3d268c96924423d10858f5ee7aa7b1fe499c451153b5c80e393",
          "step": 7
        },
        {
          "prefix_length": 75,
          "prefix_token_ids_sha256": "026494117e22b3d0bb1dbf570e457c78c5ca2db187398a787bb4f0dbb139e8e5",
          "step": 8
        },
        {
          "prefix_length": 76,
          "prefix_token_ids_sha256": "64a32e9c125dd400e5a010f0a8a0282b3fc9e387cb76a2a38d4478c0e35f381a",
          "step": 9
        },
        {
          "prefix_length": 77,
          "prefix_token_ids_sha256": "20f15adce4ab4b6a0b406792a5caba229bc62e49c0ac7d9511719b637162f4c1",
          "step": 10
        },
        {
          "prefix_length": 78,
          "prefix_token_ids_sha256": "3d1c99242c83bb8cc0f20c2208707eee04301a5b58c40d0cb13d0e7134af6854",
          "step": 11
        },
        {
          "prefix_length": 79,
          "prefix_token_ids_sha256": "62f88d26e77a569239c70e0d963ade684f65117439673f4905d80f4cc8b39d51",
          "step": 12
        },
        {
          "prefix_length": 80,
          "prefix_token_ids_sha256": "f1c96f256658078408d5cc43424b28e3f861cb5165e743a545a4dc38b5573a0e",
          "step": 13
        },
        {
          "prefix_length": 81,
          "prefix_token_ids_sha256": "fadfc11b180302521f1bef73aa660ef8109c8022cb3fa157c87a3f84c04cf988",
          "step": 14
        },
        {
          "prefix_length": 82,
          "prefix_token_ids_sha256": "4c3c65ce88a3d08a588e77fc5e715a37a42a538525daf4382539fd15346f9b16",
          "step": 15
        },
        {
          "prefix_length": 83,
          "prefix_token_ids_sha256": "7ce1a83ed400bab9914639437f9e344a9fed5f9376c8eef799b66d2809ba9503",
          "step": 16
        },
        {
          "prefix_length": 84,
          "prefix_token_ids_sha256": "08db89d54361f9d9faa29a092578c19a26b5666fd0aefad63a3fd637e9256914",
          "step": 17
        },
        {
          "prefix_length": 85,
          "prefix_token_ids_sha256": "847b2f1d29eaa7a9c4eaffdd589f3db1950ad44a1699ac75440f67565be34199",
          "step": 18
        },
        {
          "prefix_length": 86,
          "prefix_token_ids_sha256": "be879dbcf77380322b0ced33321f9aa49e13e90f72467072a65f657e947f537d",
          "step": 19
        },
        {
          "prefix_length": 87,
          "prefix_token_ids_sha256": "71161d60bd1457932430b7fa5cad06b246d3d563763ae942dd045694c257857c",
          "step": 20
        },
        {
          "prefix_length": 88,
          "prefix_token_ids_sha256": "51341bc074d5b5a8b48e4080f61f6e22fe5c5a51eed04b9206278d8ee336ebf5",
          "step": 21
        },
        {
          "prefix_length": 89,
          "prefix_token_ids_sha256": "40f8d18314c4ca79e2dde77d75e663af9bf58ebd972678d4a951d8e52638aea1",
          "step": 22
        },
        {
          "prefix_length": 90,
          "prefix_token_ids_sha256": "1ac57392f6a6fb09b1090d782b90904fdbd53b9bd0499f2e4da92c02f511083b",
          "step": 23
        },
        {
          "prefix_length": 91,
          "prefix_token_ids_sha256": "2355656f0277166fed09f37e12ebbf49ea7776be56161cb7203e962a447f66f4",
          "step": 24
        },
        {
          "prefix_length": 92,
          "prefix_token_ids_sha256": "7f88439b255adcc3af6da91bdaa6640ab30f79921e05308033ffddcddca98e71",
          "step": 25
        },
        {
          "prefix_length": 93,
          "prefix_token_ids_sha256": "857153340457f1112d9967e595ac4a7be54e0d96090fa10e91447232b3f2394c",
          "step": 26
        },
        {
          "prefix_length": 94,
          "prefix_token_ids_sha256": "b4091ed4f19c1486a43466528f2c3555cdcec4cea467f48eb5e7e225ec30869e",
          "step": 27
        },
        {
          "prefix_length": 95,
          "prefix_token_ids_sha256": "40ee391ee06eedad5510e95d04547641b43b37bdaef94c28f558846ead7eeb4a",
          "step": 28
        },
        {
          "prefix_length": 96,
          "prefix_token_ids_sha256": "e0a1e85b9cd1484f39a8842b8da06cc9228e2add3f9d01578a4d6cdc04f15a6c",
          "step": 29
        },
        {
          "prefix_length": 97,
          "prefix_token_ids_sha256": "91a6df42e82996d3f367f3d30a1690e66768f23599ef32dde7329bc4aeac2557",
          "step": 30
        },
        {
          "prefix_length": 98,
          "prefix_token_ids_sha256": "90b29e6c678c6f0c1330863fa26d08fdb5b3456229de61929ef399ce1d191264",
          "step": 31
        },
        {
          "prefix_length": 99,
          "prefix_token_ids_sha256": "510dd13216dd195da0fb7814fc1839db3fc83946b055500128396b1e4594e6ed",
          "step": 32
        },
        {
          "prefix_length": 100,
          "prefix_token_ids_sha256": "021e9c6482b0a21398c15376449d46858d28a34fff360506522e2308b5b648ce",
          "step": 33
        },
        {
          "prefix_length": 101,
          "prefix_token_ids_sha256": "87e7c4d66b072b85bce8ff7b5e7f6095dcc6377a66256a812a2cfcccd4cce6fb",
          "step": 34
        },
        {
          "prefix_length": 102,
          "prefix_token_ids_sha256": "1b25c173a19fb04225e0f184303e356ec50e8dc09fb838836e42d06a24dffb4c",
          "step": 35
        },
        {
          "prefix_length": 103,
          "prefix_token_ids_sha256": "ec23a060cad0e8b86c44c46c182a52b2be73414c897e9bb8e9d79e3f537ebaa5",
          "step": 36
        },
        {
          "prefix_length": 104,
          "prefix_token_ids_sha256": "86006861c7292fea2c3a54743b481820ff11afa849de628d845cec9f875a1787",
          "step": 37
        },
        {
          "prefix_length": 105,
          "prefix_token_ids_sha256": "46c54090a9525fa7e0f3969a69ab1d800dd86133e8cb0ea65575b9979e0646ef",
          "step": 38
        },
        {
          "prefix_length": 106,
          "prefix_token_ids_sha256": "1a8bc2b02f925590331ce57e635096ccf3e5839cf3008ef91ce0d229620e3819",
          "step": 39
        },
        {
          "prefix_length": 107,
          "prefix_token_ids_sha256": "cd3aabedb6c11f11fea9b7ff64dd364070bc6c24e15a775fb565ea3beb6d44a9",
          "step": 40
        },
        {
          "prefix_length": 108,
          "prefix_token_ids_sha256": "c16fdaa3e87b405fc26089fc202853129a6d0c3a3ce42c578a572e3fd42b7f76",
          "step": 41
        },
        {
          "prefix_length": 109,
          "prefix_token_ids_sha256": "fac7328d390ffc24cc90689532b249ccab26c0a74b9a31fedf9312f4b08895ff",
          "step": 42
        },
        {
          "prefix_length": 110,
          "prefix_token_ids_sha256": "f564a9dccd75d56ed1552a9ac43e216fd36be1eafdc63c787ce84207d625349f",
          "step": 43
        },
        {
          "prefix_length": 111,
          "prefix_token_ids_sha256": "20a67c38b092bcef32a05a182aa66a826323b76bddc5a7acc1d18a55964b03f0",
          "step": 44
        },
        {
          "prefix_length": 112,
          "prefix_token_ids_sha256": "44f6dc3e364c9b346a1d0fc258bfe064a6641fa0141d69414bd01992ca00466e",
          "step": 45
        },
        {
          "prefix_length": 113,
          "prefix_token_ids_sha256": "9d7d212a3d2775f02e586e2a6dde0b17005a1ba7ec2b19ce3edf90244f950940",
          "step": 46
        },
        {
          "prefix_length": 114,
          "prefix_token_ids_sha256": "2601212196f15b3b0011c67661f768c084e029887cb1e2a06aacd96c1d7edd80",
          "step": 47
        },
        {
          "prefix_length": 115,
          "prefix_token_ids_sha256": "ae188d33b78f4f2209b2355fd9359e80a84d498830249a7da0dc1c30cf34d331",
          "step": 48
        },
        {
          "prefix_length": 116,
          "prefix_token_ids_sha256": "14cf3c2a02800fd62664ec8362ea1a1a8c5c4851a7e18708cd75d7baf8b580f1",
          "step": 49
        },
        {
          "prefix_length": 117,
          "prefix_token_ids_sha256": "5e1a75e15ad34cdab9b50f9ce372843bf8b9a44452ce2f59629fcf9309290097",
          "step": 50
        },
        {
          "prefix_length": 118,
          "prefix_token_ids_sha256": "639da2ec1b3b69932086582e3f004f27e7d26e6d869c6867712d9d5aa9142f74",
          "step": 51
        },
        {
          "prefix_length": 119,
          "prefix_token_ids_sha256": "59728aab28fda9e72d7a72683fb01ad6dc6a95c992eb3038c64be4ea2d1fb547",
          "step": 52
        },
        {
          "prefix_length": 120,
          "prefix_token_ids_sha256": "367bb59d7a378dc0ceae912ae59bc3b618fefef2826c1b1db6cb59664388dd50",
          "step": 53
        },
        {
          "prefix_length": 121,
          "prefix_token_ids_sha256": "2d3501c1dfd04f0ea2c3eef8d6816cbdbd9121b41a1a2f65972fd203807ee759",
          "step": 54
        },
        {
          "prefix_length": 122,
          "prefix_token_ids_sha256": "1f0bb82dc51192eb14ffcaf8077ac0ba8fa6b1a592643f5aabc45e9083b6f139",
          "step": 55
        },
        {
          "prefix_length": 123,
          "prefix_token_ids_sha256": "c9c4f0ec8df8812a820ad1659e983d1f6276be0239e7d0c5a1015e9ffb261615",
          "step": 56
        },
        {
          "prefix_length": 124,
          "prefix_token_ids_sha256": "1b7beaeafa4923873c248d5996edb347196a721037e391a22a444167e694d563",
          "step": 57
        },
        {
          "prefix_length": 125,
          "prefix_token_ids_sha256": "6e153da9e8f9450031ac02b4f30e6828deca3b2bc8ac39f9ffa26b9ad1445867",
          "step": 58
        },
        {
          "prefix_length": 126,
          "prefix_token_ids_sha256": "e63ced110422b8c89f87b4b3c9249cc4c7769fefd99fa4b80c56fd5d34fcef8e",
          "step": 59
        },
        {
          "prefix_length": 127,
          "prefix_token_ids_sha256": "9938e20a5a02d7479fce39b803b92015d34d1c69a114633934d8987a77dd9d2b",
          "step": 60
        },
        {
          "prefix_length": 128,
          "prefix_token_ids_sha256": "0ecc5f30794341c64820f92cd1aada1e487b90ce0f793314335d30ae257a1c13",
          "step": 61
        },
        {
          "prefix_length": 129,
          "prefix_token_ids_sha256": "e4752ae8b01f536b2f2424f72f59785731f33be9e6a56d6458b0cd3b73d441dd",
          "step": 62
        },
        {
          "prefix_length": 130,
          "prefix_token_ids_sha256": "2010ec30cdd335ba136174e3c473703c64557dedb05fa1c0c25a5b465cc151ec",
          "step": 63
        },
        {
          "prefix_length": 131,
          "prefix_token_ids_sha256": "3f352190824c82d7e4d26e62e22b720ed0d22d402a6f54c8de7c93ed02623f9a",
          "step": 64
        },
        {
          "prefix_length": 132,
          "prefix_token_ids_sha256": "0b66fde3f52dc80f7895933d4a157b13ff0592bd1414bb45041877b672eb3166",
          "step": 65
        },
        {
          "prefix_length": 133,
          "prefix_token_ids_sha256": "b10da44c3d3d2242d39e4e11f58c11ba1d3b6f18532abe874a7653043821a4b9",
          "step": 66
        },
        {
          "prefix_length": 134,
          "prefix_token_ids_sha256": "bed6448718b03631371fb47c231bea8fb29812f460109ed884f23b3c1133f50e",
          "step": 67
        },
        {
          "prefix_length": 135,
          "prefix_token_ids_sha256": "6bb9e8fa1c9324c7c531ba400a97b582868e4b2f0507dea0fbdbeb6a0ca7be67",
          "step": 68
        },
        {
          "prefix_length": 136,
          "prefix_token_ids_sha256": "c9fa91b8987065f564ef07f07657a692d1904ed00e4b8ad3393c39a5e5858b9f",
          "step": 69
        },
        {
          "prefix_length": 137,
          "prefix_token_ids_sha256": "06a070cb5f860faf2feca748562632eff005cf43be38b18ed3da835d655b1266",
          "step": 70
        },
        {
          "prefix_length": 138,
          "prefix_token_ids_sha256": "797a77202d50acdc02bc8023b0ddd0f79e93b18a2472c997df5077e407ae5fc0",
          "step": 71
        },
        {
          "prefix_length": 139,
          "prefix_token_ids_sha256": "b1b6a32e147f4c960827180d2e1e1840244c6f06443d32928e65b4831ce65e95",
          "step": 72
        },
        {
          "prefix_length": 140,
          "prefix_token_ids_sha256": "6080c10955bd9ee3956516cc59f8cc03e971dfa0b2ec1a0efb8fd001d8399e1a",
          "step": 73
        },
        {
          "prefix_length": 141,
          "prefix_token_ids_sha256": "38d1c1b3738d11dad950c2d41802f1e5909824bb3f94e274f3142a6c7be58574",
          "step": 74
        },
        {
          "prefix_length": 142,
          "prefix_token_ids_sha256": "3c57cdc02cb1c42d2abc13845450c3f7210eadba90d1bcc97b9ed6075af9ecee",
          "step": 75
        },
        {
          "prefix_length": 143,
          "prefix_token_ids_sha256": "e9bc2bbd2536aee9360ed08ffd9771cda6aaccf4bbc08a19e1d615c1b10beb56",
          "step": 76
        },
        {
          "prefix_length": 144,
          "prefix_token_ids_sha256": "dcb0e8f79c3531431cc6bb5816f414c08f1f06d4dda20f5c77934e8ea5358227",
          "step": 77
        },
        {
          "prefix_length": 145,
          "prefix_token_ids_sha256": "0830b28f6fecf27fb3e850b011fff2c3f9c80a88b48a5fed3d4be3cf31b2be40",
          "step": 78
        },
        {
          "prefix_length": 146,
          "prefix_token_ids_sha256": "7f60d8b5b8d9fe8332de2bf2e8efb2cfb9fc358aeab261c10d4a6d57e6f973ad",
          "step": 79
        },
        {
          "prefix_length": 147,
          "prefix_token_ids_sha256": "50a96a24088cb99b5e1f8efce4e7286a5d85fb0fd0317a4c6588ecb9be9ae750",
          "step": 80
        },
        {
          "prefix_length": 148,
          "prefix_token_ids_sha256": "8ea11b7355d609d26684fcac9dbb9945b448603a6f8681e996675e54a119aac8",
          "step": 81
        },
        {
          "prefix_length": 149,
          "prefix_token_ids_sha256": "043d520da2c1a00a6bf20d4825e5eb6980a32f692ba435d74c111ca3bff36cdb",
          "step": 82
        },
        {
          "prefix_length": 150,
          "prefix_token_ids_sha256": "cd0dd8c4fc025d5ff63f555e81278cb0471b807be471b653bf8be91f48c7723b",
          "step": 83
        },
        {
          "prefix_length": 151,
          "prefix_token_ids_sha256": "bd2f7ed296e4f1c70e115c9fcd65233321e85e91dd3cd6383de2e4e3eb4bd036",
          "step": 84
        },
        {
          "prefix_length": 152,
          "prefix_token_ids_sha256": "80b32df9283792da132e1e343d0989dd78a25a63c8b7bcea4eb960d988169e22",
          "step": 85
        },
        {
          "prefix_length": 153,
          "prefix_token_ids_sha256": "0d08e3c3b11dcb892ea254e062e83aa35600b3e94d7f1d78261dd68445705ed1",
          "step": 86
        },
        {
          "prefix_length": 154,
          "prefix_token_ids_sha256": "a1f071f1b0dbe490aa67af89b6cbdb4ac2559221d7419fe409566dc899cac2be",
          "step": 87
        }
      ],
      "generated_answer": "72",
      "generated_token_ids": [
        8368,
        42299,
        9189,
        643,
        56,
        30848,
        291,
        16983,
        46,
        661,
        6604,
        44,
        1791,
        9189,
        3434,
        376,
        1523,
        30848,
        376,
        291,
        16983,
        291,
        16983,
        44,
        563,
        2077,
        643,
        56,
        1255,
        402,
        328,
        402,
        52,
        30848,
        46,
        1798,
        1134,
        264,
        1543,
        786,
        286,
        30848,
        1791,
        9189,
        291,
        16983,
        295,
        6604,
        44,
        358,
        1874,
        264,
        786,
        286,
        30848,
        9189,
        9189,
        291,
        727,
        4712,
        58,
        643,
        56,
        425,
        402,
        52,
        328,
        1048,
        50,
        30848,
        46,
        2076,
        44,
        7114,
        42299,
        9189,
        259,
        1543,
        286,
        1048,
        50,
        30848,
        291,
        16983,
        295,
        6604,
        46,
        65508
      ],
      "generated_tokens": 88,
      "hit_max_new_tokens": false,
      "nonempty_text": true,
      "repetition_onset": null,
      "substantive_text": "Natalia sold 48 clips in April. In May, she sold half as many clips as in April in April, which means 48 / 2 = 24 clips. To find the total number of clips she sold in April and May, we add the number of clips sold sold in each month: 48 + 24 = 72 clips. Therefore, Natalia sold a total of 72 clips in April and May.",
      "teacher_answer": "72",
      "teacher_answer_match": true,
      "teacher_text": "Natalia sold 48 clips in April. In May, she sold half as many clips as she did in April, which is 48 / 2 = 24 clips. To find the total number of clips she sold in April and May, we add the number of clips she sold in each month: 48 + 24 = 72 clips. Therefore, Natalia sold a total of 72 clips in April and May.<|end_turn|>",
      "teacher_valid_answer_tokens": 88,
      "text": "Natalia sold 48 clips in April. In May, she sold half as many clips as in April in April, which means 48 / 2 = 24 clips. To find the total number of clips she sold in April and May, we add the number of clips sold sold in each month: 48 + 24 = 72 clips. Therefore, Natalia sold a total of 72 clips in April and May.<|end_turn|>"
    },
    {
      "ended_naturally": true,
      "example_id": 1,
      "fallback_allowed": true,
      "first_32_teacher_token_match_fraction": 0.96875,
      "full_prefix_lengths": [
        61,
        62,
        63,
        64,
        65,
        66,
        67,
        68,
        69,
        70,
        71,
        72,
        73,
        74,
        75,
        76,
        77,
        78,
        79,
        80,
        81,
        82,
        83,
        84,
        85,
        86,
        87,
        88,
        89,
        90,
        91,
        92,
        93,
        94,
        95,
        96,
        97,
        98,
        99,
        100,
        101,
        102,
        103,
        104,
        105,
        106,
        107,
        108,
        109,
        110,
        111,
        112,
        113,
        114,
        115,
        116,
        117
      ],
      "full_prefix_traces": [
        {
          "prefix_length": 61,
          "prefix_token_ids_sha256": "10ad5f331084fe2ae49c5a2cfdcfa71662f904229d1e9d222a6a4957907012ec",
          "step": 0
        },
        {
          "prefix_length": 62,
          "prefix_token_ids_sha256": "6df1a36407cae9880526c14638a4f02ec3bb5b6c0a098aa9ff23a27199dc41c3",
          "step": 1
        },
        {
          "prefix_length": 63,
          "prefix_token_ids_sha256": "673bb34de3dd5fcbe194b9294f1fa97f271a3522367bf09aa846ee2ef7786c9c",
          "step": 2
        },
        {
          "prefix_length": 64,
          "prefix_token_ids_sha256": "c2eb9b52cd635fb156ebd9f7817e439d120f217563f05c178f1a35d6a9c87f18",
          "step": 3
        },
        {
          "prefix_length": 65,
          "prefix_token_ids_sha256": "7a7c3d497c2b15543b401bbede70813b5c5ca4da95afcc0b4da5b4b240d4190c",
          "step": 4
        },
        {
          "prefix_length": 66,
          "prefix_token_ids_sha256": "10ae408490814385db8db005ca45ba125f677e5f7b8533f302b653ea74a101ec",
          "step": 5
        },
        {
          "prefix_length": 67,
          "prefix_token_ids_sha256": "7c951f12b602f5190642bd63ad365026d3e93377c45b991dc4e0db6b5a38f367",
          "step": 6
        },
        {
          "prefix_length": 68,
          "prefix_token_ids_sha256": "2c4657b46b09cd6c90dc22c6e18b6fd3ae74c5ad8737f106751729ed9a6350db",
          "step": 7
        },
        {
          "prefix_length": 69,
          "prefix_token_ids_sha256": "a219753b9a20dc85e5b4d283502a058e809171b1b27b1b2131fc8cfec6d8ff99",
          "step": 8
        },
        {
          "prefix_length": 70,
          "prefix_token_ids_sha256": "cfae3c9bfe17ac2dd3fe3abf5b72bff41c36ac2a74f4e5cad23474dde26dedad",
          "step": 9
        },
        {
          "prefix_length": 71,
          "prefix_token_ids_sha256": "74785dc9470e71066932a60e02cf1b4d1bf4e2742f6453b95e52db69887952b5",
          "step": 10
        },
        {
          "prefix_length": 72,
          "prefix_token_ids_sha256": "8f40e67aba56d29402c276a3abd437f5c68e456df62ea3abf89d388cf98cc0b3",
          "step": 11
        },
        {
          "prefix_length": 73,
          "prefix_token_ids_sha256": "eecff9547231f04300c9ef1df83472267c4b395bc8cbc3cc3f2af23f51f9a930",
          "step": 12
        },
        {
          "prefix_length": 74,
          "prefix_token_ids_sha256": "9aa7f338a7c8c6004db5d2f2de8a5472f6ecadff85a0afab09dafa914f3cb830",
          "step": 13
        },
        {
          "prefix_length": 75,
          "prefix_token_ids_sha256": "caaa64a830841d344998b4ce4c5514c99d260a2ebadb6a53fdf32c3e776cc8d2",
          "step": 14
        },
        {
          "prefix_length": 76,
          "prefix_token_ids_sha256": "5e017a88684d3b8fc8e72fcd155c516e09b754cb20eef336e8b581513a018eb4",
          "step": 15
        },
        {
          "prefix_length": 77,
          "prefix_token_ids_sha256": "abf67a1b819bdac66341404dd4f2cacba31e795788f169672199ef03e9ea3502",
          "step": 16
        },
        {
          "prefix_length": 78,
          "prefix_token_ids_sha256": "ea623a782ba11071426de3a3680bb355f3b7849d571c4ee5c1a81f51890c0d47",
          "step": 17
        },
        {
          "prefix_length": 79,
          "prefix_token_ids_sha256": "716242c7f91d2f90ff7295ada7b97a1c23384a9592f87326fb654e34cbea5d54",
          "step": 18
        },
        {
          "prefix_length": 80,
          "prefix_token_ids_sha256": "0799ed909f122522c4ddf3af2b2da6a959ca1732b2c95f8fef835461329ef262",
          "step": 19
        },
        {
          "prefix_length": 81,
          "prefix_token_ids_sha256": "d3ec75c51867ff13196d69b975948ee1a7796227cd4f566927a8a3030ee2ea92",
          "step": 20
        },
        {
          "prefix_length": 82,
          "prefix_token_ids_sha256": "797eebc45f351e159c328caa0cd3b9f79b4b499f6b9049c51691f29cace8dfb2",
          "step": 21
        },
        {
          "prefix_length": 83,
          "prefix_token_ids_sha256": "8a50ee9435cd910cf343cb953a0a14b1db6d38b9a1237e0ea1a76e9ac7769dc8",
          "step": 22
        },
        {
          "prefix_length": 84,
          "prefix_token_ids_sha256": "9dbf2a4a2f663dbb637e5fab431d7257d465a5abc056f92be6fd9a146186d2d0",
          "step": 23
        },
        {
          "prefix_length": 85,
          "prefix_token_ids_sha256": "c54647cdc69145eaf748e179da850a42f0ae2b87b618d0c764fa21867ab045a9",
          "step": 24
        },
        {
          "prefix_length": 86,
          "prefix_token_ids_sha256": "51d4251dcb0cc817b3208c814ca24d075ade8a2aa9fc108bbe48ce5bffe8ac99",
          "step": 25
        },
        {
          "prefix_length": 87,
          "prefix_token_ids_sha256": "681aa2f4a2bf0f84adfa909433b59cdc4e8b0f8a43ac962fc4d727905f9af235",
          "step": 26
        },
        {
          "prefix_length": 88,
          "prefix_token_ids_sha256": "4fe46c69a7907a7c5dfd097763aff5422a46481fb50da1b954c0c0516ee8823a",
          "step": 27
        },
        {
          "prefix_length": 89,
          "prefix_token_ids_sha256": "babb80618d8df8bc425925925a872d4cc2c9f4607f05c7165eab528b08118991",
          "step": 28
        },
        {
          "prefix_length": 90,
          "prefix_token_ids_sha256": "fdb4a59a03352ca841153f77b83d7b6d0f4cc8f84ef44034540bb4855ecdb773",
          "step": 29
        },
        {
          "prefix_length": 91,
          "prefix_token_ids_sha256": "4ebff52b8ab4ef1bee1ea5c7cc441a87c1f8eb5ca2aa106e29fd4aecd4f8ff88",
          "step": 30
        },
        {
          "prefix_length": 92,
          "prefix_token_ids_sha256": "d499e8f84d4ecd578130b67101380e472e4d554379a8e2e3a9ca595e1c1fb812",
          "step": 31
        },
        {
          "prefix_length": 93,
          "prefix_token_ids_sha256": "495b0fce993bf921574da9b0a84ddca579abe6e80ae7195627083f1b07a8dbc3",
          "step": 32
        },
        {
          "prefix_length": 94,
          "prefix_token_ids_sha256": "9b3ec608c082ac14bd4c806d00a7ce88753d76017bb53af0e9f7b926136abc3b",
          "step": 33
        },
        {
          "prefix_length": 95,
          "prefix_token_ids_sha256": "11ecac335767dd96754f2d6afb56c5f5bdacacbcdddf0ac80fc9b9d64d9ab5db",
          "step": 34
        },
        {
          "prefix_length": 96,
          "prefix_token_ids_sha256": "d6fe34aa0d62e5da4703e01cfb547038f4c45463fe0dd462406b32b3a22d670f",
          "step": 35
        },
        {
          "prefix_length": 97,
          "prefix_token_ids_sha256": "6a3eeaab28c8bbb4fc74dbcdbdd876613c69731269e9b624f393c758bc672f3c",
          "step": 36
        },
        {
          "prefix_length": 98,
          "prefix_token_ids_sha256": "7a43e47d06bd0e616eb87a80e76364a2b54869c10862e8412699c37dd0802603",
          "step": 37
        },
        {
          "prefix_length": 99,
          "prefix_token_ids_sha256": "8a04245485ed97668c1e87e5cf9181ac692c3698b2bbe13666cafc931ea43a9e",
          "step": 38
        },
        {
          "prefix_length": 100,
          "prefix_token_ids_sha256": "88d6cf4729a977a954b7d4de432dbe8a47d2aeabf4f74889dfc9da088d75ed34",
          "step": 39
        },
        {
          "prefix_length": 101,
          "prefix_token_ids_sha256": "7a7f56febb69047f1e6e43952c593c731054fb292fa5ab952c13bbbc97f90880",
          "step": 40
        },
        {
          "prefix_length": 102,
          "prefix_token_ids_sha256": "b2621b90160fbeeb7c98550b3086c4cfeb6bc8e333947ea5946c82d45b9197cd",
          "step": 41
        },
        {
          "prefix_length": 103,
          "prefix_token_ids_sha256": "252d4f35d9a7c82e67450309ff9de1f5579ccb37078bde708e85a3e880472382",
          "step": 42
        },
        {
          "prefix_length": 104,
          "prefix_token_ids_sha256": "2b49f9db6c1ed10c98b8958bd169d71e4ccb88f5ee6a863bb6065601db87ce17",
          "step": 43
        },
        {
          "prefix_length": 105,
          "prefix_token_ids_sha256": "376fb44e3c0e88c22fb84ec1c7ad0b642e4de36c7a37b99cedd4f149fab0dea4",
          "step": 44
        },
        {
          "prefix_length": 106,
          "prefix_token_ids_sha256": "79798f9d4805efd8d80211d86a0d6e57098e95d7b7716c1f600ae22aee26105d",
          "step": 45
        },
        {
          "prefix_length": 107,
          "prefix_token_ids_sha256": "83a7a2005be9d0cc76fe734b0241cfecbe7e742d72fa6229986b0ddc75e793e8",
          "step": 46
        },
        {
          "prefix_length": 108,
          "prefix_token_ids_sha256": "d2c2d6d4539ff97140139630148d7458e712f22714c5e4afec9f5d05f455cfd0",
          "step": 47
        },
        {
          "prefix_length": 109,
          "prefix_token_ids_sha256": "906374cb6e415637955b69c7f50f91df1f2edb7630611148cb43546dd1f59fcd",
          "step": 48
        },
        {
          "prefix_length": 110,
          "prefix_token_ids_sha256": "939ebd61b83a87cc10d0ca7b8197c8ce12f4a005a0e6f737fdf4b7d72d772708",
          "step": 49
        },
        {
          "prefix_length": 111,
          "prefix_token_ids_sha256": "366e5f91f6e6190178557754d33cd1169080b316afaeb91af4755e5e09d4db29",
          "step": 50
        },
        {
          "prefix_length": 112,
          "prefix_token_ids_sha256": "0ea73a057caac99e1eec335efd33fd14e04ae6c85909dce3fb4fe505e0480514",
          "step": 51
        },
        {
          "prefix_length": 113,
          "prefix_token_ids_sha256": "3026fcfab4d08448fb79874d0220bf663ec4dcd9eecef70489bd5d9e44429fc2",
          "step": 52
        },
        {
          "prefix_length": 114,
          "prefix_token_ids_sha256": "7c43cf400c409467f8fdbc8e44c57281396761d723e85bd00d1cce5b448ca054",
          "step": 53
        },
        {
          "prefix_length": 115,
          "prefix_token_ids_sha256": "4a82ce62dbdf4d35303ff9978112ca596e38736e3fe243d25be8866813d77ce4",
          "step": 54
        },
        {
          "prefix_length": 116,
          "prefix_token_ids_sha256": "3b7882c3d50d211faea0024207cb0fb99a9255babd434a4b297d31f4d4aa755d",
          "step": 55
        },
        {
          "prefix_length": 117,
          "prefix_token_ids_sha256": "8d8cac5a49f942ce307b73c239fe0ef0426264b80136c8213ff7b35b5931a068",
          "step": 56
        }
      ],
      "generated_answer": "60",
      "generated_token_ids": [
        1401,
        2861,
        493,
        8687,
        582,
        19728,
        44,
        358,
        1079,
        302,
        7045,
        1541,
        34989,
        26464,
        404,
        264,
        786,
        286,
        3881,
        1791,
        9518,
        46,
        6219,
        264,
        4623,
        58,
        10,
        36,
        49,
        50,
        28690,
        848,
        742,
        48,
        4398,
        328,
        269,
        54,
        48,
        10,
        2862,
        44,
        493,
        8687,
        14898,
        269,
        54,
        48,
        330,
        51171,
        7862,
        330,
        742,
        48,
        4398,
        46,
        65508
      ],
      "generated_tokens": 57,
      "hit_max_new_tokens": false,
      "nonempty_text": true,
      "repetition_onset": null,
      "substantive_text": "To calculate Weng's earnings, we need to multiply her hourly wage by the number of hours she worked. Here's the calculation:\n$12/hour * 50 minutes = $60\nTherefore, Weng earned $60 for babysitting for 50 minutes.",
      "teacher_answer": "60",
      "teacher_answer_match": true,
      "teacher_text": "To calculate Weng's earnings, we need to multiply her hourly wage by the number of minutes she worked. Here's the calculation:\n$12/hour * 50 minutes = $60\nTherefore, Weng earned $60 for babysitting for 50 minutes.<|end_turn|>",
      "teacher_valid_answer_tokens": 57,
      "text": "To calculate Weng's earnings, we need to multiply her hourly wage by the number of hours she worked. Here's the calculation:\n$12/hour * 50 minutes = $60\nTherefore, Weng earned $60 for babysitting for 50 minutes.<|end_turn|>"
    },
    {
      "ended_naturally": true,
      "example_id": 2,
      "fallback_allowed": true,
      "first_32_teacher_token_match_fraction": 0.96875,
      "full_prefix_lengths": [
        91,
        92,
        93,
        94,
        95,
        96,
        97,
        98,
        99,
        100,
        101,
        102,
        103,
        104,
        105,
        106,
        107,
        108,
        109,
        110,
        111,
        112,
        113,
        114,
        115,
        116,
        117,
        118,
        119,
        120,
        121,
        122,
        123,
        124,
        125,
        126,
        127,
        128,
        129,
        130,
        131,
        132,
        133,
        134,
        135,
        136,
        137,
        138,
        139,
        140,
        141,
        142,
        143,
        144,
        145,
        146,
        147,
        148,
        149,
        150,
        151,
        152,
        153,
        154,
        155,
        156,
        157,
        158,
        159,
        160,
        161,
        162,
        163,
        164,
        165,
        166,
        167,
        168,
        169,
        170,
        171,
        172,
        173,
        174,
        175,
        176,
        177,
        178,
        179,
        180,
        181,
        182,
        183,
        184,
        185,
        186,
        187,
        188,
        189,
        190,
        191,
        192,
        193,
        194,
        195,
        196,
        197,
        198,
        199,
        200,
        201,
        202,
        203,
        204,
        205,
        206,
        207,
        208,
        209,
        210,
        211,
        212,
        213,
        214,
        215,
        216,
        217,
        218,
        219,
        220,
        221,
        222,
        223,
        224,
        225,
        226,
        227,
        228,
        229,
        230,
        231,
        232,
        233,
        234,
        235,
        236,
        237,
        238,
        239,
        240,
        241,
        242,
        243,
        244,
        245,
        246,
        247,
        248,
        249,
        250,
        251,
        252,
        253,
        254,
        255,
        256,
        257,
        258,
        259,
        260,
        261,
        262,
        263,
        264,
        265,
        266,
        267,
        268,
        269
      ],
      "full_prefix_traces": [
        {
          "prefix_length": 91,
          "prefix_token_ids_sha256": "d4e1509afac8b12ff6f6ef999a18f9f06de6c0320b11d2a48fb6433c34be92fb",
          "step": 0
        },
        {
          "prefix_length": 92,
          "prefix_token_ids_sha256": "1e441150a8fd5f30a98bbbb23dcb8f399d936bc634068c26501037e962a51eb6",
          "step": 1
        },
        {
          "prefix_length": 93,
          "prefix_token_ids_sha256": "a209c6da6d025f255a69866298ee8fc3aeb482ed8c53f216b46a14fd6a86a30a",
          "step": 2
        },
        {
          "prefix_length": 94,
          "prefix_token_ids_sha256": "0690760b33aedead9e55d00151c189618dda14fd441bf4940123e3d1fc0d7768",
          "step": 3
        },
        {
          "prefix_length": 95,
          "prefix_token_ids_sha256": "9bd0bef7a497df3ea14a15dd74bf4128b03e00aa2bbaeef46053873bcdb12bdf",
          "step": 4
        },
        {
          "prefix_length": 96,
          "prefix_token_ids_sha256": "6d22992263a63fe3d773fc56479d98a089d18b1ed0f3e3fcfef9d42788427ba9",
          "step": 5
        },
        {
          "prefix_length": 97,
          "prefix_token_ids_sha256": "96ae57b9a1f553a4a1dd7c873b4c686a763ddf44899eeabf1dac9c1e32da9597",
          "step": 6
        },
        {
          "prefix_length": 98,
          "prefix_token_ids_sha256": "cefb3af75bab1b2932228e6b38c76e1a280251d1005d23561c37fefebf20153f",
          "step": 7
        },
        {
          "prefix_length": 99,
          "prefix_token_ids_sha256": "6e168b9fd607482298ae3a83c6731a95397c0a2a9aa9e2bf60b47e8bdf0649d5",
          "step": 8
        },
        {
          "prefix_length": 100,
          "prefix_token_ids_sha256": "a235d3a830fc44e817e4e0cd1429447629ba5c088100fc39f072ac3d2fcfacb4",
          "step": 9
        },
        {
          "prefix_length": 101,
          "prefix_token_ids_sha256": "2255b5aca48a2b75712a347f56bd7f86a158ff0d0b325792d711be4c984dcd87",
          "step": 10
        },
        {
          "prefix_length": 102,
          "prefix_token_ids_sha256": "3c8e2321434dd8792aa4daf64fcdf92e82c0f932d932bc6b1d8f1f3fd95817b7",
          "step": 11
        },
        {
          "prefix_length": 103,
          "prefix_token_ids_sha256": "75aa863dd673d3949ca086dc15e6bae4b7e3f85324fb651a912921514500fc71",
          "step": 12
        },
        {
          "prefix_length": 104,
          "prefix_token_ids_sha256": "6808705d990aa26b6bd3680b007d163ea61c78fd5dc7379292b16a9f83c1d5c3",
          "step": 13
        },
        {
          "prefix_length": 105,
          "prefix_token_ids_sha256": "e04477d06de225c8a9972399ba8d5e110b2e071acdba9edf1f3c6ff54913e4bd",
          "step": 14
        },
        {
          "prefix_length": 106,
          "prefix_token_ids_sha256": "a350a57f0b2a76a585caff2068d1fa2b7999a7eb9a8945f58fc0867735710240",
          "step": 15
        },
        {
          "prefix_length": 107,
          "prefix_token_ids_sha256": "f70761ca8f7aa8eb61810881390459eaff64aa73b550db964622922ea6462497",
          "step": 16
        },
        {
          "prefix_length": 108,
          "prefix_token_ids_sha256": "96d1ae838629e8fb9b063453d411ccc4174b40d56e42eb763497e7c89e937437",
          "step": 17
        },
        {
          "prefix_length": 109,
          "prefix_token_ids_sha256": "cc9faf50827f9fdb49ac026e5c9b94796b9c6aa4d170b7b551fed94b9ce52e70",
          "step": 18
        },
        {
          "prefix_length": 110,
          "prefix_token_ids_sha256": "33401fe57c63b390ef8404e750671deb055f16b5297eea0c60127138fe525d3f",
          "step": 19
        },
        {
          "prefix_length": 111,
          "prefix_token_ids_sha256": "03364c7eae66365ac542519e5edd963acb02c4406c0f0b2666594ea8c35b7e52",
          "step": 20
        },
        {
          "prefix_length": 112,
          "prefix_token_ids_sha256": "594ce7c43d730be439397b9a6ed5efc8c7c9df4048b1d8d4e54ad909be64efd3",
          "step": 21
        },
        {
          "prefix_length": 113,
          "prefix_token_ids_sha256": "48e1398c33775c4531ae39a39463676f752a06aa8ea6ace5a8a7600f6ad59230",
          "step": 22
        },
        {
          "prefix_length": 114,
          "prefix_token_ids_sha256": "cebfd01e956fe7466214302f9a999273e14a4a9b3209294ffc89a735209c6445",
          "step": 23
        },
        {
          "prefix_length": 115,
          "prefix_token_ids_sha256": "695e576c31fde40d9673ccb1ac5e8999234a647b798abf7fe873b3771a6bdd4e",
          "step": 24
        },
        {
          "prefix_length": 116,
          "prefix_token_ids_sha256": "78c826cc1b6c2ce1483b194564d32ecc3872bc9e656c6f389eb8519a517239da",
          "step": 25
        },
        {
          "prefix_length": 117,
          "prefix_token_ids_sha256": "8990198808be103078ddebabad097dcfbb649c53651e05fcebe8a9eb98fd475b",
          "step": 26
        },
        {
          "prefix_length": 118,
          "prefix_token_ids_sha256": "ce3085a82ba2a1730f6b7c53349e271623780834bbf49085b81eb89d69248e5b",
          "step": 27
        },
        {
          "prefix_length": 119,
          "prefix_token_ids_sha256": "ad7af342d08523809ee5f53f7cc2e47746407422fe5e1a5a102526cdd546feb7",
          "step": 28
        },
        {
          "prefix_length": 120,
          "prefix_token_ids_sha256": "45cc5b45601a75522a04c2fb5b4a1ba0d203ecdde36ea86cbd0d9e9d91d71d45",
          "step": 29
        },
        {
          "prefix_length": 121,
          "prefix_token_ids_sha256": "21d0691bb1d07c444505c938a200ee7f6b9e1913cd380807e5d7d8456d1580e6",
          "step": 30
        },
        {
          "prefix_length": 122,
          "prefix_token_ids_sha256": "b2db7a327d57f544f2f1899a1b971f733a18a6f67944e8bd7bcd6b0ecc65fa76",
          "step": 31
        },
        {
          "prefix_length": 123,
          "prefix_token_ids_sha256": "34d4fc97aa3ceec88e4608ae2f3588b6e3ed1f0cde41cff56fb45713f3be3d48",
          "step": 32
        },
        {
          "prefix_length": 124,
          "prefix_token_ids_sha256": "403517cc13fb528f1555845190f8ad9db75af6889053541124c0a3d9be299299",
          "step": 33
        },
        {
          "prefix_length": 125,
          "prefix_token_ids_sha256": "08832d867730d662d6375ad4e24bdbca68280272f04a002033318a8eb5cee3f5",
          "step": 34
        },
        {
          "prefix_length": 126,
          "prefix_token_ids_sha256": "98417699b309c16615c7c7cbabb01b19ca26338e4c1d95949d5037ffbeab5455",
          "step": 35
        },
        {
          "prefix_length": 127,
          "prefix_token_ids_sha256": "94cf478b265c7c5ee8a266875b01330297b8f6d0cf084b96c523cc17a3de3d51",
          "step": 36
        },
        {
          "prefix_length": 128,
          "prefix_token_ids_sha256": "2e78fe0a41cb830001ee9a21c4813ae827bfdd5b56a22fd1b8cdb40685e43bd2",
          "step": 37
        },
        {
          "prefix_length": 129,
          "prefix_token_ids_sha256": "83728e52213853a539b557fc095479b06620df94bf4a52dc000ec610c5bb26f3",
          "step": 38
        },
        {
          "prefix_length": 130,
          "prefix_token_ids_sha256": "bb54423fd483a8cfb10e0442670afc609b561752b82b1982210f743ae620b7c8",
          "step": 39
        },
        {
          "prefix_length": 131,
          "prefix_token_ids_sha256": "25d773941ca068a14994d9d8117009bd145d112a42424625411a527c0b5fea1f",
          "step": 40
        },
        {
          "prefix_length": 132,
          "prefix_token_ids_sha256": "ad9f97eeef23ef1e88d78e9cfe1f44a9645c537ee7f31117975e794bc18f4a2a",
          "step": 41
        },
        {
          "prefix_length": 133,
          "prefix_token_ids_sha256": "07a97950f67fbc3df88ebf50676634c0cce62816183538679d698a5e77d4d309",
          "step": 42
        },
        {
          "prefix_length": 134,
          "prefix_token_ids_sha256": "c725dace43a2870c5ab1b666f83a34a16bc07d777b7271345c8f095ea4e32230",
          "step": 43
        },
        {
          "prefix_length": 135,
          "prefix_token_ids_sha256": "01858057222093ce96d80451b4664d6dc5b6f85b5c982610ba38b7fcbc517e31",
          "step": 44
        },
        {
          "prefix_length": 136,
          "prefix_token_ids_sha256": "d4990b89c1605e553326b5be008a39596b2354495eb3d3f4d43fcde34e59a8eb",
          "step": 45
        },
        {
          "prefix_length": 137,
          "prefix_token_ids_sha256": "388ce5bb6b095880505a449078f422fe4362025647fb024316290a76a695b5ee",
          "step": 46
        },
        {
          "prefix_length": 138,
          "prefix_token_ids_sha256": "9393e8133a23b8d25fbc38b2e639a54171e055b9cd1037147d7eadc22936e2f2",
          "step": 47
        },
        {
          "prefix_length": 139,
          "prefix_token_ids_sha256": "0fa2c54a11dd33cfbf091be377073c472a397e5bc53249d15997e0361b770d29",
          "step": 48
        },
        {
          "prefix_length": 140,
          "prefix_token_ids_sha256": "675f005c535a162742b22ee20f55c208c7b239da97fb95008a38a161e4e6a90d",
          "step": 49
        },
        {
          "prefix_length": 141,
          "prefix_token_ids_sha256": "1bee3104ccd2f0ac8728ded560f6d247a70290c322ddb6b1610f85fb6035d9be",
          "step": 50
        },
        {
          "prefix_length": 142,
          "prefix_token_ids_sha256": "a26c7d09cfc3c38346e55fafe743a370810d4fdeaae971aaa663cf2ffa8b50f7",
          "step": 51
        },
        {
          "prefix_length": 143,
          "prefix_token_ids_sha256": "48a2573a975ce2e4197cc8fba33e7779f31a6f481843c58a0e5c9aab70513435",
          "step": 52
        },
        {
          "prefix_length": 144,
          "prefix_token_ids_sha256": "f70e7de8e67171b0d3b4138fc6a04a7dc0935a900cd0bc4336b9294c0e26b619",
          "step": 53
        },
        {
          "prefix_length": 145,
          "prefix_token_ids_sha256": "2cfb60ef5e4df2d6df145c02a6cd59fd3b1050a82dd1b33d52a1abcbea126e21",
          "step": 54
        },
        {
          "prefix_length": 146,
          "prefix_token_ids_sha256": "07efd7bb53ed69e57be2fcaa9a020b00ab23ad01c42ffda95bfee6132c55f949",
          "step": 55
        },
        {
          "prefix_length": 147,
          "prefix_token_ids_sha256": "e161b283f837aafe64525d6a038426b0354458b2cb24690808b7682d448af436",
          "step": 56
        },
        {
          "prefix_length": 148,
          "prefix_token_ids_sha256": "f007dd219c1803972fe0cb605d4f3330dbe8509d145a8daf8b1df968ff8538e4",
          "step": 57
        },
        {
          "prefix_length": 149,
          "prefix_token_ids_sha256": "21214b3c2614c574296b0668326054a31ec968ded8d6e832196728275840821d",
          "step": 58
        },
        {
          "prefix_length": 150,
          "prefix_token_ids_sha256": "ef027c15545ef307b13d7e29754f7f168812323fcdc6a8094827de8a03c68ac7",
          "step": 59
        },
        {
          "prefix_length": 151,
          "prefix_token_ids_sha256": "15617602d836bba85e8c29a23e292e3bcab1e963b576623cb917afbce7cf5978",
          "step": 60
        },
        {
          "prefix_length": 152,
          "prefix_token_ids_sha256": "4c4950768c74e4101e5930cb72ad602977e6ac399215c9ed023d502138fa0163",
          "step": 61
        },
        {
          "prefix_length": 153,
          "prefix_token_ids_sha256": "badc7f59aecacd599f046347ffc8f46982fa3a472d5ea703dd50680f63b195f8",
          "step": 62
        },
        {
          "prefix_length": 154,
          "prefix_token_ids_sha256": "2df0517c246f6f067b600c31ba62fadeaf65db3f24f7f3f2ad98c272f3d9c352",
          "step": 63
        },
        {
          "prefix_length": 155,
          "prefix_token_ids_sha256": "0c4aa31e29e1fc347863cf09fa7d3b509244fbbf0bed6c9b6751d9898e88b453",
          "step": 64
        },
        {
          "prefix_length": 156,
          "prefix_token_ids_sha256": "63296501a6c60ec05c19d75084f15b672dec6410786e14c587687c639995b289",
          "step": 65
        },
        {
          "prefix_length": 157,
          "prefix_token_ids_sha256": "86f38e8bb41fe73c792af99632f87ebbfc3562c721e40fb5921f29e5c6a577c3",
          "step": 66
        },
        {
          "prefix_length": 158,
          "prefix_token_ids_sha256": "264df13bba5c6e1ca126ffbceda8487a96ba4af4a3f2b945d7c574026a018118",
          "step": 67
        },
        {
          "prefix_length": 159,
          "prefix_token_ids_sha256": "8c0aee0cab1e29885a768ea21e5a36bb3d8e88709ab70f2e56a7230fcb62015e",
          "step": 68
        },
        {
          "prefix_length": 160,
          "prefix_token_ids_sha256": "cde1daa53d7d1de9f569f369f2ff5de177539e2a1b62910f38cb61c3ca74819a",
          "step": 69
        },
        {
          "prefix_length": 161,
          "prefix_token_ids_sha256": "82b93dd8360a11168717a2de04c9f943d1fdbcb94a244bd4411b1dcb5723789d",
          "step": 70
        },
        {
          "prefix_length": 162,
          "prefix_token_ids_sha256": "60a49a4ba8300876e5d7fd7dc828894a12a21338a9cef41207f8f6e5dd7ab1f5",
          "step": 71
        },
        {
          "prefix_length": 163,
          "prefix_token_ids_sha256": "33fbe26150a826c327e1d56ab331d848686f3856cb8a4dbabc5cc404db0dc39a",
          "step": 72
        },
        {
          "prefix_length": 164,
          "prefix_token_ids_sha256": "cc260ecde0e3c484311bf4bf7cfac2c4b9b240a76d51aa293b59235505723a9e",
          "step": 73
        },
        {
          "prefix_length": 165,
          "prefix_token_ids_sha256": "6cb094b88d8f75af96b6d63f83d8444a2a94fca08bdeb5869e22d9c840db073b",
          "step": 74
        },
        {
          "prefix_length": 166,
          "prefix_token_ids_sha256": "ca46cd360c178ce6b3ead474da21a0de5f9e5cfd10c2e1a01316d8b65f1cc843",
          "step": 75
        },
        {
          "prefix_length": 167,
          "prefix_token_ids_sha256": "90323aad109a0351e6deca21367b5505255a0c718a685a0451987463dee3b4ba",
          "step": 76
        },
        {
          "prefix_length": 168,
          "prefix_token_ids_sha256": "896e023734ec30a5866f93ab3272124390eeeaacf723a21ca2bb1b5fa58e8231",
          "step": 77
        },
        {
          "prefix_length": 169,
          "prefix_token_ids_sha256": "a5f8a50c97a204eaca194e3a5f4ec8ce8b5ba443b946d1505f1cf249810d0a47",
          "step": 78
        },
        {
          "prefix_length": 170,
          "prefix_token_ids_sha256": "375008e1164b342d5d30657949f3fe165166ecdf15ee5af0fe6885498f0973f3",
          "step": 79
        },
        {
          "prefix_length": 171,
          "prefix_token_ids_sha256": "eec8fde4b178ce751af4d9555ed3632876e3078b42e32d9ac5dea4c8b577afb9",
          "step": 80
        },
        {
          "prefix_length": 172,
          "prefix_token_ids_sha256": "3295d295377e40516fc56929429e3f4095064aee82042ee4fb87b2073ff944ca",
          "step": 81
        },
        {
          "prefix_length": 173,
          "prefix_token_ids_sha256": "9541325deb361fd97b78429e10cc58bec970e6e5901e68d6250490cfe260661d",
          "step": 82
        },
        {
          "prefix_length": 174,
          "prefix_token_ids_sha256": "8aa5dfce843d3f1bd6e0c4343b07e40afcfeae29e774ff3be94448d81eb18704",
          "step": 83
        },
        {
          "prefix_length": 175,
          "prefix_token_ids_sha256": "99b0c6651b9916d1b8c7b3c78616169d8bd13e198540a8c02b96ccb5d6b412c3",
          "step": 84
        },
        {
          "prefix_length": 176,
          "prefix_token_ids_sha256": "c92cb600ab3f57b50ec528f78fde0a7587ffa5d8ce4df0a0a70e9e65132ed947",
          "step": 85
        },
        {
          "prefix_length": 177,
          "prefix_token_ids_sha256": "e5f2b1ace917789e8d27eaf3c575b4c4bfba99dc156051162f0c0708717bbcb7",
          "step": 86
        },
        {
          "prefix_length": 178,
          "prefix_token_ids_sha256": "233eeef9f9f427cff361cabc02f781ed46ae72a6cd36502e326d57847a158c2f",
          "step": 87
        },
        {
          "prefix_length": 179,
          "prefix_token_ids_sha256": "9d39279d910e14cfea59d0c1502d8c97e13e03648c8b942424229c2ebc1ec83a",
          "step": 88
        },
        {
          "prefix_length": 180,
          "prefix_token_ids_sha256": "fa601c491b9f3c9d6430b23c9731c19ddda17a98c383dfbfb25bf1690cade33b",
          "step": 89
        },
        {
          "prefix_length": 181,
          "prefix_token_ids_sha256": "178757423b3da41b49c7fbafef00e8d6961e93e12a38ebdfcddb50a2c79833a8",
          "step": 90
        },
        {
          "prefix_length": 182,
          "prefix_token_ids_sha256": "1d63cdfd728fd8ca946976e76b2a26bfb0522d734bfd5d61d497cf1e7af55e9a",
          "step": 91
        },
        {
          "prefix_length": 183,
          "prefix_token_ids_sha256": "9c68f68ad55a1c25b7c9544e09d5c2655b60b5e4577a13365b998b3d0067e205",
          "step": 92
        },
        {
          "prefix_length": 184,
          "prefix_token_ids_sha256": "e071d5b59be7579be8a30a0444c8d8d144e7bd1aca82b112e37904c19812a6a5",
          "step": 93
        },
        {
          "prefix_length": 185,
          "prefix_token_ids_sha256": "fa09be74ca8b99822c8a650e9c329c9e474c0d679d088659af15abcd34830bf2",
          "step": 94
        },
        {
          "prefix_length": 186,
          "prefix_token_ids_sha256": "6512d727150d475332e1a747635e8ecfe38a25a29830956a66952e17c503f309",
          "step": 95
        },
        {
          "prefix_length": 187,
          "prefix_token_ids_sha256": "bb7cd9b912df487c62619f318e26de6af343ae2ea25fd7da4a95f328d52e9721",
          "step": 96
        },
        {
          "prefix_length": 188,
          "prefix_token_ids_sha256": "b7f93410b138e6afcd07d33b792a775915600bc4e189beed91ea9af92234640c",
          "step": 97
        },
        {
          "prefix_length": 189,
          "prefix_token_ids_sha256": "c47945043b320bad5616efa6de64be464be0dbb6e002bee2606a082999b37336",
          "step": 98
        },
        {
          "prefix_length": 190,
          "prefix_token_ids_sha256": "4be40ba3300f9ad14576c007aafc466b83a5b21064774c25164d5efbab89826b",
          "step": 99
        },
        {
          "prefix_length": 191,
          "prefix_token_ids_sha256": "a11a1080337178da0bfe2a8ae74445261727ac8bf9b76d4d1a34ef42b799f028",
          "step": 100
        },
        {
          "prefix_length": 192,
          "prefix_token_ids_sha256": "fafbd8624ce833eb1a725a2d9775f414cbc3713d701d8167ed380fc36362a451",
          "step": 101
        },
        {
          "prefix_length": 193,
          "prefix_token_ids_sha256": "4916f6fa959a2cbdbdbfa8893bc9ca1fe9a4bb9642468a3c8d6738a90d1329d1",
          "step": 102
        },
        {
          "prefix_length": 194,
          "prefix_token_ids_sha256": "f659a9cf5beed460ef8bab787bc64c3677eaf6520a59645b9c0bbd66b994c1eb",
          "step": 103
        },
        {
          "prefix_length": 195,
          "prefix_token_ids_sha256": "b2e04008c2fe857dffccbf66f6b2b661ed2b97f83bbee48047798cca2badd5e6",
          "step": 104
        },
        {
          "prefix_length": 196,
          "prefix_token_ids_sha256": "8291b9d7dc15dd1ae4f8678fab52c4267804f3f1bc59b6e225c880e32b717e07",
          "step": 105
        },
        {
          "prefix_length": 197,
          "prefix_token_ids_sha256": "c466340ca8d488a0a15b87e8dd5f095d79c20474ad5b53cf1212f54a36f4f457",
          "step": 106
        },
        {
          "prefix_length": 198,
          "prefix_token_ids_sha256": "1aa925b4bf3db20326c48906010b63c995b593f3342bd0b84c116f8ffd27ddc0",
          "step": 107
        },
        {
          "prefix_length": 199,
          "prefix_token_ids_sha256": "5fc98b68045f92fae86149d64818739d3780d8a138c6d6d527845aeb4e43b0e0",
          "step": 108
        },
        {
          "prefix_length": 200,
          "prefix_token_ids_sha256": "83153d66f26dca761a92f53c3b486a1ec579be71888607ab17363a97cfa90329",
          "step": 109
        },
        {
          "prefix_length": 201,
          "prefix_token_ids_sha256": "2a2da9ffcb353ec2fe32350fd75d6d890fe8ce4fa39120a9ede25b35fc1b8319",
          "step": 110
        },
        {
          "prefix_length": 202,
          "prefix_token_ids_sha256": "42934ec7c64b0a81dbc19843ceb2a25b9fd5a0be4e9a18c21f9d0840fe7787f7",
          "step": 111
        },
        {
          "prefix_length": 203,
          "prefix_token_ids_sha256": "6f11328aa0d480e0685ffe322e1224dc8e8995b756149cfa35622919f3592d12",
          "step": 112
        },
        {
          "prefix_length": 204,
          "prefix_token_ids_sha256": "4878026cffb159065236fa9bd311245040dfceac3a604caf1756e8f8794344eb",
          "step": 113
        },
        {
          "prefix_length": 205,
          "prefix_token_ids_sha256": "437d621eb7b31347f0e979f1c5d349e637ce7c18662af3615dc76a2637782a9c",
          "step": 114
        },
        {
          "prefix_length": 206,
          "prefix_token_ids_sha256": "fc21191127d6fc7aff4a1c84fb213c75c5218ceb297435f1bf52c17a248a409b",
          "step": 115
        },
        {
          "prefix_length": 207,
          "prefix_token_ids_sha256": "905526bd3bbc925c5927bf1142249211c0b1baf8ab1c87e594977b6f0df76e3e",
          "step": 116
        },
        {
          "prefix_length": 208,
          "prefix_token_ids_sha256": "7ec23e2e869ac3d660a88feb0a73142c18b1af8701d4ac0f1bc5e486a73443fe",
          "step": 117
        },
        {
          "prefix_length": 209,
          "prefix_token_ids_sha256": "32d42b141ce264cd4066b953d7308ed6a30fc9634d0240680635002c34a320ab",
          "step": 118
        },
        {
          "prefix_length": 210,
          "prefix_token_ids_sha256": "3aa755dd5efd002c6702e743f556c18060de314a054bbf7d3fcaa0a10ae4e6a5",
          "step": 119
        },
        {
          "prefix_length": 211,
          "prefix_token_ids_sha256": "d273de9541557ed14d451658dab72f44665916f47f5fe629db2a1010e1082f06",
          "step": 120
        },
        {
          "prefix_length": 212,
          "prefix_token_ids_sha256": "d20f258b90fca5629fef6db7d4e7b1789d5ece4bda190175ec65fac2c1e157d7",
          "step": 121
        },
        {
          "prefix_length": 213,
          "prefix_token_ids_sha256": "1a6575500318c4ca7a28d76339d740af58d2145949755a478f429386ddad01ad",
          "step": 122
        },
        {
          "prefix_length": 214,
          "prefix_token_ids_sha256": "9dfc8bd9cb5b37c732485622a4bdd507fd3391e5afa23d3da9fefc2da237cd91",
          "step": 123
        },
        {
          "prefix_length": 215,
          "prefix_token_ids_sha256": "0d08060eafd5c698dec53caa405341c034b2374bb59b77b2a414c25a15f95a4c",
          "step": 124
        },
        {
          "prefix_length": 216,
          "prefix_token_ids_sha256": "644bc4680aaace497286d92601a189b5b6954d95e49e4d77a202d280ed3a17d1",
          "step": 125
        },
        {
          "prefix_length": 217,
          "prefix_token_ids_sha256": "82dc6727768c880a2e3745bcf54d3ca5ab63b6a5248d08ffd4e3ff3f94100228",
          "step": 126
        },
        {
          "prefix_length": 218,
          "prefix_token_ids_sha256": "726e825dda2574c20a7f575d645540ba87348e4f3191f4d653a74c7b28c9a6d3",
          "step": 127
        },
        {
          "prefix_length": 219,
          "prefix_token_ids_sha256": "4207e2644832e42de77e1cf5e96aa205f120a161c80b0033e312acb8ea8a89e1",
          "step": 128
        },
        {
          "prefix_length": 220,
          "prefix_token_ids_sha256": "6745b52e4e26eb91ddc7da7c1fdd216dd65744a2ce86782938a33a2c332261f6",
          "step": 129
        },
        {
          "prefix_length": 221,
          "prefix_token_ids_sha256": "51117a0d11edeb69b1d79468c491c0149ecc00bd0a658e5829a24a83ac898240",
          "step": 130
        },
        {
          "prefix_length": 222,
          "prefix_token_ids_sha256": "1e9f9693d3b14a54739783a121e76a15601258322df6ac10c7263832a4d39058",
          "step": 131
        },
        {
          "prefix_length": 223,
          "prefix_token_ids_sha256": "ca12f1e604108d647a8a396b590a0cc2cf9b38058675cf098f033d6b55b1734e",
          "step": 132
        },
        {
          "prefix_length": 224,
          "prefix_token_ids_sha256": "282f8dfe1ad7a478bb88d6494b56d52cc1448d1969634ca1ce3245b6cf4f5c82",
          "step": 133
        },
        {
          "prefix_length": 225,
          "prefix_token_ids_sha256": "a5a9b16197eee00b0a08266cb55734a19fb73b694f4f804e9d4f69f79b9ed5a3",
          "step": 134
        },
        {
          "prefix_length": 226,
          "prefix_token_ids_sha256": "371c7736957ac8ea2cc3a7a24d2b35c79502cde515d921416c604fc19010ec57",
          "step": 135
        },
        {
          "prefix_length": 227,
          "prefix_token_ids_sha256": "239c44a2a5ba36f2be7a6ae16fafd29a7444080ab6bd12da3417e6a082246765",
          "step": 136
        },
        {
          "prefix_length": 228,
          "prefix_token_ids_sha256": "62a43501df85951443440f9575ed719482cd6d07cea4e6885a864e3c83136d2c",
          "step": 137
        },
        {
          "prefix_length": 229,
          "prefix_token_ids_sha256": "3727ee3d2fc23fc1f6d422f582f5543ccdb8e0e0543ba0ca8d3657eb9e3737c5",
          "step": 138
        },
        {
          "prefix_length": 230,
          "prefix_token_ids_sha256": "4b4e197e8a576bb38b351ccdfb0d3c12a39737d27e19965b9790c43fe28f2d66",
          "step": 139
        },
        {
          "prefix_length": 231,
          "prefix_token_ids_sha256": "9f883ef278457af4567307ec61c6b7ba1c2a4b17069deb4eeb050233ce633b36",
          "step": 140
        },
        {
          "prefix_length": 232,
          "prefix_token_ids_sha256": "fd302a666cbf9dc8ae29520181a909482ec7f459a9b6855362f9324fb0984df1",
          "step": 141
        },
        {
          "prefix_length": 233,
          "prefix_token_ids_sha256": "6e46b3e87a584e967fe79e9ee810d756891d89f0d17b052c79b300d3b594dd63",
          "step": 142
        },
        {
          "prefix_length": 234,
          "prefix_token_ids_sha256": "8469604724ede845a024b1085748016778f5e613ab75b5478bec00542cb20a24",
          "step": 143
        },
        {
          "prefix_length": 235,
          "prefix_token_ids_sha256": "ba8e1c92ea7459ecfa48bd7f1f9ff79c0c5b2e9ad68abd3cb3fd83538d968f04",
          "step": 144
        },
        {
          "prefix_length": 236,
          "prefix_token_ids_sha256": "a6c8080993b909ed419ba4b3f8e899a77279361de276d0a08d8f9391897b028e",
          "step": 145
        },
        {
          "prefix_length": 237,
          "prefix_token_ids_sha256": "75b42bcee295b3066f258cb03444e89dec80f2ec58cbd9d6059a3ecab5dad2ff",
          "step": 146
        },
        {
          "prefix_length": 238,
          "prefix_token_ids_sha256": "833ed05e51fb5fc1499d19d07a515bfc9c7e898c0b2dde924267dee7acb48bb9",
          "step": 147
        },
        {
          "prefix_length": 239,
          "prefix_token_ids_sha256": "c2475f66e04d249cc5ae5abb272164c6554bab77d1315a6469978420e6d6aaf4",
          "step": 148
        },
        {
          "prefix_length": 240,
          "prefix_token_ids_sha256": "63a1f09025866a14a9cf471ea1d8422cfd865d691234491524d64ecff13a6b03",
          "step": 149
        },
        {
          "prefix_length": 241,
          "prefix_token_ids_sha256": "280058f37bfae3940d677bf2604a59cd80b69743e50a5e648e80cca7d6983d27",
          "step": 150
        },
        {
          "prefix_length": 242,
          "prefix_token_ids_sha256": "f58a8d5067897fafbe1b1a991794d66e79c69e7a0b8c1ec2c8e6ddb7ebf62a53",
          "step": 151
        },
        {
          "prefix_length": 243,
          "prefix_token_ids_sha256": "3d85f7fd5a026db20a7e5ebb49a0d89ae66be208720293bcc166241daca8d5e2",
          "step": 152
        },
        {
          "prefix_length": 244,
          "prefix_token_ids_sha256": "a1b36c515810900d6271c71d063a75970f357e0eac8afcc61145098cc06424ad",
          "step": 153
        },
        {
          "prefix_length": 245,
          "prefix_token_ids_sha256": "71c364fd3aa2bb24ee88a98a558dfa103e097d7af529008ba9b540822c0758d4",
          "step": 154
        },
        {
          "prefix_length": 246,
          "prefix_token_ids_sha256": "015f170fcd859b65acb03a96448ce632897cca6b9d5f9ff66836bcaf162093f0",
          "step": 155
        },
        {
          "prefix_length": 247,
          "prefix_token_ids_sha256": "ebcf47b64a47032bc61409614dbb72d3246b21d61542927403096fa1b6f45817",
          "step": 156
        },
        {
          "prefix_length": 248,
          "prefix_token_ids_sha256": "3607f5f1f24c674cec5f0312f8d0ddcaad429d81e939c825ca32e11c4b0a1463",
          "step": 157
        },
        {
          "prefix_length": 249,
          "prefix_token_ids_sha256": "e8cc78362d557e41580a5e10165adf68aee8375e1b6f2722c12db25561646caf",
          "step": 158
        },
        {
          "prefix_length": 250,
          "prefix_token_ids_sha256": "c3f99b8767489f5f5f0b77f8b7f4aabe751bf421d390c6e2f680e303565b7728",
          "step": 159
        },
        {
          "prefix_length": 251,
          "prefix_token_ids_sha256": "62d2a70cb0d3d356afbdbf80befe4b5040f598a65bd98b0d9543b9b63665ba45",
          "step": 160
        },
        {
          "prefix_length": 252,
          "prefix_token_ids_sha256": "b9095e1bd9f00ed250b3a55e3cb93d29b749cb9817b8d11999b13ac60971a1a6",
          "step": 161
        },
        {
          "prefix_length": 253,
          "prefix_token_ids_sha256": "d2797aaf8502292c28c1c654dbb633ec327840e8683f3cc4144cdb481f6c436b",
          "step": 162
        },
        {
          "prefix_length": 254,
          "prefix_token_ids_sha256": "9dcefe9149c7c6322b10dd64d110e26af177ddd800d6dcd4376dcb42f3903cb4",
          "step": 163
        },
        {
          "prefix_length": 255,
          "prefix_token_ids_sha256": "559980597a844235fc8c6e5254eda1485690dfbc1cbb07e42ab3201645fb65cb",
          "step": 164
        },
        {
          "prefix_length": 256,
          "prefix_token_ids_sha256": "ff197db23e2c696ce9a9a7cc132226853ebd5360300671339cd7ff8bd12b2a8b",
          "step": 165
        },
        {
          "prefix_length": 257,
          "prefix_token_ids_sha256": "33832218f2873273bba27658605eca8fb3dae581ba92b240e941547ab690ec86",
          "step": 166
        },
        {
          "prefix_length": 258,
          "prefix_token_ids_sha256": "b2b2860cde44ed30e9457dbb97a58b4fb25125c7687e6853eb7ac3f301079f88",
          "step": 167
        },
        {
          "prefix_length": 259,
          "prefix_token_ids_sha256": "3ac89c33c8879f8d30566399c9c11ac4201fcb1e7fd683857a7e1ce0029aaff6",
          "step": 168
        },
        {
          "prefix_length": 260,
          "prefix_token_ids_sha256": "52150cdf2a15a97dbd92934f2486c903d2ef1652fde66fde2a81fabc2d103aa7",
          "step": 169
        },
        {
          "prefix_length": 261,
          "prefix_token_ids_sha256": "455d5fe45359ef74879efca03d5c4aae4812b696c8e912810d2a4d1d7de010fe",
          "step": 170
        },
        {
          "prefix_length": 262,
          "prefix_token_ids_sha256": "1474bf69f5ed2afbc126f46a0eb0f593851ed3ee9bb0abd7b332133030b018d5",
          "step": 171
        },
        {
          "prefix_length": 263,
          "prefix_token_ids_sha256": "added8ab63551f2a060ccacca4a374fd5db2c1bacafa7299c6c788a8ab484489",
          "step": 172
        },
        {
          "prefix_length": 264,
          "prefix_token_ids_sha256": "baa5bb4f647641f24a22cdb8aedbad4ccae80ea80a5cf7b7b60c33605daf9867",
          "step": 173
        },
        {
          "prefix_length": 265,
          "prefix_token_ids_sha256": "55731236ad1ba6cbf1d3dfde7654e969a4e6c744d6a394ee59e2d421bbb187ca",
          "step": 174
        },
        {
          "prefix_length": 266,
          "prefix_token_ids_sha256": "9c1b2e76b52c8e15883bc0e5c3815654853bbc6042040f2a0637415b425bb7e6",
          "step": 175
        },
        {
          "prefix_length": 267,
          "prefix_token_ids_sha256": "3409566ba25ad3ab44d917e48c5214a074972bcf8d123f73a1d95540a5550c47",
          "step": 176
        },
        {
          "prefix_length": 268,
          "prefix_token_ids_sha256": "d4e5d3c006fec72652ec2b69b19a681bbf70eb4ed702f5c034fbda208f2603b5",
          "step": 177
        },
        {
          "prefix_length": 269,
          "prefix_token_ids_sha256": "9d5a78fa03f439cb36016985fb27e22dfcb3ab51659b6eac0e7693f4cf04ea92",
          "step": 178
        }
      ],
      "generated_answer": "55",
      "generated_token_ids": [
        4612,
        2398,
        461,
        1128,
        1932,
        404,
        1932,
        58,
        10,
        49,
        46,
        48175,
        674,
        864,
        3434,
        286,
        264,
        5811,
        1791,
        3442,
        330,
        264,
        30095,
        46,
        10,
        50,
        46,
        428,
        2107,
        5626,
        269,
        49,
        48,
        48,
        44,
        10,
        51,
        46,
        26036,
        286,
        269,
        49,
        48,
        48,
        305,
        269,
        53,
        48,
        46,
        10,
        52,
        46,
        48175,
        582,
        10293,
        7349,
        1541,
        269,
        49,
        53,
        46,
        10,
        53,
        46,
        5547,
        57702,
        7349,
        1541,
        6072,
        376,
        2360,
        376,
        1541,
        10293,
        44,
        563,
        305,
        269,
        49,
        53,
        514,
        402,
        328,
        269,
        51,
        48,
        46,
        10,
        54,
        46,
        428,
        1543,
        44,
        48175,
        674,
        269,
        49,
        53,
        318,
        2023,
        41,
        425,
        269,
        51,
        48,
        318,
        27466,
        29976,
        41,
        328,
        269,
        52,
        53,
        46,
        10,
        55,
        46,
        1798,
        1134,
        836,
        1097,
        2360,
        908,
        5811,
        48175,
        3442,
        44,
        358,
        9034,
        264,
        3353,
        1791,
        674,
        502,
        264,
        2107,
        286,
        264,
        30095,
        58,
        269,
        36,
        36,
        49,
        48,
        48,
        318,
        43491,
        2107,
        41,
        410,
        269,
        52,
        53,
        318,
        16921,
        1791,
        674,
        41,
        328,
        269,
        53,
        53,
        10,
        2862,
        44,
        48175,
        3442,
        269,
        2979,
        269,
        53,
        53,
        302,
        8595,
        264,
        30095,
        46,
        65508
      ],
      "generated_tokens": 179,
      "hit_max_new_tokens": false,
      "nonempty_text": true,
      "repetition_onset": null,
      "substantive_text": "Let's solve this problem step by step:\n1. Betty has only half of the money she needs for the wallet.\n2. The cost costs $100,\n3. Half of $100 is $50.\n4. Betty's parents gave her $15.\n5. Her grandparents gave her twice as much as her parents, which is $15 x 2 = $30.\n6. The total, Betty has $15 (from) + $30 (grandparents) = $45.\n7. To find out how much more money Betty needs, we subtract the amount she has from the cost of the wallet: $$$100 (wallet cost) - $45 (amount she has) = $55\nTherefore, Betty needs $ additional $55 to buy the wallet.",
      "teacher_answer": "55",
      "teacher_answer_match": true,
      "teacher_text": "Let's solve this problem step by step:\n1. Betty has only half of the money she needs for the wallet.\n2. The wallet costs $100.\n3. Half of $100 is $50.\n4. Betty's parents gave her $15.\n5. Her grandparents gave her twice as much as her parents, which is $15 x 2 = $30.\n6. In total, Betty has $15 (parents) + $30 (grandparents) = $45.\n7. To find out how much more money Betty needs, we subtract the amount she has from the cost of the wallet:\n   $100 (wallet cost) - $45 (amount she has) = $55\nTherefore, Betty needs an additional $55 to buy the wallet.<|end_turn|>",
      "teacher_valid_answer_tokens": 179,
      "text": "Let's solve this problem step by step:\n1. Betty has only half of the money she needs for the wallet.\n2. The cost costs $100,\n3. Half of $100 is $50.\n4. Betty's parents gave her $15.\n5. Her grandparents gave her twice as much as her parents, which is $15 x 2 = $30.\n6. The total, Betty has $15 (from) + $30 (grandparents) = $45.\n7. To find out how much more money Betty needs, we subtract the amount she has from the cost of the wallet: $$$100 (wallet cost) - $45 (amount she has) = $55\nTherefore, Betty needs $ additional $55 to buy the wallet.<|end_turn|>"
    },
    {
      "ended_naturally": true,
      "example_id": 3,
      "fallback_allowed": true,
      "first_32_teacher_token_match_fraction": 0.96875,
      "full_prefix_lengths": [
        84,
        85,
        86,
        87,
        88,
        89,
        90,
        91,
        92,
        93,
        94,
        95,
        96,
        97,
        98,
        99,
        100,
        101,
        102,
        103,
        104,
        105,
        106,
        107,
        108,
        109,
        110,
        111,
        112,
        113,
        114,
        115,
        116,
        117,
        118,
        119,
        120,
        121,
        122,
        123,
        124,
        125,
        126,
        127,
        128,
        129,
        130,
        131,
        132,
        133,
        134,
        135,
        136,
        137,
        138,
        139,
        140,
        141,
        142,
        143,
        144,
        145,
        146,
        147,
        148,
        149,
        150,
        151,
        152,
        153,
        154,
        155,
        156,
        157,
        158,
        159,
        160,
        161,
        162,
        163,
        164,
        165,
        166,
        167,
        168,
        169,
        170,
        171,
        172,
        173,
        174,
        175,
        176,
        177,
        178,
        179,
        180,
        181,
        182,
        183,
        184,
        185,
        186,
        187,
        188,
        189,
        190,
        191,
        192,
        193,
        194,
        195,
        196,
        197,
        198,
        199,
        200,
        201,
        202,
        203,
        204,
        205,
        206,
        207,
        208,
        209,
        210,
        211,
        212,
        213,
        214,
        215,
        216,
        217,
        218,
        219,
        220,
        221,
        222,
        223,
        224,
        225,
        226,
        227,
        228,
        229,
        230,
        231,
        232,
        233,
        234,
        235,
        236,
        237,
        238,
        239,
        240,
        241,
        242,
        243,
        244,
        245,
        246,
        247,
        248,
        249,
        250,
        251,
        252,
        253,
        254,
        255,
        256,
        257,
        258,
        259,
        260,
        261,
        262,
        263,
        264,
        265,
        266,
        267,
        268,
        269,
        270,
        271,
        272,
        273,
        274,
        275,
        276,
        277,
        278,
        279,
        280,
        281,
        282,
        283,
        284,
        285,
        286,
        287,
        288,
        289,
        290,
        291,
        292,
        293,
        294,
        295,
        296,
        297,
        298,
        299,
        300,
        301,
        302,
        303,
        304,
        305,
        306,
        307,
        308,
        309,
        310,
        311,
        312,
        313,
        314,
        315,
        316,
        317,
        318,
        319,
        320,
        321,
        322,
        323,
        324,
        325,
        326,
        327,
        328,
        329,
        330,
        331,
        332,
        333,
        334,
        335,
        336,
        337,
        338,
        339,
        340,
        341,
        342,
        343,
        344,
        345,
        346,
        347,
        348,
        349,
        350,
        351,
        352,
        353,
        354,
        355,
        356,
        357,
        358,
        359,
        360,
        361,
        362,
        363,
        364,
        365,
        366,
        367,
        368,
        369,
        370,
        371,
        372,
        373,
        374,
        375,
        376,
        377,
        378,
        379,
        380,
        381,
        382,
        383,
        384,
        385,
        386,
        387,
        388,
        389,
        390,
        391,
        392,
        393,
        394,
        395,
        396,
        397,
        398,
        399,
        400,
        401,
        402,
        403,
        404,
        405,
        406,
        407,
        408,
        409,
        410,
        411,
        412,
        413,
        414,
        415,
        416,
        417,
        418,
        419,
        420,
        421,
        422,
        423,
        424,
        425,
        426,
        427,
        428,
        429,
        430,
        431,
        432,
        433
      ],
      "full_prefix_traces": [
        {
          "prefix_length": 84,
          "prefix_token_ids_sha256": "64adc6281ad8e34a89b94706af73bf604ee8aab05955d36266612efbc0b1a734",
          "step": 0
        },
        {
          "prefix_length": 85,
          "prefix_token_ids_sha256": "b7cf889999dac9f50fceec403da84d9ef2254788cafa7065471e0eb65e31b1ff",
          "step": 1
        },
        {
          "prefix_length": 86,
          "prefix_token_ids_sha256": "30b4af95b5e725c220a7cb8a710501608807d23fd5785acced857b2806724374",
          "step": 2
        },
        {
          "prefix_length": 87,
          "prefix_token_ids_sha256": "f59354e053ab2f9b5037677273c5700de46f398479fd8ee089052167a8deba90",
          "step": 3
        },
        {
          "prefix_length": 88,
          "prefix_token_ids_sha256": "162ec2a827bb4312d2a420c0c997e297b823ce6d8a3f18cc1bc7d91056803525",
          "step": 4
        },
        {
          "prefix_length": 89,
          "prefix_token_ids_sha256": "c7b7ee802384c234fda5bd7cad1f8b8eb340ce16fad71ded9ab3bf12b37eda9d",
          "step": 5
        },
        {
          "prefix_length": 90,
          "prefix_token_ids_sha256": "39627486082db0c8b86cb236f3421b46ee90dd3b4199ff57fa2040f25aca2ae0",
          "step": 6
        },
        {
          "prefix_length": 91,
          "prefix_token_ids_sha256": "2742eaac9378760e606c08a45a17299091d9635de7004d065047650138df2d52",
          "step": 7
        },
        {
          "prefix_length": 92,
          "prefix_token_ids_sha256": "67924cfad028234ae26f556469532b45c29942a53425dfb0d141454cf87a407e",
          "step": 8
        },
        {
          "prefix_length": 93,
          "prefix_token_ids_sha256": "34b7171a897446e210b9240d8b7f7de147cd9c04b7cac5212aee950c8679deb0",
          "step": 9
        },
        {
          "prefix_length": 94,
          "prefix_token_ids_sha256": "b4303472297f4c14646a448918740bba48785c053215bd9881996686b799edb8",
          "step": 10
        },
        {
          "prefix_length": 95,
          "prefix_token_ids_sha256": "ed725152bf590276f60e73ed91dfd3f6840f9e92892fa41dfda2256cfc6f804a",
          "step": 11
        },
        {
          "prefix_length": 96,
          "prefix_token_ids_sha256": "9c9cf1193c424f64c26e8a6dc6eac2f8abea9f95e57ac24b676c95d677dfeb12",
          "step": 12
        },
        {
          "prefix_length": 97,
          "prefix_token_ids_sha256": "45400357a0c2e0941f81d3fd7f2457cd458b527bd0fc6d3748d3a8421722ecae",
          "step": 13
        },
        {
          "prefix_length": 98,
          "prefix_token_ids_sha256": "e49d58c66db0561fdb8839b41eea278f96ccef313e511dd803ff9908fcccf140",
          "step": 14
        },
        {
          "prefix_length": 99,
          "prefix_token_ids_sha256": "b18c6845556047458d45ced195a4682d9d71d539f30d7f3070210aa1f9cabd85",
          "step": 15
        },
        {
          "prefix_length": 100,
          "prefix_token_ids_sha256": "965af27669fc117bdc6de21de3e9978d84cd5ec84001071e39952d2f35d5c332",
          "step": 16
        },
        {
          "prefix_length": 101,
          "prefix_token_ids_sha256": "100ac8459c2ac80c7a9897d86e728e60c8ed27675d56ee95da3fe6298282e6f0",
          "step": 17
        },
        {
          "prefix_length": 102,
          "prefix_token_ids_sha256": "8b759c9088c4c49cb154cf173176533dc6245eb4d0dc720ab59f9fa23c035af9",
          "step": 18
        },
        {
          "prefix_length": 103,
          "prefix_token_ids_sha256": "96d29c29e3e9ea1b667e5415d37f0cfb1a014b5ab71022f0fde3f73cf3c59361",
          "step": 19
        },
        {
          "prefix_length": 104,
          "prefix_token_ids_sha256": "8d0615459437112a5a1a4f7d3fb64e308e1e4572f66fc7ca38d7fb8abae38a3a",
          "step": 20
        },
        {
          "prefix_length": 105,
          "prefix_token_ids_sha256": "390ad8f3fff3dbef9b7e1a823d4f37c15dea9d71c129bb32ee51fa58139aff9a",
          "step": 21
        },
        {
          "prefix_length": 106,
          "prefix_token_ids_sha256": "47f757a07b134790a929474d1aaafed663e0718b4c5774de7c91446f761d6dff",
          "step": 22
        },
        {
          "prefix_length": 107,
          "prefix_token_ids_sha256": "af2c914adc3fcc337f654be2b0b5eaa6e55f5201d55d87379a7338481f8b78de",
          "step": 23
        },
        {
          "prefix_length": 108,
          "prefix_token_ids_sha256": "2bc099d345e9b1f91c05f348729ae38bcb1720770341b1d5ffecc0f482b80816",
          "step": 24
        },
        {
          "prefix_length": 109,
          "prefix_token_ids_sha256": "f81466f35989c4c650c3b3d46443a32483e9c36997a6b423d0d92f205c35420f",
          "step": 25
        },
        {
          "prefix_length": 110,
          "prefix_token_ids_sha256": "b8bc2661588f4b9edd8375a60181f1b23027489dedd2fee2ac4e956b06dce85b",
          "step": 26
        },
        {
          "prefix_length": 111,
          "prefix_token_ids_sha256": "209b98892acaaf791c560a4aa44cf2c72ee4a6d5f1acf27f272ef70715a7a54c",
          "step": 27
        },
        {
          "prefix_length": 112,
          "prefix_token_ids_sha256": "4929109b65837a0ab1486515f4fb273ab75710d676eb0b50f71698cce212da18",
          "step": 28
        },
        {
          "prefix_length": 113,
          "prefix_token_ids_sha256": "ca6a018ac70974965909e25b1f157d13ee85cb3acacfce3ec68b89acaf77f357",
          "step": 29
        },
        {
          "prefix_length": 114,
          "prefix_token_ids_sha256": "6662018f4edb3ee5e76d67082a156a120ec833c12a015529a4af33b4d51aee40",
          "step": 30
        },
        {
          "prefix_length": 115,
          "prefix_token_ids_sha256": "6bda682d435755b2607df1c733f702f206f6ec84f6d2faeed149ca6b61894e1a",
          "step": 31
        },
        {
          "prefix_length": 116,
          "prefix_token_ids_sha256": "0328219446058a03e65c603a43f9616b5470d48285f17995ac0113c5f199b7a9",
          "step": 32
        },
        {
          "prefix_length": 117,
          "prefix_token_ids_sha256": "3a73f9d2381619d8d3790df7500567cd832d3543d339f8299d39e140a9d4f5e5",
          "step": 33
        },
        {
          "prefix_length": 118,
          "prefix_token_ids_sha256": "60ef0fdfa2d9e91bdea0ec156d81bb88eb298e4fd9bcdc9761bf6b612e115ff7",
          "step": 34
        },
        {
          "prefix_length": 119,
          "prefix_token_ids_sha256": "a35ecdcd9d245659c50a0f5b5cb5d0abae6284a0c55e7b5c4d5d70069bc0d006",
          "step": 35
        },
        {
          "prefix_length": 120,
          "prefix_token_ids_sha256": "08367b7314cc0b70670e3af552f198ca98a82294056b7118384c7a0847a470e5",
          "step": 36
        },
        {
          "prefix_length": 121,
          "prefix_token_ids_sha256": "8055fabfb5547587a63eae251115265fa5f692543d07d7f9c69ad43d2caa2812",
          "step": 37
        },
        {
          "prefix_length": 122,
          "prefix_token_ids_sha256": "a10860ba1019d6624fb6bd293925939c2fc1c9b1f20d4a6374797bcb5ce9b659",
          "step": 38
        },
        {
          "prefix_length": 123,
          "prefix_token_ids_sha256": "d42896e60c8e6bc73ba408b57d0f7e94cb4bbde841a6added0cd9412d4302ece",
          "step": 39
        },
        {
          "prefix_length": 124,
          "prefix_token_ids_sha256": "f7853b2152870a1a3e264dad8f19c745c55b42fe2bf80fba363e9e55edbe3836",
          "step": 40
        },
        {
          "prefix_length": 125,
          "prefix_token_ids_sha256": "2c5f1623006462417a5a735fe276662247b4a6e5c3f1eb1f3c68d8de5cccbaf5",
          "step": 41
        },
        {
          "prefix_length": 126,
          "prefix_token_ids_sha256": "43e3c2ef6a95bb5107bec1d61c2b8fbefb0e97b556e1bd9c1e6c077ee0c29383",
          "step": 42
        },
        {
          "prefix_length": 127,
          "prefix_token_ids_sha256": "e467ce9fa1bb0af676ca6c2b458793bf591b367addd63adad6add93586374246",
          "step": 43
        },
        {
          "prefix_length": 128,
          "prefix_token_ids_sha256": "f4864545b1d7d744f030a7d3bd35c233d951395a801d507e6a3e49d952b0312a",
          "step": 44
        },
        {
          "prefix_length": 129,
          "prefix_token_ids_sha256": "3179ed8dca00c28648b51a7cfea6394f97458c778427996a7374b771665057ef",
          "step": 45
        },
        {
          "prefix_length": 130,
          "prefix_token_ids_sha256": "3cbb1663ae94858c11abbd30f7e02263ad17a8c6be5e1de7cd94e663992e38c3",
          "step": 46
        },
        {
          "prefix_length": 131,
          "prefix_token_ids_sha256": "053d9c42bd4eb3db1ebae60dd57fc6abdcfdbc8e594f74844f8f4527d544671f",
          "step": 47
        },
        {
          "prefix_length": 132,
          "prefix_token_ids_sha256": "fab7fabe0a462aad646f5306dfd55ccaf104827517a56a1849389aa0850d2d66",
          "step": 48
        },
        {
          "prefix_length": 133,
          "prefix_token_ids_sha256": "5a5272d59a3ccd54f08dfb13e9f20f5ccbb5b138dd2da74985af8272476c78d6",
          "step": 49
        },
        {
          "prefix_length": 134,
          "prefix_token_ids_sha256": "113955fff143ec06d98f01c1b0dd1d4d263dc26bfef8b28daab0737dbee0091b",
          "step": 50
        },
        {
          "prefix_length": 135,
          "prefix_token_ids_sha256": "2aed34af8e9cd8b15b98c440065afbe89f3a9546cf7f969fbee40a73377491df",
          "step": 51
        },
        {
          "prefix_length": 136,
          "prefix_token_ids_sha256": "156e29e21158fa41748442a7a095818c7693314ba7af813b85a5daf0ff840454",
          "step": 52
        },
        {
          "prefix_length": 137,
          "prefix_token_ids_sha256": "9d054893d3edb9cfe81efc05af770879703af32942277eb286dc1351e6b98f1a",
          "step": 53
        },
        {
          "prefix_length": 138,
          "prefix_token_ids_sha256": "c1baf1d1b9dadcd2ddf973c182e002eb732b0a9e90aa240735c28f5b65aa4c50",
          "step": 54
        },
        {
          "prefix_length": 139,
          "prefix_token_ids_sha256": "7c5b15b123be4cb2c4740d0aaf58f62ebfc8de9342cfc508d06718845bd092de",
          "step": 55
        },
        {
          "prefix_length": 140,
          "prefix_token_ids_sha256": "d5b897fb8f36d857668a641b188cae139114b91091cd4d5b2dee0120de05f29f",
          "step": 56
        },
        {
          "prefix_length": 141,
          "prefix_token_ids_sha256": "627a836c3135caf0e823743d160924427eba23f26da9774dd5782ede97086f00",
          "step": 57
        },
        {
          "prefix_length": 142,
          "prefix_token_ids_sha256": "c89f525307f4c0bd7c3a0f339a58da05a02c8da99d9bc952919c749fc0247dcd",
          "step": 58
        },
        {
          "prefix_length": 143,
          "prefix_token_ids_sha256": "2eba5125e142667bb69508d5e54753ded81234f0a984fc067f68c811c61d16f2",
          "step": 59
        },
        {
          "prefix_length": 144,
          "prefix_token_ids_sha256": "63e452a2fb01ee65734386d29fd0a00884ee0c5b63e5aa4d7b157777cc4a01e4",
          "step": 60
        },
        {
          "prefix_length": 145,
          "prefix_token_ids_sha256": "fd6d4750c0d4408ac662dc3c32e615fe50ff75173b6abc71ac382f465ca98402",
          "step": 61
        },
        {
          "prefix_length": 146,
          "prefix_token_ids_sha256": "e74e5a02cdfe7fa070484cb92515ff8304372b86bdef2ca52988e10b5e33c81a",
          "step": 62
        },
        {
          "prefix_length": 147,
          "prefix_token_ids_sha256": "73fc07ae95caa0e2197b01414e720d0df5e44e516c5128f471cd275f19cc7a82",
          "step": 63
        },
        {
          "prefix_length": 148,
          "prefix_token_ids_sha256": "602b70bbc884fced2b8b41283240658db8923a2cf0e5b80af3a7c4cbda4d5b50",
          "step": 64
        },
        {
          "prefix_length": 149,
          "prefix_token_ids_sha256": "efe4d2682a653ece42cf7b0a3987aa8225866950e1eae38665b619d0a29fe0a3",
          "step": 65
        },
        {
          "prefix_length": 150,
          "prefix_token_ids_sha256": "8dcff3d6ca8810d469b13b2ba8c27cc3b34d483917570917d720b0e3d8e5bea6",
          "step": 66
        },
        {
          "prefix_length": 151,
          "prefix_token_ids_sha256": "f587f3da98b9934745e12d82689dd93264abf52259794e2795e4d5117e84009e",
          "step": 67
        },
        {
          "prefix_length": 152,
          "prefix_token_ids_sha256": "08fdb5f34dbb8dd52e520016c9738776b3921b3c05484fe70081c2c93a86c20b",
          "step": 68
        },
        {
          "prefix_length": 153,
          "prefix_token_ids_sha256": "1d9d0bfcedc4ecfde0d7471e908481b2dd8aa01e031250f900ecda029f190c3e",
          "step": 69
        },
        {
          "prefix_length": 154,
          "prefix_token_ids_sha256": "889ba7139b77bd87d20b97d74f30eee15a73c7309159fc4f38858a037a8d57d4",
          "step": 70
        },
        {
          "prefix_length": 155,
          "prefix_token_ids_sha256": "20fe7fccf828ec80cd63bd2001b8392d8e8cd807b1db72eca09de28c827e4471",
          "step": 71
        },
        {
          "prefix_length": 156,
          "prefix_token_ids_sha256": "20196890ddd6a10c488ca1633b0dc979e9b35082aa355bd7c85708bdc9d46295",
          "step": 72
        },
        {
          "prefix_length": 157,
          "prefix_token_ids_sha256": "13fa6bda4b95dd9c20c6f783e29a8aa7871f3d4e6df02cf32ec2786883878ece",
          "step": 73
        },
        {
          "prefix_length": 158,
          "prefix_token_ids_sha256": "411a5e1269211312500f8224642d03e3c95c5f971f7cf148dca8637e3b669952",
          "step": 74
        },
        {
          "prefix_length": 159,
          "prefix_token_ids_sha256": "4774ca71c657af7f804d6b5b8704702860a7c09cadc74d17e967e37b96189470",
          "step": 75
        },
        {
          "prefix_length": 160,
          "prefix_token_ids_sha256": "705a1500b3f94af656b9996279cd874f266c012b8cf11b07c1d20f0685db9b9d",
          "step": 76
        },
        {
          "prefix_length": 161,
          "prefix_token_ids_sha256": "133becc312c448be3c29a8dc352e49ba8cc5a3bf482d69e0086c3b47d3c70ed1",
          "step": 77
        },
        {
          "prefix_length": 162,
          "prefix_token_ids_sha256": "b09974acabbc0fbdd381791f98d4a6bde33e94706713794453772f5d5a06b9b7",
          "step": 78
        },
        {
          "prefix_length": 163,
          "prefix_token_ids_sha256": "25420a62505db1ea1ba2a0dc983de5535041ae2fa4291f85c26de2ec00b0b1d4",
          "step": 79
        },
        {
          "prefix_length": 164,
          "prefix_token_ids_sha256": "e1ea0474eb5a2dd997299db9bca798803878af00a9c2d1c8d2178de0d4262092",
          "step": 80
        },
        {
          "prefix_length": 165,
          "prefix_token_ids_sha256": "bf9860c0f19f04e3d20fb1aa3365556ec356d593d22e3887d0519a2ff98d96e1",
          "step": 81
        },
        {
          "prefix_length": 166,
          "prefix_token_ids_sha256": "dc85dca76a6caf965f0036070f1c17ae725cfa1c493725e2a6234ad59b457d87",
          "step": 82
        },
        {
          "prefix_length": 167,
          "prefix_token_ids_sha256": "4db2e9017699404375ecd2a98ee80b46d59674a9fb950b89ee802d63d953eddb",
          "step": 83
        },
        {
          "prefix_length": 168,
          "prefix_token_ids_sha256": "3bf2aa67ba0be8199d0b53fbf3fcba637675ac3cd0cd41ef86db042b132dbc78",
          "step": 84
        },
        {
          "prefix_length": 169,
          "prefix_token_ids_sha256": "a4c3246275845744d86f7359c9b792219d50ac323b901a4388fa4086b0f2c6a7",
          "step": 85
        },
        {
          "prefix_length": 170,
          "prefix_token_ids_sha256": "ec73a7ab48f6938f0954bdb983d6c792bfc2597e0a51ae797494012c55258e1b",
          "step": 86
        },
        {
          "prefix_length": 171,
          "prefix_token_ids_sha256": "bafa7186f46f228c9af5a2f037778cdfa0d0e7050c60d58f523a91fb858d2204",
          "step": 87
        },
        {
          "prefix_length": 172,
          "prefix_token_ids_sha256": "4c50d316471b46d2e929116880e2db0afce21c2a7c7cfa86e91bdb6f9c20fb36",
          "step": 88
        },
        {
          "prefix_length": 173,
          "prefix_token_ids_sha256": "8d2c176f8ca92ec94b34aa3f7cfe8cd4cbe59c4206a1eaffcf7d1d62c4521e56",
          "step": 89
        },
        {
          "prefix_length": 174,
          "prefix_token_ids_sha256": "ae6c2bb0cec9d914af5e6ebaf7b5a88095c4c8fdc27863c03ec3bad963159f74",
          "step": 90
        },
        {
          "prefix_length": 175,
          "prefix_token_ids_sha256": "d2bc51267b74810fce9fe5dd0073dafd61ce9a114cc66728689a28f8fc32112e",
          "step": 91
        },
        {
          "prefix_length": 176,
          "prefix_token_ids_sha256": "7830ae3e9bf33c731d999c7324bca607ec913ece152c8726394f9b7f2785980d",
          "step": 92
        },
        {
          "prefix_length": 177,
          "prefix_token_ids_sha256": "3cd014cfdeca3d1a358542ab6f0e751d1be48967f9191e817b152e5878a1ee52",
          "step": 93
        },
        {
          "prefix_length": 178,
          "prefix_token_ids_sha256": "aefd62a411d2c3c3da5b289b18e2cb8b8219bdc595e8b65c2b16798a4aabc268",
          "step": 94
        },
        {
          "prefix_length": 179,
          "prefix_token_ids_sha256": "b90cbd2f1cc8c2e2a0c8c2e8b69daf2a6ec51448b6b6dd79698503227da5909a",
          "step": 95
        },
        {
          "prefix_length": 180,
          "prefix_token_ids_sha256": "0282d06daad847d8dac4b08300f17b2859441ab4eb0864846a523aedd20c75cd",
          "step": 96
        },
        {
          "prefix_length": 181,
          "prefix_token_ids_sha256": "e47e33fcb0ac68664c96bf2dfd486a24312d10479c6d9178a27e54536409a082",
          "step": 97
        },
        {
          "prefix_length": 182,
          "prefix_token_ids_sha256": "2af33d362856f414c93ad834031289708c504ee10ba9bdcf1df61a5ce3aa578f",
          "step": 98
        },
        {
          "prefix_length": 183,
          "prefix_token_ids_sha256": "a8528d44176bca56deac74b75da1c76d70e28f5abdb0fddb3ed5cbe6d31b8636",
          "step": 99
        },
        {
          "prefix_length": 184,
          "prefix_token_ids_sha256": "2016dca3a83a363c361268bb0495a99c8564619854cd98c82459af9a85aaee80",
          "step": 100
        },
        {
          "prefix_length": 185,
          "prefix_token_ids_sha256": "d94564cd54f137f4f11d7b9d09ea162fd328a22b68a87e788369a080090bdfb2",
          "step": 101
        },
        {
          "prefix_length": 186,
          "prefix_token_ids_sha256": "be72c718a44bde2f26999d6bbcfab8ec9232276df9e6dee5cfebff6190bea569",
          "step": 102
        },
        {
          "prefix_length": 187,
          "prefix_token_ids_sha256": "97d52cb1b705c04e663c8942a325a5be8f977d66a30a2a0214e9728cabb4d010",
          "step": 103
        },
        {
          "prefix_length": 188,
          "prefix_token_ids_sha256": "4f1fae14cb9006d1605191b9d07bddcbd56d42254e21ef27428aadec7ee0889a",
          "step": 104
        },
        {
          "prefix_length": 189,
          "prefix_token_ids_sha256": "9b41940aebd4d77412c7941e3ab0d7b8d296dcddd1defe86b92c7f7e0b267b8b",
          "step": 105
        },
        {
          "prefix_length": 190,
          "prefix_token_ids_sha256": "ce776dd6caaec3ef2ebd77059db7154ff44fda207902fe05be3fb946bdf537a4",
          "step": 106
        },
        {
          "prefix_length": 191,
          "prefix_token_ids_sha256": "a9d4f3dd022ecfcabb03d960e36fc36c5e07e51888c66a9562623679b4326911",
          "step": 107
        },
        {
          "prefix_length": 192,
          "prefix_token_ids_sha256": "e797d44d2d8f091e7216d5dbb0e8a4508cfff072e8bc4c2567e845468cfcb5d5",
          "step": 108
        },
        {
          "prefix_length": 193,
          "prefix_token_ids_sha256": "929c69f8fb82800b1b9f6b731eeacb2461900bbc72d729db8b269fdb80a68c82",
          "step": 109
        },
        {
          "prefix_length": 194,
          "prefix_token_ids_sha256": "87f91c95ee9673abf65dc7beb1798ebfbe31ccde31d22416db2da0484d825870",
          "step": 110
        },
        {
          "prefix_length": 195,
          "prefix_token_ids_sha256": "a14ebca9e319e20073e332a1902e9028e49e4ef8ef159169a931f683c0c7667d",
          "step": 111
        },
        {
          "prefix_length": 196,
          "prefix_token_ids_sha256": "5bcf17123c6e4796473a06eea446764fde17eb18b7d09b74a038ab516e4b4a98",
          "step": 112
        },
        {
          "prefix_length": 197,
          "prefix_token_ids_sha256": "55bfa68c87b19cf654028bde98675da44ee5cb193462ee84c9822c2be9496a68",
          "step": 113
        },
        {
          "prefix_length": 198,
          "prefix_token_ids_sha256": "94bf21678d862d9ecd3f4fa6370bb1ea3a3b3a348221d33c76f60d607af6ba28",
          "step": 114
        },
        {
          "prefix_length": 199,
          "prefix_token_ids_sha256": "67a84babeed40f21505034f1ac7969435c6c5addcf705da052a371499192a65d",
          "step": 115
        },
        {
          "prefix_length": 200,
          "prefix_token_ids_sha256": "48932ada4a49199750c853e2b3efd3cb527c6ba4d4afd7744bbec36f91c0a210",
          "step": 116
        },
        {
          "prefix_length": 201,
          "prefix_token_ids_sha256": "3a3ac81ba1d553f73c030e52ef63858672f964ec44a4322da4cf40de785797b7",
          "step": 117
        },
        {
          "prefix_length": 202,
          "prefix_token_ids_sha256": "fe9e28d89a4c1c5922c493f4c876cbd8fb8ead50f99215f15a03347cf17c83a7",
          "step": 118
        },
        {
          "prefix_length": 203,
          "prefix_token_ids_sha256": "6c6aa729a959c35f6a6cec5f9ff403bcc724264f8c96f63f87f2e2ec89aaceb1",
          "step": 119
        },
        {
          "prefix_length": 204,
          "prefix_token_ids_sha256": "594beafbaafe09e7a8f82c512a40e3ed1593743928b7a82dd2ef85eb948e7d84",
          "step": 120
        },
        {
          "prefix_length": 205,
          "prefix_token_ids_sha256": "4472b0ae99548bd0ba74283112c76a16134c0809ca9402973de3b10b2de7d40b",
          "step": 121
        },
        {
          "prefix_length": 206,
          "prefix_token_ids_sha256": "3fb0b7bceebb01de596f2afa4d397493e635707dd2bd7602fbf51be044906a7c",
          "step": 122
        },
        {
          "prefix_length": 207,
          "prefix_token_ids_sha256": "ac5492a62a8652442aa1fc6c857a7f0ea6122a57a23086d63ad3f524bd13c2f5",
          "step": 123
        },
        {
          "prefix_length": 208,
          "prefix_token_ids_sha256": "8c15f629ccb500dc5e868f68589eb6482411a4b2c5fa3e393699e27d8e7bc023",
          "step": 124
        },
        {
          "prefix_length": 209,
          "prefix_token_ids_sha256": "bc2621df2289b363f2ba3437e27d6b33362c15f07fbced2c06879cc205f1dcd9",
          "step": 125
        },
        {
          "prefix_length": 210,
          "prefix_token_ids_sha256": "b3ef943556edda8459b0542a87288596c63ddf019d934afd505ce54d2698e8fc",
          "step": 126
        },
        {
          "prefix_length": 211,
          "prefix_token_ids_sha256": "3e837131d0a4aa2cfb77b2bbfc0c680bf53151282b1eca8fba02ade109de2fb3",
          "step": 127
        },
        {
          "prefix_length": 212,
          "prefix_token_ids_sha256": "314be65e93c173ff70807b245df1ff26778bcadfa52140b4505b4479e6f96a62",
          "step": 128
        },
        {
          "prefix_length": 213,
          "prefix_token_ids_sha256": "e693ce423cfe261effa19ff9c13df453b6d064de5567760931c88bfcf5aef7fa",
          "step": 129
        },
        {
          "prefix_length": 214,
          "prefix_token_ids_sha256": "0ddf1af5c487bff9fbb0b28e04d54ca540fb03e0ad2b0d2056ce812b47233d00",
          "step": 130
        },
        {
          "prefix_length": 215,
          "prefix_token_ids_sha256": "6d4b25f013ffd8bec6f4c8d6c3991353fe7eae8c65ec8628f74533c9d2a42683",
          "step": 131
        },
        {
          "prefix_length": 216,
          "prefix_token_ids_sha256": "317c9eb1731bafe5ec4091b1a28eb11408761b8ee86ca3c0a5352e606ba226c0",
          "step": 132
        },
        {
          "prefix_length": 217,
          "prefix_token_ids_sha256": "c639e9375eaca1b1236fc235d246bd9c22c8cc2d57e63a3b89f752cc341f47b0",
          "step": 133
        },
        {
          "prefix_length": 218,
          "prefix_token_ids_sha256": "9721a746d0f8c2e30ff962da1be819c56ddf14cbfaba9755fc0125de3ddb8cf0",
          "step": 134
        },
        {
          "prefix_length": 219,
          "prefix_token_ids_sha256": "c0ca66af1a955e3e0a2730c44f5333c666db2334a41bf28ae81ed35fae41d641",
          "step": 135
        },
        {
          "prefix_length": 220,
          "prefix_token_ids_sha256": "c0e4a2ceb4cba31d84504172f8758a0632c62e47318a2ebd4bf0e53845b392d8",
          "step": 136
        },
        {
          "prefix_length": 221,
          "prefix_token_ids_sha256": "c348923b3e67ef2d31a60b1c9080e818425ca425a7acee69715f4d7def154b4d",
          "step": 137
        },
        {
          "prefix_length": 222,
          "prefix_token_ids_sha256": "4f49c6aace94566d3aa1c71df9c02f73aeb64d23c5bca34a9853e24c76d8f145",
          "step": 138
        },
        {
          "prefix_length": 223,
          "prefix_token_ids_sha256": "8381622bac64ee6d79aa241eb48871ce53ffd7e90577a07dba6291166085d636",
          "step": 139
        },
        {
          "prefix_length": 224,
          "prefix_token_ids_sha256": "89d189161fec9e1f22a4d7b5d84ac6422e91698089179de16c01abef29e99110",
          "step": 140
        },
        {
          "prefix_length": 225,
          "prefix_token_ids_sha256": "cfebccb2506fa25f7dceb63fcc81e00d219d5987d04813f6d50be640f199f08d",
          "step": 141
        },
        {
          "prefix_length": 226,
          "prefix_token_ids_sha256": "4b3a60a3bda3fd05d6fed838b12556c127807cb9eb70e19b0cb9e587ab94ff0f",
          "step": 142
        },
        {
          "prefix_length": 227,
          "prefix_token_ids_sha256": "b021cb0169c77f71935641c7d2fe9c7132a8bbdd8cab31003f8dee609d270757",
          "step": 143
        },
        {
          "prefix_length": 228,
          "prefix_token_ids_sha256": "f5cd58735db42b960dd73a21a58e2599c26600eb79c04b29b23bf32c712e54fa",
          "step": 144
        },
        {
          "prefix_length": 229,
          "prefix_token_ids_sha256": "87d30c2a9c0f58a147962c403f085df57f9fb01866df092442c5d4f2a564ffa6",
          "step": 145
        },
        {
          "prefix_length": 230,
          "prefix_token_ids_sha256": "bebc2ccc13480cbb9a26b6c1cb19ee659626327362e11aa6c62e792d25269c2c",
          "step": 146
        },
        {
          "prefix_length": 231,
          "prefix_token_ids_sha256": "ccf9c5842863211bd2ac0b7002a5d0a70dffc4f98788e35ac5fbf8a63163f618",
          "step": 147
        },
        {
          "prefix_length": 232,
          "prefix_token_ids_sha256": "e643e9136c9e02e1dae7471d51f5a2dfcdb3cfeeb900cd149f1f710095790a68",
          "step": 148
        },
        {
          "prefix_length": 233,
          "prefix_token_ids_sha256": "586069664c8ee1de6fc690b285fa0c19539407d293f7ec7a1098066b6cb63ad3",
          "step": 149
        },
        {
          "prefix_length": 234,
          "prefix_token_ids_sha256": "59d51290c3e8617e3a30213710ce9017d7af3f31e70f19b0f258cbc5af3a8ff4",
          "step": 150
        },
        {
          "prefix_length": 235,
          "prefix_token_ids_sha256": "c220441f42a3ef54f2ad0ad956a7e6232bd926f1221355612c3bee370fc91e75",
          "step": 151
        },
        {
          "prefix_length": 236,
          "prefix_token_ids_sha256": "f88706a6cf2a61ee10c47daf3f418c5437461adf3c4756f19f5760cdb6d149cb",
          "step": 152
        },
        {
          "prefix_length": 237,
          "prefix_token_ids_sha256": "729444c4f56134781c5f9d6a84d52c71e18d2475b79018418bfa5270180b3195",
          "step": 153
        },
        {
          "prefix_length": 238,
          "prefix_token_ids_sha256": "630dcfe9d3103d61f100e68912740f6cccd850c73be96627666391176da8b5bf",
          "step": 154
        },
        {
          "prefix_length": 239,
          "prefix_token_ids_sha256": "043f2d90c7982b537f7cd584e583fe829ddaaef93ccb0b529633513a90c55e68",
          "step": 155
        },
        {
          "prefix_length": 240,
          "prefix_token_ids_sha256": "6d9c0b08847658903cf0b1c0d006be68b99adde5f2c9d311d0aca7e71cfc99d8",
          "step": 156
        },
        {
          "prefix_length": 241,
          "prefix_token_ids_sha256": "7acfbef9efd89e2fd62031cf1333faa3f8670a81b68fde249ef291adae4d9cd8",
          "step": 157
        },
        {
          "prefix_length": 242,
          "prefix_token_ids_sha256": "6edf1474868846dc30282e42d849dea9020990442c519a21ee852aabe715f088",
          "step": 158
        },
        {
          "prefix_length": 243,
          "prefix_token_ids_sha256": "8e75788e01ee98097c99eb66f79869a447af8986db214bd7ed0dc29d1d98373a",
          "step": 159
        },
        {
          "prefix_length": 244,
          "prefix_token_ids_sha256": "ce3616e27158b5bffc5601d3cf30e8a1641a3fd5cef74bcfafc9cdcf73c5455a",
          "step": 160
        },
        {
          "prefix_length": 245,
          "prefix_token_ids_sha256": "6ecf0cf0a83b5fbe1f8c09b029479627fe7bfd448b06bdcc133b833ad49709cf",
          "step": 161
        },
        {
          "prefix_length": 246,
          "prefix_token_ids_sha256": "2b88ce35c1231f67956f911c2620a9f80b0dc15cbdf7bc29745cab2d52d935c1",
          "step": 162
        },
        {
          "prefix_length": 247,
          "prefix_token_ids_sha256": "5062a719bd576cab489442f64be9ab76d487203ec3e8c9f8a3065acc822ad302",
          "step": 163
        },
        {
          "prefix_length": 248,
          "prefix_token_ids_sha256": "e5e9f24a6468dddab09e18a92ec2575d27c40425240a4eebe9924075ad17b69c",
          "step": 164
        },
        {
          "prefix_length": 249,
          "prefix_token_ids_sha256": "5f5a2143cd78562c0bdfb8060340185e1d1a539950e76d69c5f2713487281038",
          "step": 165
        },
        {
          "prefix_length": 250,
          "prefix_token_ids_sha256": "65e101991a3b0bee07eefb2db049caf427e74ad9f0d63a93ff0c798e5360b7ee",
          "step": 166
        },
        {
          "prefix_length": 251,
          "prefix_token_ids_sha256": "cbcd520617a25c3446ad576ddb78c35d3771dfac146db598fa35d2e4c209fe8d",
          "step": 167
        },
        {
          "prefix_length": 252,
          "prefix_token_ids_sha256": "7aab69eca55833008071dbe3377b321e4f26aba098dc4ae044247bf7a6cbd1dd",
          "step": 168
        },
        {
          "prefix_length": 253,
          "prefix_token_ids_sha256": "ef0820758ad21f103c6754cd264a009f35b0cd908f438f0f6c69dc83ecb8f9dc",
          "step": 169
        },
        {
          "prefix_length": 254,
          "prefix_token_ids_sha256": "3b47bdf46a95f4ae289673157c386e9563b538583e5ffc53af6d43760fb75e14",
          "step": 170
        },
        {
          "prefix_length": 255,
          "prefix_token_ids_sha256": "6a5d643d9bae4bfd4090fed23ae8bc7048b1989b57336bdb8c60aad8511ef2e0",
          "step": 171
        },
        {
          "prefix_length": 256,
          "prefix_token_ids_sha256": "798a2bdbb2dfaed0796872cc67bc43bb3946c032f805fae3e75866f1678e2b54",
          "step": 172
        },
        {
          "prefix_length": 257,
          "prefix_token_ids_sha256": "3e936dfab7c85603d6f63892f7cbf05af0c7722f8675b26cce35f5e1b57d6ea0",
          "step": 173
        },
        {
          "prefix_length": 258,
          "prefix_token_ids_sha256": "1e642657a4445861eaa1c8580f792becd9c18ccd97c33863d4e2f49b19a38451",
          "step": 174
        },
        {
          "prefix_length": 259,
          "prefix_token_ids_sha256": "78797726898cb8ff8c3b7bed122877cef837e6e084a1f6098f9ada5157458111",
          "step": 175
        },
        {
          "prefix_length": 260,
          "prefix_token_ids_sha256": "427d14c0de60eed9837e2141d47302654446e2596b62c31790b2fb5333b7ccc7",
          "step": 176
        },
        {
          "prefix_length": 261,
          "prefix_token_ids_sha256": "74eedb6d36b6d38d9af86d49f6c283f3ea860a99172212ae96a4fb038d50c5b8",
          "step": 177
        },
        {
          "prefix_length": 262,
          "prefix_token_ids_sha256": "fcaaacc99f6ccfe5edfd72880221cfca41792125b2642c2e73b7a9f92f8830ff",
          "step": 178
        },
        {
          "prefix_length": 263,
          "prefix_token_ids_sha256": "3350b3b8d49320f992f6eeb9e2bb93995eec689c47cb85c5b24c9b688b7369be",
          "step": 179
        },
        {
          "prefix_length": 264,
          "prefix_token_ids_sha256": "f3693b7331f9ac48a0e208037988ba31a997e4129fb1f145a75719f24e115580",
          "step": 180
        },
        {
          "prefix_length": 265,
          "prefix_token_ids_sha256": "078954b8d22e2282d20c8a736ef51d58bb1c7b48c9c11b58a4ed2d2bab881822",
          "step": 181
        },
        {
          "prefix_length": 266,
          "prefix_token_ids_sha256": "344f31794998918143a9f23cbdaf2021cda7349d9f5cb0d2f0303b15963548d8",
          "step": 182
        },
        {
          "prefix_length": 267,
          "prefix_token_ids_sha256": "177ffc1c52c49e16c13d8f233bd23ff27909cc9afc524506bb236c9696819649",
          "step": 183
        },
        {
          "prefix_length": 268,
          "prefix_token_ids_sha256": "763e40a50478de8dc73294e9dd275819a0beee31d84e072ee8d244ddf7846280",
          "step": 184
        },
        {
          "prefix_length": 269,
          "prefix_token_ids_sha256": "80e2372b6784d6307e44c4b295b3b5fc5333024e427b6cc4fcf24bd4200e7c2a",
          "step": 185
        },
        {
          "prefix_length": 270,
          "prefix_token_ids_sha256": "bd844dc98e35af45a407ce59e7542bb61fc94a3d2c98b7ba5c44c96cc033fd02",
          "step": 186
        },
        {
          "prefix_length": 271,
          "prefix_token_ids_sha256": "bb75481c1df024542e563a1c58ed74714457e0087900ca43d9238bd1b26ebc79",
          "step": 187
        },
        {
          "prefix_length": 272,
          "prefix_token_ids_sha256": "bcdab2e0bc90ae475b4ff296f217276ca806aefbeadd1f5e3dd83f38a1a27be8",
          "step": 188
        },
        {
          "prefix_length": 273,
          "prefix_token_ids_sha256": "1368ec2fbe0954924a4b30c3ffdad7c282736be91ee707ddb481a6901608d73e",
          "step": 189
        },
        {
          "prefix_length": 274,
          "prefix_token_ids_sha256": "1fb370d38e5079334ab44b939ce2b07bb5d3980a36d104e23c1e9363b283679a",
          "step": 190
        },
        {
          "prefix_length": 275,
          "prefix_token_ids_sha256": "a629c744b47f0dce58454777e7cce9603088ffb46858ac429ae076c5966e2357",
          "step": 191
        },
        {
          "prefix_length": 276,
          "prefix_token_ids_sha256": "20e15d86ca868fbe041f6c19f54481fb14a931bbdb0480341f9b0b822b0c9cad",
          "step": 192
        },
        {
          "prefix_length": 277,
          "prefix_token_ids_sha256": "fd6c4b0c318013b43a754905df2140e0d7ea42477055b004fbd5f9db1bb8a088",
          "step": 193
        },
        {
          "prefix_length": 278,
          "prefix_token_ids_sha256": "151f4c48e89653eefdf2c9284749f2d646a65b1247739a3bf881abaad8eb3365",
          "step": 194
        },
        {
          "prefix_length": 279,
          "prefix_token_ids_sha256": "c00b33a4600ce1b96af4f45d7fe026cfa39d01a108fc77b23eae4e24f1f42105",
          "step": 195
        },
        {
          "prefix_length": 280,
          "prefix_token_ids_sha256": "dce217d705b11e5ba91af7c264df87d88196324bb306b81d063b30241e442a87",
          "step": 196
        },
        {
          "prefix_length": 281,
          "prefix_token_ids_sha256": "5d6a58d79a97a19588a7a945da9c9ca6de69516b4dba6fa3fbca6968b4fd35bc",
          "step": 197
        },
        {
          "prefix_length": 282,
          "prefix_token_ids_sha256": "6fc3f4a37e5848d314b99f774668658d291744daaf265342000de6820a7f7e2d",
          "step": 198
        },
        {
          "prefix_length": 283,
          "prefix_token_ids_sha256": "e6293e76c126e768a7d57b3a52ca7e595503430f28afcab16d1e6d02c7f18d0f",
          "step": 199
        },
        {
          "prefix_length": 284,
          "prefix_token_ids_sha256": "891c1dcd14a5c0d09fed0fabe317eb2b52fe41acac2fa5c905d789c7c3042575",
          "step": 200
        },
        {
          "prefix_length": 285,
          "prefix_token_ids_sha256": "69dc144b6f6229987f4ae47453276dd22990f379ab343b567757615111a6c096",
          "step": 201
        },
        {
          "prefix_length": 286,
          "prefix_token_ids_sha256": "c1708d0c8e285f7b5fb72f9bb0ea2d41ef17450f4d110c7d9c12a9d4e7160ee5",
          "step": 202
        },
        {
          "prefix_length": 287,
          "prefix_token_ids_sha256": "2a238e762bf97fd6a1ac6db3697d83aeedbcf4430ef756f3a631975a2c831505",
          "step": 203
        },
        {
          "prefix_length": 288,
          "prefix_token_ids_sha256": "569b48bca4ddfd682e08d403f6e922ec6dbc0056cc849b8b07dcc164f41bdbaa",
          "step": 204
        },
        {
          "prefix_length": 289,
          "prefix_token_ids_sha256": "a5ef29add3b1235a799dc1fd654e43a6f3c7368aa920d6fda2ef44fce0147dbe",
          "step": 205
        },
        {
          "prefix_length": 290,
          "prefix_token_ids_sha256": "aea3d7733bfc446ca6857f591723b630568f60110dca889ab259e2092653117f",
          "step": 206
        },
        {
          "prefix_length": 291,
          "prefix_token_ids_sha256": "eceea11dc1612e6125f68de54928c4c407d4ede596762a2db415a38f2d7fa3a2",
          "step": 207
        },
        {
          "prefix_length": 292,
          "prefix_token_ids_sha256": "8a76ec2f2ccbf790a2bf94d34d9d34237d2de757039cbf8154093d8ecda4dc7f",
          "step": 208
        },
        {
          "prefix_length": 293,
          "prefix_token_ids_sha256": "01df30e470ce8b38d66b8bbb8546ef4342bd4d024ee136e5a18bff6852331913",
          "step": 209
        },
        {
          "prefix_length": 294,
          "prefix_token_ids_sha256": "09cf5c5743d738e9fdf9d7902ab81cca3fded9b17d7b8df86d53904543d9d20c",
          "step": 210
        },
        {
          "prefix_length": 295,
          "prefix_token_ids_sha256": "e803d4f56a32f8a275108e8c979f81954c825ebc44b16b9bed699922222da60a",
          "step": 211
        },
        {
          "prefix_length": 296,
          "prefix_token_ids_sha256": "93d56886eb7783f6f2e7012eec70a296f13d9fd63fa910d5af0b24d8e088f453",
          "step": 212
        },
        {
          "prefix_length": 297,
          "prefix_token_ids_sha256": "e32cbe1be7d7bbffc4afd90c0f4cfc2755535f296a9823413bd4d922d6edbcdc",
          "step": 213
        },
        {
          "prefix_length": 298,
          "prefix_token_ids_sha256": "4d052494cd056febf942a2661f577719d8b1dc65cd01564dcd3e55dc830dacd1",
          "step": 214
        },
        {
          "prefix_length": 299,
          "prefix_token_ids_sha256": "2d5dbe269525ddd39f3013aa9a2d3a86636ace3d7c65b0cf0e3563f6bd76a941",
          "step": 215
        },
        {
          "prefix_length": 300,
          "prefix_token_ids_sha256": "91f67faaba4b3bfb5591c91abfe3e3617f3d173ddc4d27c9e94f04e087f26ce5",
          "step": 216
        },
        {
          "prefix_length": 301,
          "prefix_token_ids_sha256": "20c8bdad39f51db1b820e8a3b372b06fe09a88954d26fd5c9476b57c8e64b080",
          "step": 217
        },
        {
          "prefix_length": 302,
          "prefix_token_ids_sha256": "eb5418c9c277171c710667748eafe4587fbe4b4e5a3920946db2baa2b31516ad",
          "step": 218
        },
        {
          "prefix_length": 303,
          "prefix_token_ids_sha256": "b7b703e37e8e1ebd76665dc946c5ebc0dc1725bd39ce2b791e600e96a76bdafb",
          "step": 219
        },
        {
          "prefix_length": 304,
          "prefix_token_ids_sha256": "5ab5e2d859cc21db356b8c47e91e41b2726938178621b69a182ce8102b7d7368",
          "step": 220
        },
        {
          "prefix_length": 305,
          "prefix_token_ids_sha256": "2d5b33a9851ad495294d9f18d207dece3b820487c4cada63c9e6c6921be1b0d8",
          "step": 221
        },
        {
          "prefix_length": 306,
          "prefix_token_ids_sha256": "ee59945909a8d26e594b1e2492f11dd014303fc73f2bef23d474b87a5b004c1a",
          "step": 222
        },
        {
          "prefix_length": 307,
          "prefix_token_ids_sha256": "b8e201d7aa1b3be56c5b1b26b8fa32862058dee7364bb451afd90b0122062223",
          "step": 223
        },
        {
          "prefix_length": 308,
          "prefix_token_ids_sha256": "64465bea199307a1a733878de2c613565ea5fd3897d7909194552537ddb91e33",
          "step": 224
        },
        {
          "prefix_length": 309,
          "prefix_token_ids_sha256": "2cd7578f4b96e11caca862d53fa8e8ab69dbe25d273fbc9baf723402bb93f9ac",
          "step": 225
        },
        {
          "prefix_length": 310,
          "prefix_token_ids_sha256": "4db4b1ed5376af1481e3997241ef92db0c1011cd651250e94d8de93eef38b3e4",
          "step": 226
        },
        {
          "prefix_length": 311,
          "prefix_token_ids_sha256": "87c132e74ba90439e69fc6f0ea94fb592dcd996733d8000ce2dbc5aaaccc5148",
          "step": 227
        },
        {
          "prefix_length": 312,
          "prefix_token_ids_sha256": "3bc46657929a54cd10edc716129e702b57c89bcc36a5d2972150322e1891513f",
          "step": 228
        },
        {
          "prefix_length": 313,
          "prefix_token_ids_sha256": "e7b46884d7106faa35123b230156dea231554436bdaa445e2cc330c49dc1527e",
          "step": 229
        },
        {
          "prefix_length": 314,
          "prefix_token_ids_sha256": "dee168f48b5bc02cc97517b91cbeb1950cd1c37d8ed88acc4927cb47af59cafc",
          "step": 230
        },
        {
          "prefix_length": 315,
          "prefix_token_ids_sha256": "1942f51f7fbe53e44612410235d1d86105ac68cf286c9a202a5ffe0e7a411734",
          "step": 231
        },
        {
          "prefix_length": 316,
          "prefix_token_ids_sha256": "f7730527341caae979a4275c1bb93b45dfef2f14571199bdcb729bd52e65b8a8",
          "step": 232
        },
        {
          "prefix_length": 317,
          "prefix_token_ids_sha256": "60c73641d0bb1938bf3ee9cdaff12e892ccef87b662b4bc3fc1a69119b547710",
          "step": 233
        },
        {
          "prefix_length": 318,
          "prefix_token_ids_sha256": "197ba8466a8c81e4dc0ab2b13fa131a5c1026f9f153ed4db4ab02ed959f33dd1",
          "step": 234
        },
        {
          "prefix_length": 319,
          "prefix_token_ids_sha256": "f99f7ac5887e4238dcd7941c4c4258fd034c275569deb6badcff77be47815369",
          "step": 235
        },
        {
          "prefix_length": 320,
          "prefix_token_ids_sha256": "1f32daa26ec5c961346712c4f173a8af816172938275ef8c9e0ad333f67f4cf3",
          "step": 236
        },
        {
          "prefix_length": 321,
          "prefix_token_ids_sha256": "febd96cf0b5d7ef5d3856e610ec4de88566954c058c0e5177c429523f21a7677",
          "step": 237
        },
        {
          "prefix_length": 322,
          "prefix_token_ids_sha256": "fd7837c451e131596e0b8e3a02895a55f01197caf99160046b06a6151755af05",
          "step": 238
        },
        {
          "prefix_length": 323,
          "prefix_token_ids_sha256": "6770cecf9d476bf7c2453748c6e439751fe3344bc29d6050979ec202494d7c17",
          "step": 239
        },
        {
          "prefix_length": 324,
          "prefix_token_ids_sha256": "e0e19e4f5bf4b9af204da4d40fbafb4eee3a8cf426550478f10877cb8268d99d",
          "step": 240
        },
        {
          "prefix_length": 325,
          "prefix_token_ids_sha256": "a265b6964755027b54292a706a9d50543883bfcd944c61fee92d82c78370a252",
          "step": 241
        },
        {
          "prefix_length": 326,
          "prefix_token_ids_sha256": "a8f3f277c749ab0cbc169d391a4293839eb6b24d8134efa28fd973b0efc5c807",
          "step": 242
        },
        {
          "prefix_length": 327,
          "prefix_token_ids_sha256": "3d95a69cfecd68e0c701a592886c196596707136908c998a5590fe7fc6f8f314",
          "step": 243
        },
        {
          "prefix_length": 328,
          "prefix_token_ids_sha256": "cc398fa308e54cf57da855a51f387b0af6250da50f56efa8306ae72e4e811a93",
          "step": 244
        },
        {
          "prefix_length": 329,
          "prefix_token_ids_sha256": "a8c77ad68a16689e071d056b7cce2f216298d801f03de895b78174e98d2bbdba",
          "step": 245
        },
        {
          "prefix_length": 330,
          "prefix_token_ids_sha256": "7d0435f2d8bce77c3b8fa5c2041f32ff0a7dc0a3a4390c54b345a117b11d9252",
          "step": 246
        },
        {
          "prefix_length": 331,
          "prefix_token_ids_sha256": "3b5373949fa0dd27445d054ed8ccffee12945abc1cd472e8adc71795ee01abec",
          "step": 247
        },
        {
          "prefix_length": 332,
          "prefix_token_ids_sha256": "a43761ad8e13b50954b80a9a5b9b088e6882e150edc6e5ab4e2cd78fbc5169b6",
          "step": 248
        },
        {
          "prefix_length": 333,
          "prefix_token_ids_sha256": "96116ab343b2537ccba25f1fa6dd6e22ed47087752d652a888b6c761444222d7",
          "step": 249
        },
        {
          "prefix_length": 334,
          "prefix_token_ids_sha256": "8fce4a165c99fca24b44131b9c492dcfa8838f07e692ada3f827ae49a2b787df",
          "step": 250
        },
        {
          "prefix_length": 335,
          "prefix_token_ids_sha256": "8cdf4db9eaea67510237a87ea278a2b2766d7bc42e65740c45d28dcd04cab06f",
          "step": 251
        },
        {
          "prefix_length": 336,
          "prefix_token_ids_sha256": "b7f20241985317c3a60819dac5c36a43f4f6bd02070c0c85e0633604089e2ee8",
          "step": 252
        },
        {
          "prefix_length": 337,
          "prefix_token_ids_sha256": "a6f8529a555bfce949dc7278f9d91e1af1c1cea4253a18b389969cfb51f832b6",
          "step": 253
        },
        {
          "prefix_length": 338,
          "prefix_token_ids_sha256": "861f71adf0e61e765baf341d908d7a8276257b60d39af226807fda64bbb4f6df",
          "step": 254
        },
        {
          "prefix_length": 339,
          "prefix_token_ids_sha256": "42cb2b31b18732bb6c856959d4ab4e301b2c8b8bde9a7aac0b4c0e02e366c640",
          "step": 255
        },
        {
          "prefix_length": 340,
          "prefix_token_ids_sha256": "589fc57bfac5fe50cc5aada1f5864a9330fe3ae162a7e4707ffb225275a49c31",
          "step": 256
        },
        {
          "prefix_length": 341,
          "prefix_token_ids_sha256": "da51d3bf3e0c971ec5098d19c27711484c3fcbe78420a30ba15204f527dac20b",
          "step": 257
        },
        {
          "prefix_length": 342,
          "prefix_token_ids_sha256": "2b9d6c8c2530ee3cd5abfd13f78cc2cd7b824b1cf50dd0ede2cff64f573e7eab",
          "step": 258
        },
        {
          "prefix_length": 343,
          "prefix_token_ids_sha256": "7df7b153ea970eb1fa78c5894a94ac9fd7ae75371d41bfd40b519578274d55b0",
          "step": 259
        },
        {
          "prefix_length": 344,
          "prefix_token_ids_sha256": "7cbb1ed812409572943cc7f5d84afdce67c2779b68d933e951490f7486c4b93a",
          "step": 260
        },
        {
          "prefix_length": 345,
          "prefix_token_ids_sha256": "68dda853ab19d372ee03d6b35767f92a0346b0d4452206e936fb1ead20aa1141",
          "step": 261
        },
        {
          "prefix_length": 346,
          "prefix_token_ids_sha256": "0c664b78ef0593104a2c4a38d66bcc85607aa9c0d0860884603fe14a90e77b9b",
          "step": 262
        },
        {
          "prefix_length": 347,
          "prefix_token_ids_sha256": "029cfd2519136c20159545326f6ee903560737665352d50d5ef912c523125364",
          "step": 263
        },
        {
          "prefix_length": 348,
          "prefix_token_ids_sha256": "02fd4b2d04abecf48ca83c9a9743df3118b5705173a5285e3cb3a687639a7697",
          "step": 264
        },
        {
          "prefix_length": 349,
          "prefix_token_ids_sha256": "ee94514bbcc6de0627d42021726aa506b02d04d56d5b59cd019323da3557dd6d",
          "step": 265
        },
        {
          "prefix_length": 350,
          "prefix_token_ids_sha256": "0f75d677283f249a78b33333f143228e752efe2db6d803d877b83886d7776d75",
          "step": 266
        },
        {
          "prefix_length": 351,
          "prefix_token_ids_sha256": "4706a78b93db0a817eef0ddbfb60ed703a3f3f012243b3b7af3f008094dcc8b1",
          "step": 267
        },
        {
          "prefix_length": 352,
          "prefix_token_ids_sha256": "4f5f265552c00ea0b09439e103b40b6dc9fa310ff1d80f3879dce57b50aa867e",
          "step": 268
        },
        {
          "prefix_length": 353,
          "prefix_token_ids_sha256": "ddc0a7542cd759848b4d1bf83fa052246c6598f24d73f70cb778c3bf520639f7",
          "step": 269
        },
        {
          "prefix_length": 354,
          "prefix_token_ids_sha256": "48688508ab4882ae0f23961e7505aebe260e5d24ee338c6cfb3a6b3477876f0b",
          "step": 270
        },
        {
          "prefix_length": 355,
          "prefix_token_ids_sha256": "7f06c84a3de3786de94c23b21e62e84f325f97c39d7dc0f9462571661c8e4423",
          "step": 271
        },
        {
          "prefix_length": 356,
          "prefix_token_ids_sha256": "0a54ccfa7f35b0ebf75b2ca95cae9ae861f08cc4b5de47824521e6533a063c12",
          "step": 272
        },
        {
          "prefix_length": 357,
          "prefix_token_ids_sha256": "ea37ab336bb7b4f945c508a002393fdb61bc1cee6a593c931c19de9d5e9df17b",
          "step": 273
        },
        {
          "prefix_length": 358,
          "prefix_token_ids_sha256": "4808932683975dd34cf84c9f4417db19151121577aad097fbb8fa0b8f6136abd",
          "step": 274
        },
        {
          "prefix_length": 359,
          "prefix_token_ids_sha256": "706dc704286abbac30c2221e38ea6716811893ce1f565cb2c63029d6ce0a85cf",
          "step": 275
        },
        {
          "prefix_length": 360,
          "prefix_token_ids_sha256": "382e303c925c1b47d5c0b9179fab61c0d42e93c35e7583a7e2fb7852bf99660a",
          "step": 276
        },
        {
          "prefix_length": 361,
          "prefix_token_ids_sha256": "f78080549af4731a4de5e5be484b45380f6ed83a3359928a8d5ee80d4aa33035",
          "step": 277
        },
        {
          "prefix_length": 362,
          "prefix_token_ids_sha256": "65d0b394d18ed523cba15adb15a550ec3dd9bb8d47ab6cd252969edecca5ee95",
          "step": 278
        },
        {
          "prefix_length": 363,
          "prefix_token_ids_sha256": "78bc35b2b0854154869cf4d11f1debc46069a5a34ca9962ca3b7d4188d833032",
          "step": 279
        },
        {
          "prefix_length": 364,
          "prefix_token_ids_sha256": "07342dd3bbf964c8e217ccaa2680c7f24373f3f70317a41ae1e8f291675b4813",
          "step": 280
        },
        {
          "prefix_length": 365,
          "prefix_token_ids_sha256": "8021fa3f3a14e365996fdfeebd104abe9e34dd66f58fdc8b863c8bee32f21e29",
          "step": 281
        },
        {
          "prefix_length": 366,
          "prefix_token_ids_sha256": "7762ee605dc67fd84863c1e7989edb01acbe1ff59041c0fc853543bedf385def",
          "step": 282
        },
        {
          "prefix_length": 367,
          "prefix_token_ids_sha256": "431b9328f21ac8f377675a8afea969d7ad3965b4a0e956bdaade33a72896832a",
          "step": 283
        },
        {
          "prefix_length": 368,
          "prefix_token_ids_sha256": "b4dcfaba44c92fbbac5c4358f7463badbb29b3c4633c832e89292640dd6ef3a8",
          "step": 284
        },
        {
          "prefix_length": 369,
          "prefix_token_ids_sha256": "470c5799073203d9f4ce5335fd344c6e919555579a1be1718a8a6928189fe878",
          "step": 285
        },
        {
          "prefix_length": 370,
          "prefix_token_ids_sha256": "2ea2b610f1b7f4acd274addd49c68366efb4d21d47ca4e834a64f80c94ccdb56",
          "step": 286
        },
        {
          "prefix_length": 371,
          "prefix_token_ids_sha256": "633d5312a39bcd1d4aca14dc3878a57ec6a8022ca190665b8acb6f3ff7e67982",
          "step": 287
        },
        {
          "prefix_length": 372,
          "prefix_token_ids_sha256": "8fe6b90b4044f167fbde075c9f3989ab2ef124e30a4f17f7a9e2f70dacbe79ae",
          "step": 288
        },
        {
          "prefix_length": 373,
          "prefix_token_ids_sha256": "68ee8a191cf14c635fb046ea9062f0bc1c503ef4d655dff6fa4222f328a6e38b",
          "step": 289
        },
        {
          "prefix_length": 374,
          "prefix_token_ids_sha256": "3eff11aab1ea52f2e9e09794add9eaaea45ef3918016baa87ae01abb5733483d",
          "step": 290
        },
        {
          "prefix_length": 375,
          "prefix_token_ids_sha256": "0e225ec7edc984f3e5cd67856c14b07c5cf4dd3c29c001bbfc731e95954dc4c6",
          "step": 291
        },
        {
          "prefix_length": 376,
          "prefix_token_ids_sha256": "ffe59241047629dd417cfa531c4b72c977ea34e69f0814c73891b6107182b136",
          "step": 292
        },
        {
          "prefix_length": 377,
          "prefix_token_ids_sha256": "d607970b74784d394e23ba13f7456e562e30e4c1125dba34c8fe71dc62badf26",
          "step": 293
        },
        {
          "prefix_length": 378,
          "prefix_token_ids_sha256": "de9da84d34f78f3b92b9e32b1a67e2d4a7eac0410b986b75356367c4705f1559",
          "step": 294
        },
        {
          "prefix_length": 379,
          "prefix_token_ids_sha256": "0e596b47cbfc2dd6c01a097f83d5fcdd55e8ba262bd5db53bcc9ee8ec4712076",
          "step": 295
        },
        {
          "prefix_length": 380,
          "prefix_token_ids_sha256": "0d4c62c45050bfc3d6ef2c94abc603ca1dcde77ff39da7ede88f6d542ef1372a",
          "step": 296
        },
        {
          "prefix_length": 381,
          "prefix_token_ids_sha256": "1fb63c4e6ae84cf2b0dce239f06b1a72022e865a4e8c622b4f29753c240e399c",
          "step": 297
        },
        {
          "prefix_length": 382,
          "prefix_token_ids_sha256": "33aeb6d20d581a9b843d15cacbf9ff84c509793581d5a62cad5b22a21b54b324",
          "step": 298
        },
        {
          "prefix_length": 383,
          "prefix_token_ids_sha256": "4d5356cc8801ed02199e415505690755904f90c9a1667491b1f04c0eab056966",
          "step": 299
        },
        {
          "prefix_length": 384,
          "prefix_token_ids_sha256": "c675a84c6b69709384e44ad13e0db38583c59d528b3870c1b6190e8a80d422c3",
          "step": 300
        },
        {
          "prefix_length": 385,
          "prefix_token_ids_sha256": "cc00a56137735bcb8c8e82970710bd6716ede772fabf06b74e7f8b8360cb51f7",
          "step": 301
        },
        {
          "prefix_length": 386,
          "prefix_token_ids_sha256": "4c8e863de31c95ce0ea7bfda0ccdf6bd6ee21d65d0d6d160871cb477d436bada",
          "step": 302
        },
        {
          "prefix_length": 387,
          "prefix_token_ids_sha256": "384c8a9e64e532f530d6ac38cb79201c53b1bfd80a2610da0e5a2528bc4c1161",
          "step": 303
        },
        {
          "prefix_length": 388,
          "prefix_token_ids_sha256": "7a1b8392a486a70cbf95b1bd8bde10ad2d8abd28c4ffe209f76d229f20bb92b8",
          "step": 304
        },
        {
          "prefix_length": 389,
          "prefix_token_ids_sha256": "5259f31fd927021c32cce8b71717c4b982d0b3652b3b92f24cff34cc26806bf8",
          "step": 305
        },
        {
          "prefix_length": 390,
          "prefix_token_ids_sha256": "016e2a4179939a9415634607a592bbfd58550c7ce720d0a0ebaedfc172d3a11b",
          "step": 306
        },
        {
          "prefix_length": 391,
          "prefix_token_ids_sha256": "62fafaa2cd667ea1896b26a788982dbd58d4c44d01f534769440a2083f2e3d65",
          "step": 307
        },
        {
          "prefix_length": 392,
          "prefix_token_ids_sha256": "34ec1032edb028c7c71d4d581e1880e0095d149860df3e9f5822f6c0dc65081f",
          "step": 308
        },
        {
          "prefix_length": 393,
          "prefix_token_ids_sha256": "da70713ebe4361ba50c9796c0813f26669b6a0cc042e4fc0b6d2175bdfea81d4",
          "step": 309
        },
        {
          "prefix_length": 394,
          "prefix_token_ids_sha256": "4e64e0177a615b4432ce15bdb352b17acfa0a35b5477d0010a09ca09c4576f64",
          "step": 310
        },
        {
          "prefix_length": 395,
          "prefix_token_ids_sha256": "34d831b847d0c04f2060dcafde7b08f4cd3652285c916ca341533e9da16f4357",
          "step": 311
        },
        {
          "prefix_length": 396,
          "prefix_token_ids_sha256": "e12795f797ab494079f0adcf8766aa5da0f9d7d8a9ab1a39cd54312f6e72c222",
          "step": 312
        },
        {
          "prefix_length": 397,
          "prefix_token_ids_sha256": "b43e12b074026e07d592693a6ce9112f3cb9e17ef500ecd9205bd2929a6cfa6b",
          "step": 313
        },
        {
          "prefix_length": 398,
          "prefix_token_ids_sha256": "3648e2ab3d42254e91d06b72935136a85fea69552556fe0350b6d58c9d0df77d",
          "step": 314
        },
        {
          "prefix_length": 399,
          "prefix_token_ids_sha256": "f848429d31df884d8552d8f9d043e3bffc3928a3741102ee3c7b02b89cdf7fa2",
          "step": 315
        },
        {
          "prefix_length": 400,
          "prefix_token_ids_sha256": "2a1d5891bece0fdfa03581862161397c3ef9c50c00487d20292530eb130ce0d8",
          "step": 316
        },
        {
          "prefix_length": 401,
          "prefix_token_ids_sha256": "ce101843045b653de1b6e3b5e5069e33ec819bf60c9438c358e03a3a9381d3fe",
          "step": 317
        },
        {
          "prefix_length": 402,
          "prefix_token_ids_sha256": "20f773c933c705fc6cb69be9b02e9e4463dde8fc90b28aeb931e73e2aeed31d7",
          "step": 318
        },
        {
          "prefix_length": 403,
          "prefix_token_ids_sha256": "bb00569414af44904e739a74d6ea7b983eac2fe0d2e7eebb541d0728df7f704c",
          "step": 319
        },
        {
          "prefix_length": 404,
          "prefix_token_ids_sha256": "a8db81270cc62b741bf58159b232f8bb54ccf10b31a688b15de75a3503a255ad",
          "step": 320
        },
        {
          "prefix_length": 405,
          "prefix_token_ids_sha256": "091c3d87342889e788b32bf3b04e01990522be66e7818b07bc6f804feabeb273",
          "step": 321
        },
        {
          "prefix_length": 406,
          "prefix_token_ids_sha256": "940d00359b51a2c5a738ae04e5b410815563be67671e4057bfe3f1a1ee820f3d",
          "step": 322
        },
        {
          "prefix_length": 407,
          "prefix_token_ids_sha256": "5effbc06bd2852a5b2f7edea0dbe4d14dd3fffd143c32b4c5c3db26cb4c8f36c",
          "step": 323
        },
        {
          "prefix_length": 408,
          "prefix_token_ids_sha256": "534eee2ec74560ad0b70b862bafdbdc87c451277539747289e0b62e392a769aa",
          "step": 324
        },
        {
          "prefix_length": 409,
          "prefix_token_ids_sha256": "615bde0dea8b81d666034d45f8bbb94a626633ba506a786fe260b55596e0d331",
          "step": 325
        },
        {
          "prefix_length": 410,
          "prefix_token_ids_sha256": "b16197493566c22e49f40c4dbcdb95f25c234d31962b0f28c2122b1c15d5b98c",
          "step": 326
        },
        {
          "prefix_length": 411,
          "prefix_token_ids_sha256": "4d80fd0d4845a9d3468c73202f83d7bb691bea5c04f6c5e83b249b4206a2cb4f",
          "step": 327
        },
        {
          "prefix_length": 412,
          "prefix_token_ids_sha256": "f3f4e8f69a9c78f08cd077f1204577fb856bc97a45dc9978850096be572650ba",
          "step": 328
        },
        {
          "prefix_length": 413,
          "prefix_token_ids_sha256": "983f57ecc2bcad01968f90a4cf74a8b37bed9c4c45c1d5650b36275c6695c2ed",
          "step": 329
        },
        {
          "prefix_length": 414,
          "prefix_token_ids_sha256": "0540e4f45ac066a1fd9109ed2446d61bdde70f1498ba0681da7e5b87443b62e7",
          "step": 330
        },
        {
          "prefix_length": 415,
          "prefix_token_ids_sha256": "247d9a6574e27f63b1f0987255aaae0612a75fbb0e8530bddca84cd7e8e32bbf",
          "step": 331
        },
        {
          "prefix_length": 416,
          "prefix_token_ids_sha256": "45c9cda73cd708b83b44e792c5770fb1eaa30ac439b88c4d638ffde4fc0c2e05",
          "step": 332
        },
        {
          "prefix_length": 417,
          "prefix_token_ids_sha256": "2bcc33f9046b7d2edf3dacb55d88011d3deee9427606b51f8cada4987126e9af",
          "step": 333
        },
        {
          "prefix_length": 418,
          "prefix_token_ids_sha256": "9ec52aef01f7bf8b098368b896b07130fdc8021426c4631788199837160069bc",
          "step": 334
        },
        {
          "prefix_length": 419,
          "prefix_token_ids_sha256": "48e022806bf067300b7412944a21b838049c70a91a0ca4a43f67c7f4d96a69b4",
          "step": 335
        },
        {
          "prefix_length": 420,
          "prefix_token_ids_sha256": "88eeed9737147cfc7bfc08c412bed9b7c8bd9aecbd8f381a0bd42c6c41d1c084",
          "step": 336
        },
        {
          "prefix_length": 421,
          "prefix_token_ids_sha256": "44e9996c3b959d3a7431ac16c7c63d8b6268163eab75cce44cb1016e03c7ae1b",
          "step": 337
        },
        {
          "prefix_length": 422,
          "prefix_token_ids_sha256": "f6f451cbc83db62978139ff9e62507ce6e7b7e4c5545bb258392c40aadd32c51",
          "step": 338
        },
        {
          "prefix_length": 423,
          "prefix_token_ids_sha256": "c7fe530215da6fac0ebd9bc12090cd3e21a48b1ffd755068953116ba3381418d",
          "step": 339
        },
        {
          "prefix_length": 424,
          "prefix_token_ids_sha256": "7595b73f89636372a9f2f59db7096d9586e23740aa1e33eebfcd0b8072cf1e47",
          "step": 340
        },
        {
          "prefix_length": 425,
          "prefix_token_ids_sha256": "1e46433317d3b3ee1b4d826c70db6d2f91488a82eda84f46f51b6a2443fac1f2",
          "step": 341
        },
        {
          "prefix_length": 426,
          "prefix_token_ids_sha256": "54301b61e1db99421c70b31bef21c1330e2d74b82d2ef20e8037b8466584f82b",
          "step": 342
        },
        {
          "prefix_length": 427,
          "prefix_token_ids_sha256": "6a1f3371c1f67410a4af194dc22fd217d9f03586d7810e577baf197f2c377ed2",
          "step": 343
        },
        {
          "prefix_length": 428,
          "prefix_token_ids_sha256": "13a16a6654293b0d9aa401bb93b09db5ef36a06beeb451ce9e3d219286f5eafc",
          "step": 344
        },
        {
          "prefix_length": 429,
          "prefix_token_ids_sha256": "ff4113bbd2a6f52ef7e16e5ee36c401ddb33095bfc3e15f67c05e55c57b3a0a8",
          "step": 345
        },
        {
          "prefix_length": 430,
          "prefix_token_ids_sha256": "dcbfb8cc416d24c9f303753bdfe5c2a62964f11350a882f998f6b33e24254875",
          "step": 346
        },
        {
          "prefix_length": 431,
          "prefix_token_ids_sha256": "bf525e42185d47cf5323ab015779280fa9f4a2550be00f4b3f7cd85cb74ea79c",
          "step": 347
        },
        {
          "prefix_length": 432,
          "prefix_token_ids_sha256": "3f76a1bfc9c174e4f04b830e72603c630318f55781fbc773cd4b98deefdcdcbc",
          "step": 348
        },
        {
          "prefix_length": 433,
          "prefix_token_ids_sha256": "913518b8a4aed021fa5b01865e38c358aba8a468fec8e298f2a5ec8b9c5d142d",
          "step": 349
        }
      ],
      "generated_answer": "48",
      "generated_token_ids": [
        1401,
        2398,
        1097,
        1523,
        7963,
        59476,
        1489,
        1924,
        21786,
        44,
        358,
        1079,
        302,
        626,
        907,
        2756,
        58,
        10,
        49,
        46,
        6917,
        1097,
        1523,
        7963,
        59476,
        674,
        3161,
        1924,
        46,
        10,
        50,
        46,
        9078,
        1097,
        1523,
        7963,
        1791,
        1924,
        29066,
        46,
        10,
        51,
        46,
        6917,
        1097,
        1523,
        7963,
        1791,
        1924,
        7069,
        46,
        10,
        52,
        46,
        6917,
        1097,
        1523,
        7963,
        1791,
        674,
        1775,
        302,
        1924,
        46,
        10,
        53,
        46,
        9078,
        1097,
        1523,
        7963,
        1791,
        1489,
        1924,
        21786,
        46,
        10,
        3931,
        345,
        58,
        6917,
        1097,
        1523,
        7963,
        59476,
        674,
        3161,
        1924,
        46,
        10,
        37496,
        863,
        305,
        7173,
        259,
        345,
        50,
        48,
        45,
        3796,
        3544,
        46,
        11387,
        24258,
        44,
        1791,
        1924,
        345,
        50,
        7963,
        46,
        10325,
        44,
        1791,
        1924,
        6072,
        376,
        1523,
        7963,
        376,
        29066,
        44,
        402,
        52,
        7963,
        291,
        1543,
        786,
        286,
        7963,
        1791,
        674,
        1924,
        731,
        3176,
        305,
        58,
        10,
        49,
        50,
        318,
        13318,
        24258,
        41,
        425,
        345,
        50,
        318,
        43599,
        41,
        328,
        402,
        52,
        7963,
        10,
        3931,
        402,
        58,
        9078,
        1097,
        1523,
        7963,
        1791,
        1924,
        29066,
        46,
        10,
        8080,
        24258,
        44,
        59476,
        1924,
        345,
        50,
        7963,
        46,
        10,
        3931,
        532,
        58,
        6917,
        1097,
        1523,
        7963,
        1791,
        1924,
        7069,
        46,
        10,
        8080,
        24258,
        44,
        59476,
        1924,
        345,
        50,
        7963,
        46,
        10325,
        44,
        1791,
        1924,
        6072,
        376,
        1523,
        7963,
        376,
        29066,
        46,
        10,
        2553,
        44,
        264,
        786,
        286,
        7963,
        1791,
        1924,
        7069,
        305,
        58,
        10,
        50,
        514,
        345,
        50,
        328,
        402,
        52,
        7963,
        10,
        3931,
        643,
        58,
        6917,
        1097,
        1523,
        7963,
        1791,
        674,
        1775,
        302,
        1924,
        46,
        10,
        37496,
        863,
        305,
        7173,
        259,
        345,
        50,
        48,
        45,
        3796,
        3544,
        46,
        4110,
        674,
        3161,
        1924,
        402,
        52,
        7963,
        46,
        10,
        2553,
        44,
        264,
        786,
        286,
        7963,
        1791,
        674,
        1775,
        302,
        1924,
        305,
        58,
        10,
        49,
        50,
        48,
        318,
        402,
        52,
        328,
        1160,
        54,
        7963,
        10,
        3931,
        742,
        58,
        9078,
        1097,
        1523,
        7963,
        1791,
        1489,
        1924,
        21786,
        46,
        10,
        37496,
        863,
        8448,
        302,
        1924,
        3434,
        286,
        264,
        3891,
        7963,
        21786,
        46,
        10,
        2553,
        44,
        264,
        786,
        286,
        7963,
        1791,
        1489,
        1924,
        21786,
        305,
        58,
        10,
        57,
        54,
        1255,
        402,
        328,
        643,
        56,
        7963,
        10,
        2862,
        44,
        59476,
        1489,
        1924,
        643,
        56,
        7963,
        21786,
        46,
        65508
      ],
      "generated_tokens": 350,
      "hit_max_new_tokens": false,
      "nonempty_text": true,
      "repetition_onset": null,
      "substantive_text": "To solve how many pages Julie should read tomorrow, we need to follow these steps:\n1. Calculate how many pages Julie has already read.\n2. Determine how many pages she read yesterday.\n3. Calculate how many pages she read today.\n4. Calculate how many pages she has left to read.\n5. Determine how many pages she should read tomorrow.\nStep 1: Calculate how many pages Julie has already read.\nJulie is reading a 120-page book. Yesterday, she read 12 pages. Today, she read twice as many pages as yesterday, 24 pages in total number of pages she has read so far is:\n12 (yesterday) + 12 (today) = 24 pages\nStep 2: Determine how many pages she read yesterday.\nYesterday, Julie read 12 pages.\nStep 3: Calculate how many pages she read today.\nYesterday, Julie read 12 pages. Today, she read twice as many pages as yesterday.\nSo, the number of pages she read today is:\n2 x 12 = 24 pages\nStep 4: Calculate how many pages she has left to read.\nJulie is reading a 120-page book. She has already read 24 pages.\nSo, the number of pages she has left to read is:\n120 ( 24 = 96 pages\nStep 5: Determine how many pages she should read tomorrow.\nJulie wants to read half of the remaining pages tomorrow.\nSo, the number of pages she should read tomorrow is:\n96 / 2 = 48 pages\nTherefore, Julie should read 48 pages tomorrow.",
      "teacher_answer": "48",
      "teacher_answer_match": true,
      "teacher_text": "To determine how many pages Julie should read tomorrow, we need to follow these steps:\n1. Calculate how many pages Julie has already read.\n2. Determine how many pages she read yesterday.\n3. Calculate how many pages she read today.\n4. Calculate how many pages she has left to read.\n5. Determine how many pages she should read tomorrow.\nStep 1: Calculate how many pages Julie has already read.\nJulie is reading a 120-page book. Yesterday, she read 12 pages. Today, she read twice as many pages as yesterday.\nSo, the total number of pages she has read so far is:\n12 (yesterday) + 12 (today) = 24 pages\nStep 2: Determine how many pages she read yesterday.\nYesterday, Julie read 12 pages.\nStep 3: Calculate how many pages she read today.\nYesterday, Julie read 12 pages. Today, she read twice as many pages as yesterday.\nSo, the number of pages she read today is:\n2 x 12 = 24 pages\nStep 4: Calculate how many pages she has left to read.\nJulie is reading a 120-page book. She has already read 24 pages.\nSo, the number of pages she has left to read is:\n120 - 24 = 96 pages\nStep 5: Determine how many pages she should read tomorrow.\nJulie wants to read half of the remaining pages tomorrow.\nSo, the number of pages she should read tomorrow is:\n96 / 2 = 48 pages\nTherefore, Julie should read 48 pages tomorrow.<|end_turn|>",
      "teacher_valid_answer_tokens": 350,
      "text": "To solve how many pages Julie should read tomorrow, we need to follow these steps:\n1. Calculate how many pages Julie has already read.\n2. Determine how many pages she read yesterday.\n3. Calculate how many pages she read today.\n4. Calculate how many pages she has left to read.\n5. Determine how many pages she should read tomorrow.\nStep 1: Calculate how many pages Julie has already read.\nJulie is reading a 120-page book. Yesterday, she read 12 pages. Today, she read twice as many pages as yesterday, 24 pages in total number of pages she has read so far is:\n12 (yesterday) + 12 (today) = 24 pages\nStep 2: Determine how many pages she read yesterday.\nYesterday, Julie read 12 pages.\nStep 3: Calculate how many pages she read today.\nYesterday, Julie read 12 pages. Today, she read twice as many pages as yesterday.\nSo, the number of pages she read today is:\n2 x 12 = 24 pages\nStep 4: Calculate how many pages she has left to read.\nJulie is reading a 120-page book. She has already read 24 pages.\nSo, the number of pages she has left to read is:\n120 ( 24 = 96 pages\nStep 5: Determine how many pages she should read tomorrow.\nJulie wants to read half of the remaining pages tomorrow.\nSo, the number of pages she should read tomorrow is:\n96 / 2 = 48 pages\nTherefore, Julie should read 48 pages tomorrow.<|end_turn|>"
    },
    {
      "ended_naturally": true,
      "example_id": 4,
      "fallback_allowed": true,
      "first_32_teacher_token_match_fraction": 1.0,
      "full_prefix_lengths": [
        54,
        55,
        56,
        57,
        58,
        59,
        60,
        61,
        62,
        63,
        64,
        65,
        66,
        67,
        68,
        69,
        70,
        71,
        72,
        73,
        74,
        75,
        76,
        77,
        78,
        79,
        80,
        81,
        82,
        83,
        84,
        85,
        86,
        87,
        88,
        89,
        90,
        91,
        92,
        93,
        94,
        95,
        96,
        97,
        98,
        99,
        100,
        101,
        102,
        103,
        104,
        105,
        106,
        107,
        108,
        109,
        110,
        111,
        112,
        113,
        114,
        115,
        116,
        117,
        118,
        119,
        120,
        121,
        122,
        123,
        124,
        125,
        126,
        127,
        128,
        129,
        130,
        131,
        132,
        133,
        134,
        135,
        136,
        137,
        138,
        139,
        140,
        141,
        142,
        143,
        144,
        145,
        146
      ],
      "full_prefix_traces": [
        {
          "prefix_length": 54,
          "prefix_token_ids_sha256": "028f0439aa832188c5537f43da5290a0945921d74dc409837a0040900b9c10a8",
          "step": 0
        },
        {
          "prefix_length": 55,
          "prefix_token_ids_sha256": "2a2034424d79431dc0aa265560c3ce304831b162ef99a3cd6eaf98d8c652da99",
          "step": 1
        },
        {
          "prefix_length": 56,
          "prefix_token_ids_sha256": "5dd9ba08223b086218269b5d40cbbb7c1ee1ae23c0c5b82451443a7c5c22e447",
          "step": 2
        },
        {
          "prefix_length": 57,
          "prefix_token_ids_sha256": "a35d8d026ad01ba6957a694e55f4d129a5ff1404df3ccfee4693d2434cd61e30",
          "step": 3
        },
        {
          "prefix_length": 58,
          "prefix_token_ids_sha256": "bd0ed01eaecea67400286de7f62b2bdfc492aefe86b6d70755ba73a9022d53b7",
          "step": 4
        },
        {
          "prefix_length": 59,
          "prefix_token_ids_sha256": "433da5e4be67506e2e1738850cbda9dc34eb4fbf35c89755e4294342cf12103c",
          "step": 5
        },
        {
          "prefix_length": 60,
          "prefix_token_ids_sha256": "86914d5f74da8de7b30c989d5ee383df5ddb618bb095c9257b6654e0cd0d2c35",
          "step": 6
        },
        {
          "prefix_length": 61,
          "prefix_token_ids_sha256": "32562033a1d149f2201c150b0364feb4db4087e3d11187a9a4bac2e8903b1e34",
          "step": 7
        },
        {
          "prefix_length": 62,
          "prefix_token_ids_sha256": "afc56bad16fcc35e4b7530547cbcd2787fedb6bcebe25b42665a5b28ec71068e",
          "step": 8
        },
        {
          "prefix_length": 63,
          "prefix_token_ids_sha256": "6914db38e2d951cba21af37acae42a7db602d3acf2041ee5926a8aa521b0d7aa",
          "step": 9
        },
        {
          "prefix_length": 64,
          "prefix_token_ids_sha256": "e30112fe7e7ceb762b4efa0486e17a5a1dfa6f33f8ac58a84d3610a047a46c61",
          "step": 10
        },
        {
          "prefix_length": 65,
          "prefix_token_ids_sha256": "301e8b6932b8802fbc65c7580b91768da3ca5036aadf443384518878c866155c",
          "step": 11
        },
        {
          "prefix_length": 66,
          "prefix_token_ids_sha256": "a8827935ca32790e571ac0976376252773abffbcba1e25e2fad8d5ee8c96cdd4",
          "step": 12
        },
        {
          "prefix_length": 67,
          "prefix_token_ids_sha256": "6122b2e707b9c46900fd6fb430b94f9f50b6364063ee63e6db97fdbe8106519b",
          "step": 13
        },
        {
          "prefix_length": 68,
          "prefix_token_ids_sha256": "9e2129c81f256fcd4a1ad98635b1507f7547eb4844a41f06da3774759bf159c3",
          "step": 14
        },
        {
          "prefix_length": 69,
          "prefix_token_ids_sha256": "0be3480f1d2b042aafb26629c6a7b8b80a4a9795641629eb08ad4d4208788d3a",
          "step": 15
        },
        {
          "prefix_length": 70,
          "prefix_token_ids_sha256": "f0dfc7aaba8813e66971c9f309a90ecc124fb5bd962051a956bb9143faa27ac9",
          "step": 16
        },
        {
          "prefix_length": 71,
          "prefix_token_ids_sha256": "f5570a996f846b2d17e02b94175ec505c73f9c8ae6014cc9208b48fecf046eae",
          "step": 17
        },
        {
          "prefix_length": 72,
          "prefix_token_ids_sha256": "05d41ba770246cf5dda0a165e3c3152ca2848599bf1f50a47be869128d72bdc0",
          "step": 18
        },
        {
          "prefix_length": 73,
          "prefix_token_ids_sha256": "9f0ab70344597575a3264d7ffeacf31cfba7302d3e9149bb198aba67aab5f76b",
          "step": 19
        },
        {
          "prefix_length": 74,
          "prefix_token_ids_sha256": "8b37d8db5771618349ba687e8fac80f882d78db6365f84b9c8367a40a5faa4df",
          "step": 20
        },
        {
          "prefix_length": 75,
          "prefix_token_ids_sha256": "e0ee801c3c452c03321264a101e15e0e67644d06ba6c39d8416ee54f4187f93f",
          "step": 21
        },
        {
          "prefix_length": 76,
          "prefix_token_ids_sha256": "5514bdcdac450c32c5c2e282bc0e12cab16a7be99e3dc2caae7ad65ad4555366",
          "step": 22
        },
        {
          "prefix_length": 77,
          "prefix_token_ids_sha256": "8341c663572bfaf8a934bf55bbb27569d94112217caefb2961b01ef64bce7c31",
          "step": 23
        },
        {
          "prefix_length": 78,
          "prefix_token_ids_sha256": "4961c53889e338e6903c6c1e300a35542752da660d98258c84333590e3aa6750",
          "step": 24
        },
        {
          "prefix_length": 79,
          "prefix_token_ids_sha256": "959b9d6e33c3cc5220440cd5132675bfdd607b4d5bda6a116d068568ff489d43",
          "step": 25
        },
        {
          "prefix_length": 80,
          "prefix_token_ids_sha256": "183feffc7232783ac37067a55a7a250f58afa2fb48f13aae3c7a73f60d23d19b",
          "step": 26
        },
        {
          "prefix_length": 81,
          "prefix_token_ids_sha256": "551e10f5ff0544f625d6c2b1864dd0e83f02cec4ef2dbb073471cfd9d59ae264",
          "step": 27
        },
        {
          "prefix_length": 82,
          "prefix_token_ids_sha256": "15ac678e738938a2faa18911d8e7b2277bcb035743b01159fee10464481c1368",
          "step": 28
        },
        {
          "prefix_length": 83,
          "prefix_token_ids_sha256": "97e8a64b56b6002891b46087823c6c0834cf1d82be62a380a90178b416fd0131",
          "step": 29
        },
        {
          "prefix_length": 84,
          "prefix_token_ids_sha256": "1e05a627c606cdd395e4d79cf58e98bb793d33ebbbe0426d8bc271407e7fd95e",
          "step": 30
        },
        {
          "prefix_length": 85,
          "prefix_token_ids_sha256": "2bb57da6f6140163f7c2d32ddae884069a152eaf83083c6cf67deac49089ac30",
          "step": 31
        },
        {
          "prefix_length": 86,
          "prefix_token_ids_sha256": "ea3992e5c6fb1f0f618b69762236d3433ba7c6ea4c9ec84d3818ae0ba079b122",
          "step": 32
        },
        {
          "prefix_length": 87,
          "prefix_token_ids_sha256": "5028b3f7fa45f24d0d11814b58cf8a6f27488a8cbe5c49291c215067b3fbf2f3",
          "step": 33
        },
        {
          "prefix_length": 88,
          "prefix_token_ids_sha256": "f81cd67a471a0a75e192081efd7690da453f5bbb2c983be694ee0b2b759d32f0",
          "step": 34
        },
        {
          "prefix_length": 89,
          "prefix_token_ids_sha256": "79dc1a0f6edccc0abd80eb42970b2276cb7ce71500a170fbb09bc749a6331f08",
          "step": 35
        },
        {
          "prefix_length": 90,
          "prefix_token_ids_sha256": "b92cd2c469cc8793612819aedf2af9c19bd57493fedc78859b1628fdda32387b",
          "step": 36
        },
        {
          "prefix_length": 91,
          "prefix_token_ids_sha256": "a1f5814914fd44631a417a555dace3a802a436e6e905c0c99c1cb57368568b7a",
          "step": 37
        },
        {
          "prefix_length": 92,
          "prefix_token_ids_sha256": "c25180841c7a13624c9dc0c834dafd16567b978aca43e50d20dcf2b5386038f7",
          "step": 38
        },
        {
          "prefix_length": 93,
          "prefix_token_ids_sha256": "8477df68866e5fc15113ccf5a61f65dcba48b65633371253d81601ed172b8864",
          "step": 39
        },
        {
          "prefix_length": 94,
          "prefix_token_ids_sha256": "f650f17f00d764e07e9ea129ecb4b0e903dbd04189bd4476ac5a2ad0d67975d9",
          "step": 40
        },
        {
          "prefix_length": 95,
          "prefix_token_ids_sha256": "8265f48c95726e2f8b5cc021e073261156cfde12621a8ad0f9370acc6a3c2231",
          "step": 41
        },
        {
          "prefix_length": 96,
          "prefix_token_ids_sha256": "a1be7511ed4920c780a69128973b439dd44c71bd9fa5ccd47565503d94ade2a4",
          "step": 42
        },
        {
          "prefix_length": 97,
          "prefix_token_ids_sha256": "92eaeede29d8daef7053c8cdfc02ad2cf2ae018017e7faa1fe5d49873d438683",
          "step": 43
        },
        {
          "prefix_length": 98,
          "prefix_token_ids_sha256": "89c586583ad64a82160e7a2af6acd6a8067c097981803e3431f2a7de7e91d01e",
          "step": 44
        },
        {
          "prefix_length": 99,
          "prefix_token_ids_sha256": "7696eedee69523b8bf417574f89de686f55893ae5ddc970b78e3681250cd0ed5",
          "step": 45
        },
        {
          "prefix_length": 100,
          "prefix_token_ids_sha256": "47cccd466f994ce6c0fc0477fb42edda6e0853a257403621850f11f9a10bbc66",
          "step": 46
        },
        {
          "prefix_length": 101,
          "prefix_token_ids_sha256": "83fea5145931c1350ccbc1491b7c19dedbb975518e336651077dd4702b64b8c7",
          "step": 47
        },
        {
          "prefix_length": 102,
          "prefix_token_ids_sha256": "7cc0ec6ad9826b90ca2e1990ae36651971ee9ac248f434fb4b6f16f33464e08a",
          "step": 48
        },
        {
          "prefix_length": 103,
          "prefix_token_ids_sha256": "a89dedb6a115cd75d8703331b81a075675cb69ad0fbb8992da97132a12b3cefa",
          "step": 49
        },
        {
          "prefix_length": 104,
          "prefix_token_ids_sha256": "cc24b6b853a1455eb5173e0f7ce7bab598408c7cef10306bf72917181e943128",
          "step": 50
        },
        {
          "prefix_length": 105,
          "prefix_token_ids_sha256": "8943e0570c0f973a1a3054d70c2d128dfcff269aa66ef17df35b279df4341f17",
          "step": 51
        },
        {
          "prefix_length": 106,
          "prefix_token_ids_sha256": "fc54276d1eabd2965115c2e4144a8c7be68aa0153158a8f05027945501d40350",
          "step": 52
        },
        {
          "prefix_length": 107,
          "prefix_token_ids_sha256": "140a2bb55ce8e7ca982f644ae3d7bf0908b870f8dd1e6ea5e1a4a791b391e5f5",
          "step": 53
        },
        {
          "prefix_length": 108,
          "prefix_token_ids_sha256": "292d8b4d55e2e9141cc20b80c3dac95abe000bd76db9ae807dcb0960984c578d",
          "step": 54
        },
        {
          "prefix_length": 109,
          "prefix_token_ids_sha256": "c50dbb23e132a4379b1651d49abbdd66daace1c22d224a2aca0e846960f64501",
          "step": 55
        },
        {
          "prefix_length": 110,
          "prefix_token_ids_sha256": "840fd76f3013f5f565a6c8e6786ae6da2fd2d0a93178027ee23c1e79ed0fdfe5",
          "step": 56
        },
        {
          "prefix_length": 111,
          "prefix_token_ids_sha256": "92f35f08581f2fa2cc98b21ac4369933e11593384cb6f3ba23ed97202408ca72",
          "step": 57
        },
        {
          "prefix_length": 112,
          "prefix_token_ids_sha256": "f27964e7291eedebec67f1f8fc61a434d4d9ad474ea822a9867b973c950606a3",
          "step": 58
        },
        {
          "prefix_length": 113,
          "prefix_token_ids_sha256": "d428f11f6dca9406fdc751ba2a83addfbd02dcdccd75b0e474950b38b9ad75f1",
          "step": 59
        },
        {
          "prefix_length": 114,
          "prefix_token_ids_sha256": "291e8591c9741f0471d9f4aeec9fb7a8c5f4c5b8698cfda3e72e4b04542dd694",
          "step": 60
        },
        {
          "prefix_length": 115,
          "prefix_token_ids_sha256": "ef503ccee7254d174ab6ae0771e5a7304045fd5d6c0d534a84cee633d9be102e",
          "step": 61
        },
        {
          "prefix_length": 116,
          "prefix_token_ids_sha256": "e3bd313cc6f86bd7c6834089dec6120801458b34ed5fb408648f4438641afe71",
          "step": 62
        },
        {
          "prefix_length": 117,
          "prefix_token_ids_sha256": "dda85f0ee056051ec0664fa5652dda0bd426e51fb28f3265e59edee0d1bb81ec",
          "step": 63
        },
        {
          "prefix_length": 118,
          "prefix_token_ids_sha256": "4a1e2d7724343e1f9ff1fc2c0b037c43125dd2bc4e8ba9929db9b22300cd431e",
          "step": 64
        },
        {
          "prefix_length": 119,
          "prefix_token_ids_sha256": "6d6bf1a31ca9fab792669fe69f3d256bd1fb7aa58ed76e48eb0d2aac05ba1120",
          "step": 65
        },
        {
          "prefix_length": 120,
          "prefix_token_ids_sha256": "fa119f9105b30da3c6d1b4e12cc96e07b257b294fceccc679508e2b9e3fb3398",
          "step": 66
        },
        {
          "prefix_length": 121,
          "prefix_token_ids_sha256": "8063510515a78325a04d0d4c5134848ffce19caed079e8868595c764ca94913e",
          "step": 67
        },
        {
          "prefix_length": 122,
          "prefix_token_ids_sha256": "c51e06d4fbacab8206daab25a34c67b016fe0d7c88c1fff15c0a69e1196f8dcb",
          "step": 68
        },
        {
          "prefix_length": 123,
          "prefix_token_ids_sha256": "f4615ca5c1945a88204728fcc87cc6381690807d2c1190d847926b236dd9abe0",
          "step": 69
        },
        {
          "prefix_length": 124,
          "prefix_token_ids_sha256": "5b0d71cd6441e82afbc62853e6a886d4d56b8e94078fc7d41d3da6da216402ae",
          "step": 70
        },
        {
          "prefix_length": 125,
          "prefix_token_ids_sha256": "0be62d84da5c014f68fc674a6a54932e044485db8053e548b61a0fc77779efcd",
          "step": 71
        },
        {
          "prefix_length": 126,
          "prefix_token_ids_sha256": "303232aaa246f82a51a2ba65539e7d062af977cd6c1a5c511ef8e03ad078c27b",
          "step": 72
        },
        {
          "prefix_length": 127,
          "prefix_token_ids_sha256": "00f571b18dc6a51494199d61d965edfb765642f3f7ae9d8e5b1f40f2ac47f2d6",
          "step": 73
        },
        {
          "prefix_length": 128,
          "prefix_token_ids_sha256": "ea099f05fc60fcfae4956e92bfeebaf39e99229d2f384e60659f17e5d2e1981f",
          "step": 74
        },
        {
          "prefix_length": 129,
          "prefix_token_ids_sha256": "b4b13633fc2bea5ba3e739155b4ae94e09e8c8804f971b33c7f850c118c5d4dd",
          "step": 75
        },
        {
          "prefix_length": 130,
          "prefix_token_ids_sha256": "4c17396d2348df308c89fcbe58777f1630adf820cc26285e51dab47dc0485cc0",
          "step": 76
        },
        {
          "prefix_length": 131,
          "prefix_token_ids_sha256": "470c92d92a876d1ca87c49f96a889898503a83da8817cfd441677166bd3474df",
          "step": 77
        },
        {
          "prefix_length": 132,
          "prefix_token_ids_sha256": "de053bac0c1f5eb3ed49562ab86125af60dd3fb31dd3374b11f981c7af5d3ded",
          "step": 78
        },
        {
          "prefix_length": 133,
          "prefix_token_ids_sha256": "e345ebec54e4407c36d28b8bf54ee903010f5b6e5dfe933731f883132c03dcda",
          "step": 79
        },
        {
          "prefix_length": 134,
          "prefix_token_ids_sha256": "10c94ac069cbfb4ba5173d5a3be6bd083210c7ecb74b6dbd1b16920ff5122e77",
          "step": 80
        },
        {
          "prefix_length": 135,
          "prefix_token_ids_sha256": "6660d30107da2204114a4be7de4b1add5721cde27241121a06c6c827c417f9df",
          "step": 81
        },
        {
          "prefix_length": 136,
          "prefix_token_ids_sha256": "97d5a055ef422321839af047bab63ee6c4003afb6e231b29f5178214fa830958",
          "step": 82
        },
        {
          "prefix_length": 137,
          "prefix_token_ids_sha256": "d22d3e2fb2186f40b4edd5245e33944d7c8ffe67eacff8b44c2e4aaa68ea9648",
          "step": 83
        },
        {
          "prefix_length": 138,
          "prefix_token_ids_sha256": "b3a42a2722c776b95f36b06658e602d67cfce8bfd5b26a9869390b80adbb506b",
          "step": 84
        },
        {
          "prefix_length": 139,
          "prefix_token_ids_sha256": "3c0c1f0dc0bccd69ca24d32b91b577152a5cd95617b800c962045c20e4d97f1c",
          "step": 85
        },
        {
          "prefix_length": 140,
          "prefix_token_ids_sha256": "057bed89e443f26027253fb5668a36991e80416318b1b672386aef40c1ef883a",
          "step": 86
        },
        {
          "prefix_length": 141,
          "prefix_token_ids_sha256": "17b4e9ab833c219a7c6a504159fba5f2aa510ec6081c5a66ce208d529d39d42f",
          "step": 87
        },
        {
          "prefix_length": 142,
          "prefix_token_ids_sha256": "c3a234160b5aeb33bcef279248b262364bac2ccf4e02f95ff48de7ae8fbc323a",
          "step": 88
        },
        {
          "prefix_length": 143,
          "prefix_token_ids_sha256": "c6379cc8d6180b29016ed8c15b4284b6bdbd96a4fc52be8a217ccd72ffc108fe",
          "step": 89
        },
        {
          "prefix_length": 144,
          "prefix_token_ids_sha256": "78f09b8be7755c9b0164d5c94068d5c1fa646301605a9522f835af3c76731317",
          "step": 90
        },
        {
          "prefix_length": 145,
          "prefix_token_ids_sha256": "d9961e3bf1cbbf471e190aacfa9dfaba2cad85460d0576c09caffe9bec192a6d",
          "step": 91
        },
        {
          "prefix_length": 146,
          "prefix_token_ids_sha256": "8666e053bc939b0c08922834bdfa4de12143d79f341be49d2804f33bdec7c8a6",
          "step": 92
        }
      ],
      "generated_answer": "156",
      "generated_token_ids": [
        1401,
        2861,
        264,
        786,
        286,
        7963,
        12822,
        18376,
        291,
        259,
        4287,
        44,
        358,
        1079,
        302,
        7045,
        264,
        786,
        286,
        7963,
        757,
        18376,
        725,
        5233,
        404,
        264,
        786,
        286,
        8713,
        291,
        259,
        4287,
        46,
        301,
        51,
        725,
        5233,
        58,
        10,
        10,
        10,
        790,
        7692,
        291,
        259,
        4287,
        328,
        742,
        50,
        8713,
        301,
        53460,
        7963,
        725,
        4287,
        328,
        48081,
        725,
        5233,
        514,
        743,
        7692,
        291,
        259,
        4287,
        10,
        61,
        532,
        7963,
        514,
        742,
        50,
        8713,
        10,
        61,
        345,
        53,
        54,
        7963,
        301,
        2862,
        44,
        12822,
        18376,
        345,
        53,
        54,
        7963,
        291,
        259,
        4287,
        46,
        65508
      ],
      "generated_tokens": 93,
      "hit_max_new_tokens": false,
      "nonempty_text": true,
      "repetition_onset": null,
      "substantive_text": "To calculate the number of pages James writes in a year, we need to multiply the number of pages he writes per week by the number of weeks in a year.\n\n3 per week:\n\n\nWeeks in a year = 52 weeks\n\nPages pages per year = Pages per week x Weeks in a year\n= 3 pages x 52 weeks\n= 156 pages\n\nTherefore, James writes 156 pages in a year.",
      "teacher_answer": "156",
      "teacher_answer_match": true,
      "teacher_text": "To calculate the number of pages James writes in a year, we need to multiply the number of pages he writes per week by the number of weeks in a year.\n\nPages per week = 3 pages\nWeeks in a year = 52 weeks\n\nTotal pages per year = Pages per week x Weeks in a year\n= 3 pages x 52 weeks\n= 156 pages\n\nTherefore, James writes 156 pages in a year.<|end_turn|>",
      "teacher_valid_answer_tokens": 93,
      "text": "To calculate the number of pages James writes in a year, we need to multiply the number of pages he writes per week by the number of weeks in a year.\n\n3 per week:\n\n\nWeeks in a year = 52 weeks\n\nPages pages per year = Pages per week x Weeks in a year\n= 3 pages x 52 weeks\n= 156 pages\n\nTherefore, James writes 156 pages in a year.<|end_turn|>"
    },
    {
      "ended_naturally": true,
      "example_id": 5,
      "fallback_allowed": true,
      "first_32_teacher_token_match_fraction": 0.875,
      "full_prefix_lengths": [
        93,
        94,
        95,
        96,
        97,
        98,
        99,
        100,
        101,
        102,
        103,
        104,
        105,
        106,
        107,
        108,
        109,
        110,
        111,
        112,
        113,
        114,
        115,
        116,
        117,
        118,
        119,
        120,
        121,
        122,
        123,
        124,
        125,
        126,
        127,
        128,
        129,
        130,
        131,
        132,
        133,
        134,
        135,
        136,
        137,
        138,
        139,
        140,
        141,
        142,
        143,
        144,
        145,
        146,
        147,
        148,
        149,
        150,
        151,
        152,
        153,
        154,
        155,
        156,
        157,
        158,
        159,
        160,
        161,
        162,
        163,
        164,
        165,
        166,
        167,
        168,
        169,
        170,
        171,
        172,
        173,
        174,
        175,
        176,
        177,
        178,
        179,
        180,
        181,
        182,
        183,
        184,
        185,
        186,
        187,
        188,
        189,
        190,
        191,
        192,
        193,
        194,
        195,
        196,
        197,
        198,
        199,
        200,
        201,
        202,
        203,
        204,
        205,
        206,
        207,
        208,
        209,
        210,
        211,
        212,
        213,
        214,
        215,
        216,
        217,
        218,
        219,
        220,
        221,
        222,
        223,
        224,
        225,
        226,
        227,
        228,
        229,
        230,
        231,
        232,
        233,
        234,
        235,
        236,
        237,
        238,
        239,
        240,
        241,
        242,
        243,
        244,
        245,
        246,
        247,
        248,
        249,
        250,
        251,
        252,
        253,
        254,
        255,
        256,
        257,
        258,
        259,
        260,
        261,
        262,
        263,
        264,
        265,
        266,
        267,
        268,
        269,
        270,
        271,
        272,
        273,
        274,
        275,
        276,
        277,
        278,
        279,
        280,
        281,
        282,
        283,
        284,
        285,
        286,
        287,
        288,
        289,
        290,
        291,
        292,
        293,
        294,
        295,
        296,
        297,
        298,
        299
      ],
      "full_prefix_traces": [
        {
          "prefix_length": 93,
          "prefix_token_ids_sha256": "c898dd34fc1ca5b26a92f3c55a57ad54e99e832d756964e239ce926df5a267bd",
          "step": 0
        },
        {
          "prefix_length": 94,
          "prefix_token_ids_sha256": "cee468958bababe01814eb09c6d1ed39b7ff925a07d1f1161e65a5836583557a",
          "step": 1
        },
        {
          "prefix_length": 95,
          "prefix_token_ids_sha256": "2211dfd24914beec703d048ac879c6552c8657460d778b26e0ff7b6ead60e848",
          "step": 2
        },
        {
          "prefix_length": 96,
          "prefix_token_ids_sha256": "d4eae5720cb50f61870e694c226f393bb95395a1ecd5321232b051011e5979ef",
          "step": 3
        },
        {
          "prefix_length": 97,
          "prefix_token_ids_sha256": "069c0620ff48173a796741f2cefad17cc3751a42558f7396fc95bc7c6c98138e",
          "step": 4
        },
        {
          "prefix_length": 98,
          "prefix_token_ids_sha256": "014cb95b6c1018e5376907f85aefc18e29b34031f6b13d01dad249aa0f8f96c9",
          "step": 5
        },
        {
          "prefix_length": 99,
          "prefix_token_ids_sha256": "88e9a4c99d76bbbee0312ab5a5a2010bd845488a7be578c8f2d4f1f1b38b0f5e",
          "step": 6
        },
        {
          "prefix_length": 100,
          "prefix_token_ids_sha256": "8dcbf7ff4fcf8c5a1476c5f824a6a4f78c6b10f5aa7635526024bbcad040abe1",
          "step": 7
        },
        {
          "prefix_length": 101,
          "prefix_token_ids_sha256": "d39e032052ae15fb599a5293bb3a4fefdf816f5ad1e3c76f996d78a20b5ac2ea",
          "step": 8
        },
        {
          "prefix_length": 102,
          "prefix_token_ids_sha256": "2820d1ea5e15975cb007047c85c4b8573b0de3e0b589f8a2365db93ac009892c",
          "step": 9
        },
        {
          "prefix_length": 103,
          "prefix_token_ids_sha256": "e2a6294a7c486ecbc2c4e250b77e07fcc1fb31b3c2a18c5c571d7d691e5c2549",
          "step": 10
        },
        {
          "prefix_length": 104,
          "prefix_token_ids_sha256": "6aa106608eab49f87befe9c4a2af236564d718a2e7f13ef923e4dc2274030f21",
          "step": 11
        },
        {
          "prefix_length": 105,
          "prefix_token_ids_sha256": "d1cfdbaa9fe8fd2d97b969571839c097f721f0c9af2a5cf0a52aeedf09057123",
          "step": 12
        },
        {
          "prefix_length": 106,
          "prefix_token_ids_sha256": "c70a19e9491eafd4665445959bc31c6b3887f238844e944b6445597e0c20c3dd",
          "step": 13
        },
        {
          "prefix_length": 107,
          "prefix_token_ids_sha256": "e322f3b19803fa238cb6a3052344cd003167cccd4ad18a3e91a6a29f9c07beb8",
          "step": 14
        },
        {
          "prefix_length": 108,
          "prefix_token_ids_sha256": "1e5e42236f4328fdfba874c45c6b40eb8c78c493d38d7e17dd160b979a2a1572",
          "step": 15
        },
        {
          "prefix_length": 109,
          "prefix_token_ids_sha256": "caa91639379bb96f81508a35b1cf96154dac6f0fbefa067be29cfd7a118f7788",
          "step": 16
        },
        {
          "prefix_length": 110,
          "prefix_token_ids_sha256": "e97680094a6ba27460bfa1e1649f5fdd43a70c69a1b55fffe3bbff4ccb9218fa",
          "step": 17
        },
        {
          "prefix_length": 111,
          "prefix_token_ids_sha256": "1402d6b12bf3a1a377a15fc635c6a313b59b1c00169f9dca8c0e3ed46ca7d4e4",
          "step": 18
        },
        {
          "prefix_length": 112,
          "prefix_token_ids_sha256": "501129ae694d3467ffc6c0002c6cf2d1eb0a97ef4be83117d88af28598332f3e",
          "step": 19
        },
        {
          "prefix_length": 113,
          "prefix_token_ids_sha256": "51e0caf7a75c4a57edbe1d4bd8abb48d5d434c09d96f6fd905703ff80807bbee",
          "step": 20
        },
        {
          "prefix_length": 114,
          "prefix_token_ids_sha256": "70f4648371cccbb5fe54d6b7d1074f4df1bd0e851fd626ccb85481514eba4491",
          "step": 21
        },
        {
          "prefix_length": 115,
          "prefix_token_ids_sha256": "ed47a1527c3c74ba458daed8f1e6f6d773899ee8340cc7104be4ff9553350ce6",
          "step": 22
        },
        {
          "prefix_length": 116,
          "prefix_token_ids_sha256": "eda8eb9fe0b85b330b6babb760c68005522580f2322d08a26b372af34ecb21df",
          "step": 23
        },
        {
          "prefix_length": 117,
          "prefix_token_ids_sha256": "03e11c4d9088148aa2dee677e878fe106ede018057c9de3bf7f81c9f851350e9",
          "step": 24
        },
        {
          "prefix_length": 118,
          "prefix_token_ids_sha256": "fbed745a75057a580e6222dd6b0ecf08baa9bd620c25a50791613c682a165238",
          "step": 25
        },
        {
          "prefix_length": 119,
          "prefix_token_ids_sha256": "0d8e143d4a0e7cb99e57cfb7f3b36309a4600b66fa33c7d824bfa3a7c9209eb5",
          "step": 26
        },
        {
          "prefix_length": 120,
          "prefix_token_ids_sha256": "1f69941fbeb2e687b93bc238f4182d8e0f7f174d514815f11be10ca0728a06c9",
          "step": 27
        },
        {
          "prefix_length": 121,
          "prefix_token_ids_sha256": "588d11a00336b86aaa46435bfb6efcf6093abee4068a54ba27d3b7c5dfecad28",
          "step": 28
        },
        {
          "prefix_length": 122,
          "prefix_token_ids_sha256": "e833cbf03f3c9175f0c724e592b363d0e875af45bcc0a0ec536ca6187f4d66e9",
          "step": 29
        },
        {
          "prefix_length": 123,
          "prefix_token_ids_sha256": "02c9abad3462b72ffb2257fa156dd902f6cd1dfb4867cc11bf02949918e88e29",
          "step": 30
        },
        {
          "prefix_length": 124,
          "prefix_token_ids_sha256": "be3247e5dbe67e79071cf1d5ad3088cfa4e26dcbf89afa17f6e302be5562e624",
          "step": 31
        },
        {
          "prefix_length": 125,
          "prefix_token_ids_sha256": "c04459e714fb9135fd09dd75bf1ef3b273d4787d56edceb3bdf4044f5a288383",
          "step": 32
        },
        {
          "prefix_length": 126,
          "prefix_token_ids_sha256": "19f3a6ae2b723f3c0c21ff098da1088b25606d716b6ad2662bcef1c6861bdfd0",
          "step": 33
        },
        {
          "prefix_length": 127,
          "prefix_token_ids_sha256": "9d56018fbc795a0ff964f690395dc1f6d8ec568b581ca058f2231fafd9488920",
          "step": 34
        },
        {
          "prefix_length": 128,
          "prefix_token_ids_sha256": "d60b3295c6c7d994f10568efbd7dbd9ed8d66b3473ddfc227d5adcd80f519d86",
          "step": 35
        },
        {
          "prefix_length": 129,
          "prefix_token_ids_sha256": "f9387587e55ccfa6b074df5597e96fe25ed05c1abde6a257da28bf692dc554b0",
          "step": 36
        },
        {
          "prefix_length": 130,
          "prefix_token_ids_sha256": "d3fed81f44c888c18d39fe95444b6d4c1138748a82448f59734e5345a7b2b5c8",
          "step": 37
        },
        {
          "prefix_length": 131,
          "prefix_token_ids_sha256": "a4201df56a0cc1d7bb9dadca5d34fba43edf20296731bd8c26f625960e5fdae4",
          "step": 38
        },
        {
          "prefix_length": 132,
          "prefix_token_ids_sha256": "291242ea659904eed53aa899556034a0afee28e16134f07fb43c7d91ea2d1a60",
          "step": 39
        },
        {
          "prefix_length": 133,
          "prefix_token_ids_sha256": "1e86a10e5829d22c2b4ee8582b5934aaa4e526eab4fe70408a5dec420023dde4",
          "step": 40
        },
        {
          "prefix_length": 134,
          "prefix_token_ids_sha256": "483da5256bece1b0ba8802310df4436ace82c060bb9917e2311ca1f108849522",
          "step": 41
        },
        {
          "prefix_length": 135,
          "prefix_token_ids_sha256": "a439ef449e0a6ef71d5a649fc71bf534e0425bddb1e96e83ddbe7ba4863f1fc5",
          "step": 42
        },
        {
          "prefix_length": 136,
          "prefix_token_ids_sha256": "94756bd1aaf74a70031bbde75aff48dbd4efc7eeeeacfaf7ece52a8aaa4a1c11",
          "step": 43
        },
        {
          "prefix_length": 137,
          "prefix_token_ids_sha256": "bb3206a7208ee46874b97704b05b4ef1ab83583d2e1096932bf58379c0195a57",
          "step": 44
        },
        {
          "prefix_length": 138,
          "prefix_token_ids_sha256": "833f62f4d589bf095d618b0f358849874a5d735182c2e08ed53d791e4bf510fa",
          "step": 45
        },
        {
          "prefix_length": 139,
          "prefix_token_ids_sha256": "44a552ea76c02313c3379b57324318d1c252ac6b509c10e779629cb2f0fc88a0",
          "step": 46
        },
        {
          "prefix_length": 140,
          "prefix_token_ids_sha256": "87c3e8c9ff66a8cc2130cc0e17eae2c16a18ffb5f50ffdd8a670d47c57f16f1c",
          "step": 47
        },
        {
          "prefix_length": 141,
          "prefix_token_ids_sha256": "9136a0184ca358609409f99f26142f2b6fbd0d796039bcf366e7e5ac919f9d64",
          "step": 48
        },
        {
          "prefix_length": 142,
          "prefix_token_ids_sha256": "7b9b2762422e1c30f3b0ce64e0825a0cc2a8876e8f11e9c82126abcab0ce9f6d",
          "step": 49
        },
        {
          "prefix_length": 143,
          "prefix_token_ids_sha256": "f73ce7d0888f5da35943304e59fc7c36609d3598390a8900803f493236e21fbf",
          "step": 50
        },
        {
          "prefix_length": 144,
          "prefix_token_ids_sha256": "c34f4ea7751c7fae654af700414d742a83371febbf692237763cdbf9299fa39d",
          "step": 51
        },
        {
          "prefix_length": 145,
          "prefix_token_ids_sha256": "3316f5f7ab0013c32c390cc289ef7c82c4e7e4e446e31471f9e85ad6e97c29a6",
          "step": 52
        },
        {
          "prefix_length": 146,
          "prefix_token_ids_sha256": "a22ed064e4d9241175c2e4d1b74cc38e792e1c3696a9b2bd889902f4ff90ceb6",
          "step": 53
        },
        {
          "prefix_length": 147,
          "prefix_token_ids_sha256": "5294e766703bd906859c6ac467446938ac90a85ef96b8c14cda1b651b4cd2dd1",
          "step": 54
        },
        {
          "prefix_length": 148,
          "prefix_token_ids_sha256": "83b57290ca103dda646130c2fa794da129efe9693d2a4c93b8f76f80e00ecc2f",
          "step": 55
        },
        {
          "prefix_length": 149,
          "prefix_token_ids_sha256": "ca55bf58d39723d68156010fac2bc9807fe1bc80931be24cadf50587a35bd408",
          "step": 56
        },
        {
          "prefix_length": 150,
          "prefix_token_ids_sha256": "0962da59eaa3782b7cdc0bcc2d8fbc5ee9dad144933dea4b7ec39581d93ed82b",
          "step": 57
        },
        {
          "prefix_length": 151,
          "prefix_token_ids_sha256": "b17a44d8dc7e8d078dec2668c055fcad619ffd68047b50f519fac806fe9b9951",
          "step": 58
        },
        {
          "prefix_length": 152,
          "prefix_token_ids_sha256": "2c82ae20116dfe94bb82e222767ede92a2bc81c97533337b0bef0a0fbaa83f30",
          "step": 59
        },
        {
          "prefix_length": 153,
          "prefix_token_ids_sha256": "65fa8c1733c67499c9db6942e244aa516bc91fa4b07e15f750132daae5f3410b",
          "step": 60
        },
        {
          "prefix_length": 154,
          "prefix_token_ids_sha256": "93ccdbb5cdc71bd1aadaec7ac184f4ffeed0042cd2c1ccaf01e7ff3c777dbe63",
          "step": 61
        },
        {
          "prefix_length": 155,
          "prefix_token_ids_sha256": "1fb5abce6d741463214cf2e49ae293431b777596fc5ba8cf16064f05c9d8dabf",
          "step": 62
        },
        {
          "prefix_length": 156,
          "prefix_token_ids_sha256": "8e43e0aaa4d826eccfbbff4fd6ca09882732a114af959d5689e39a86092ed625",
          "step": 63
        },
        {
          "prefix_length": 157,
          "prefix_token_ids_sha256": "ebd2464c1c44ed51b741162f2fa12c08a95ae097da7561ba427a4fd0d69af652",
          "step": 64
        },
        {
          "prefix_length": 158,
          "prefix_token_ids_sha256": "5d5cbad56d3266e725bce16b9865ffacd55a75899d86b7b3f5151a1f4fe54156",
          "step": 65
        },
        {
          "prefix_length": 159,
          "prefix_token_ids_sha256": "bf7d87e3b740fef95043c2a66c930dfd2fcb9733dbc47bb657538b2252f87deb",
          "step": 66
        },
        {
          "prefix_length": 160,
          "prefix_token_ids_sha256": "fcf9d52afa31c0fbc182eb3c5ff7d98b07222249765a4479f2ebcb787fbe91f7",
          "step": 67
        },
        {
          "prefix_length": 161,
          "prefix_token_ids_sha256": "b8a14260b462eae6a35dc600871d6c8649465b6549427bfb2fde41909e53569e",
          "step": 68
        },
        {
          "prefix_length": 162,
          "prefix_token_ids_sha256": "a523b8e079885eab7465a223a20e7be6014a4b11de257206362c162f611bcfde",
          "step": 69
        },
        {
          "prefix_length": 163,
          "prefix_token_ids_sha256": "fd897ae28d25859aab6f11e2ae360a833c3b49d67f9ea6f83927e96c14431d3b",
          "step": 70
        },
        {
          "prefix_length": 164,
          "prefix_token_ids_sha256": "62c7a2ec8a75141f0f72bb4e038f32a4069c3f24b5c3f52c8c4a3c6d3c1edd9a",
          "step": 71
        },
        {
          "prefix_length": 165,
          "prefix_token_ids_sha256": "1f53a2ff1a3f7c9cfebf35dd12985a2ddc0f307e66e4e26d867630089512983e",
          "step": 72
        },
        {
          "prefix_length": 166,
          "prefix_token_ids_sha256": "792860ebdc066d77a561adaf3a599a376bade4186a94260fe09d1c55457de1fb",
          "step": 73
        },
        {
          "prefix_length": 167,
          "prefix_token_ids_sha256": "9767fe18cc1c4e0f06ddfd4ecb412c70a1707cd3dc66bfe537ef5fb08e8b2a5e",
          "step": 74
        },
        {
          "prefix_length": 168,
          "prefix_token_ids_sha256": "5ff9bd397fbb07740cc6ac43d6716f94c4350de7ad4ea5994a96499b6d21291e",
          "step": 75
        },
        {
          "prefix_length": 169,
          "prefix_token_ids_sha256": "59635da647ac172f9514ff4597d1b441b6f49942c87f95605a2ae00c8ff97255",
          "step": 76
        },
        {
          "prefix_length": 170,
          "prefix_token_ids_sha256": "e132a40304130b1274cb3c8d1dad45aa21bb73f676aa3dca2dcb5c5178868d79",
          "step": 77
        },
        {
          "prefix_length": 171,
          "prefix_token_ids_sha256": "e57070f727405651fbb3fdcdc5f330e1bf98d6a00524e4c778a2bf0e8db8740d",
          "step": 78
        },
        {
          "prefix_length": 172,
          "prefix_token_ids_sha256": "57c033c0408a3f960ec7c1ae5530ba86d46ff13d2c42447d2ecbcf83e40ac4c7",
          "step": 79
        },
        {
          "prefix_length": 173,
          "prefix_token_ids_sha256": "5f37146dde9b66ba5cc04b32375dfd5f6d6205ac166228cfd42474ebade3eb2e",
          "step": 80
        },
        {
          "prefix_length": 174,
          "prefix_token_ids_sha256": "75d9ecaa4de3281c76a29ad925a9264fa29df3e7cce252e43e4f2a0bdeed2571",
          "step": 81
        },
        {
          "prefix_length": 175,
          "prefix_token_ids_sha256": "467decf7e35b94d33b63896d5bd40e042a8a3ca5f819aad552c08a760414663b",
          "step": 82
        },
        {
          "prefix_length": 176,
          "prefix_token_ids_sha256": "4264efa035f4ee6ab8c4814c03d523355566f7b41c10210f8e90ed8c65cba396",
          "step": 83
        },
        {
          "prefix_length": 177,
          "prefix_token_ids_sha256": "b48f2355871f9f37a7aa53f87d8ff8b989f3674535ca84c29fd810d623a438e5",
          "step": 84
        },
        {
          "prefix_length": 178,
          "prefix_token_ids_sha256": "37db3f9f6609fbb6fa3232f0ad63e3205f670ef7c1d603afe405c22adf78564c",
          "step": 85
        },
        {
          "prefix_length": 179,
          "prefix_token_ids_sha256": "dcc98093dfcd599d813eb2a294745a1af44eaef5b75a9adc44ec0ef7e480b976",
          "step": 86
        },
        {
          "prefix_length": 180,
          "prefix_token_ids_sha256": "89bad902e3f307055cc8c7a7070849b2587f29d7fc881ddb405746023aee252c",
          "step": 87
        },
        {
          "prefix_length": 181,
          "prefix_token_ids_sha256": "e3c5ddd0b0203b7e8c71571cbffcfa4e5d346ce2340eec76b517c34a384f127c",
          "step": 88
        },
        {
          "prefix_length": 182,
          "prefix_token_ids_sha256": "73968d84809fbf0c0de3bbcd67f2721535f76b5ce43dbb13ad1843f1a5598ee7",
          "step": 89
        },
        {
          "prefix_length": 183,
          "prefix_token_ids_sha256": "22c8ac10be81511ad83eede3d224337fd4701089d2eb4b774166bb65fad8f87b",
          "step": 90
        },
        {
          "prefix_length": 184,
          "prefix_token_ids_sha256": "8bd3bcdafd01e5c6625c6f8d2775adc69fe417f5d0aae1e9f313ba5b0d027977",
          "step": 91
        },
        {
          "prefix_length": 185,
          "prefix_token_ids_sha256": "f6a982999da19be64627688281ecfcaf28fea492cedbb5429ad467d9becb50ae",
          "step": 92
        },
        {
          "prefix_length": 186,
          "prefix_token_ids_sha256": "360be528e6103fc954e1994af21946dd68885238ff63e04056caea59f8a62a09",
          "step": 93
        },
        {
          "prefix_length": 187,
          "prefix_token_ids_sha256": "0b85e28150ed334bf7dcf33d27a45d4416d9c8cd50e0dd79d2b2dc3a7df9bcd4",
          "step": 94
        },
        {
          "prefix_length": 188,
          "prefix_token_ids_sha256": "9ce59aea19c5321ad2a4942f2b80a52c2389345cafcd3623c13860449b823642",
          "step": 95
        },
        {
          "prefix_length": 189,
          "prefix_token_ids_sha256": "ea7bd85defd0d93ebdeb13f5d288c0194dbc66d934025a80cec1050b21ee6ea0",
          "step": 96
        },
        {
          "prefix_length": 190,
          "prefix_token_ids_sha256": "43fd6a2602ffdb6937c193bc4dde6f9d224418597eb63eb065b00db8cafafba3",
          "step": 97
        },
        {
          "prefix_length": 191,
          "prefix_token_ids_sha256": "dca9196764777638eb664b4cfecbcd5704f6ab84aeb0ff821f51b6066a713a6f",
          "step": 98
        },
        {
          "prefix_length": 192,
          "prefix_token_ids_sha256": "06df9797d4f0e3fe7eec83834ceed4380666fceca50fb1e6abad3779037345ae",
          "step": 99
        },
        {
          "prefix_length": 193,
          "prefix_token_ids_sha256": "373be1babfc2145c409a683e1c3361e66dfdfbbf523b3bb7d29b62e666c2149a",
          "step": 100
        },
        {
          "prefix_length": 194,
          "prefix_token_ids_sha256": "abb863f0efc9934e99da23f8797d8d6a2f3cc8389894dac7875ed1f639017f61",
          "step": 101
        },
        {
          "prefix_length": 195,
          "prefix_token_ids_sha256": "0321cfc0c59ca08a4ce285edbafd61996df89a4e2abd7fc75be640caaedef5c5",
          "step": 102
        },
        {
          "prefix_length": 196,
          "prefix_token_ids_sha256": "8f4e4fe1700504b92421392f14ff04b2cef76b5e127099edff1ca6f6201665a2",
          "step": 103
        },
        {
          "prefix_length": 197,
          "prefix_token_ids_sha256": "e4782665b86fc9cad2dcb2440cec3ed828c0ec98c71c84fc46fae12a1a84fa51",
          "step": 104
        },
        {
          "prefix_length": 198,
          "prefix_token_ids_sha256": "5d877bd7933295ad1b119674572a8744a9f0a32ecb5a4f55b87892514aa93740",
          "step": 105
        },
        {
          "prefix_length": 199,
          "prefix_token_ids_sha256": "a1eded486694c20d2bd6378f434ff72f231f1f8b5b81b7224fa5edf5d2bf5322",
          "step": 106
        },
        {
          "prefix_length": 200,
          "prefix_token_ids_sha256": "d0ea3dd895153d4b5eff982d0d3ff9b8317371b1df57c8fa61f719a4da1b6a75",
          "step": 107
        },
        {
          "prefix_length": 201,
          "prefix_token_ids_sha256": "18dc189f0972426224a08deb43dd34ced20fd031462aee0b1dcfd77cbb1365be",
          "step": 108
        },
        {
          "prefix_length": 202,
          "prefix_token_ids_sha256": "2bbed3efd506b0a207265ec3f20a3bbad6ebd87dd23f76e175638e56336b6d7d",
          "step": 109
        },
        {
          "prefix_length": 203,
          "prefix_token_ids_sha256": "7d05bc5febeb10165ad7cd3494947868f657115b63aa103c71230d9beb0ec22e",
          "step": 110
        },
        {
          "prefix_length": 204,
          "prefix_token_ids_sha256": "09d1edd4abac86c92d8a81230d174b45a04e9739214d3a172c0e04b653e14722",
          "step": 111
        },
        {
          "prefix_length": 205,
          "prefix_token_ids_sha256": "3179feba0935b3e88ec6feda29ea9aad8e9422fe10e8301a18472a814f434588",
          "step": 112
        },
        {
          "prefix_length": 206,
          "prefix_token_ids_sha256": "bc48a49fd95c57fb4e67902c35d2d33983bef9f8a464bcd1a96bc432a8578fab",
          "step": 113
        },
        {
          "prefix_length": 207,
          "prefix_token_ids_sha256": "f0e327da100e992a2977b6032f14125eefed08534132e7e86c00d7b05784a3c6",
          "step": 114
        },
        {
          "prefix_length": 208,
          "prefix_token_ids_sha256": "0879531cf98b26ac2eed9ce3eafb3db40587203206bdbeb088d2536a84ce722e",
          "step": 115
        },
        {
          "prefix_length": 209,
          "prefix_token_ids_sha256": "d1f2fd188540399e8d8c9e3dc14a1af3459e5945bb536009463e1be0eaa03b41",
          "step": 116
        },
        {
          "prefix_length": 210,
          "prefix_token_ids_sha256": "c211aae04ee14b04bcc1706acdfb1b295dfe035fd4915ff6e3bf6c2750f8358e",
          "step": 117
        },
        {
          "prefix_length": 211,
          "prefix_token_ids_sha256": "15caf5e413f442d670cb0d19408ed7f50cb9b2bd82d3588479fb2949db4f7668",
          "step": 118
        },
        {
          "prefix_length": 212,
          "prefix_token_ids_sha256": "3b37a9d3bf51bb85837c16e1bf2b5f577c0eb056d68d79553049f15e8b853057",
          "step": 119
        },
        {
          "prefix_length": 213,
          "prefix_token_ids_sha256": "5499611215784b6c260c925d7df3a36f7be5d29b1e33ad6f397aaf1bed0e64df",
          "step": 120
        },
        {
          "prefix_length": 214,
          "prefix_token_ids_sha256": "aa9dc5d5f79b7d29346f64e83453816e77e4fd52a0b0825da13d48f30fd96c61",
          "step": 121
        },
        {
          "prefix_length": 215,
          "prefix_token_ids_sha256": "643cc98face5c189d4804ff2d98d552e114bb6e5dbc9b51caa8e31ee5c7cc33c",
          "step": 122
        },
        {
          "prefix_length": 216,
          "prefix_token_ids_sha256": "f0fb1a0590c8dce74839698494f6ace75aa77f628ca010c293a7292d823cdee2",
          "step": 123
        },
        {
          "prefix_length": 217,
          "prefix_token_ids_sha256": "c81d9abee9ad931d0544f2b5922c4401af4050f9562cf531f1662214aad4f6bb",
          "step": 124
        },
        {
          "prefix_length": 218,
          "prefix_token_ids_sha256": "cbb94446bbcfc0030c2602396011c6aedbafd26977fe6422e0e34057ecbcce19",
          "step": 125
        },
        {
          "prefix_length": 219,
          "prefix_token_ids_sha256": "491d0e25e8228c0bac6659538007c168dec029d5b6578776bccc5d94bcda5a17",
          "step": 126
        },
        {
          "prefix_length": 220,
          "prefix_token_ids_sha256": "634d99198c4f3461c79c933b0bc4033c195925395116ae3ca17f1ce243d50324",
          "step": 127
        },
        {
          "prefix_length": 221,
          "prefix_token_ids_sha256": "1868e568f395a5bb0c3c9c0d1a00cd964a66e5d914df07a03c2e99e26ceec01a",
          "step": 128
        },
        {
          "prefix_length": 222,
          "prefix_token_ids_sha256": "abdf0524b27865f39a936d85da8ee5304fc8b9b43463a8277bbb9432d7fbf9bb",
          "step": 129
        },
        {
          "prefix_length": 223,
          "prefix_token_ids_sha256": "a1b25a34b9b035cfc580f20276cb93e5b7ce7f68102f72593d010c7713ec8e9e",
          "step": 130
        },
        {
          "prefix_length": 224,
          "prefix_token_ids_sha256": "76783a55c65777e7a7ce2a6bbd3f51f4be15dc3ea7bc61aaa92d6d46927e7212",
          "step": 131
        },
        {
          "prefix_length": 225,
          "prefix_token_ids_sha256": "ea039d4e7da418384e1c4fa251010d79ebd113a1d4c11c6421b0d8da3b762084",
          "step": 132
        },
        {
          "prefix_length": 226,
          "prefix_token_ids_sha256": "a94e6b0e4d598ab112d5a9504eaa1b36cd336a27875e2c6151b6923f18a6b460",
          "step": 133
        },
        {
          "prefix_length": 227,
          "prefix_token_ids_sha256": "b70de82db504ddf64504357830bb265ba2cb78cf0338d9c2d44d81508998a47a",
          "step": 134
        },
        {
          "prefix_length": 228,
          "prefix_token_ids_sha256": "b3fe3e9d9759a48a6395215d2debd71cc58695861a0bb755d7531cca95275221",
          "step": 135
        },
        {
          "prefix_length": 229,
          "prefix_token_ids_sha256": "4af849ff99e6d848680c4de7206ef9816ef2e85178b931c6cf659eae2e2be256",
          "step": 136
        },
        {
          "prefix_length": 230,
          "prefix_token_ids_sha256": "96c0e4ede45070aba908ef664f28b9c86a9f314d5b5979a9821c731910c0b185",
          "step": 137
        },
        {
          "prefix_length": 231,
          "prefix_token_ids_sha256": "f0693e8de44b02af4e7e8b0273a68e34d876c8c2a2357870f2da2649e6d0cab2",
          "step": 138
        },
        {
          "prefix_length": 232,
          "prefix_token_ids_sha256": "a46cb8982825164b307a774291e3623cc56b1f65b37d835d9a0861d071fa17d3",
          "step": 139
        },
        {
          "prefix_length": 233,
          "prefix_token_ids_sha256": "e065f075f837124985cdcd73a3694f1e4102d720740cee8cd63ad0a1f0e1408f",
          "step": 140
        },
        {
          "prefix_length": 234,
          "prefix_token_ids_sha256": "6a55f61f00f8d62bccf0460f6dd9af1502ef28d9baaac6fba4baeeb456ecf581",
          "step": 141
        },
        {
          "prefix_length": 235,
          "prefix_token_ids_sha256": "8cf95640f0651e42f54999e7bc16f26561d8fdd957b7aa63706d256e846ab69b",
          "step": 142
        },
        {
          "prefix_length": 236,
          "prefix_token_ids_sha256": "d2a6744461567baad10b75b58861d7ca492e848b3b64e83b12fac6d04e14da65",
          "step": 143
        },
        {
          "prefix_length": 237,
          "prefix_token_ids_sha256": "feb3180f25bb35f720a222e035e8ce65ec6304ffee4d2af73c517d393038b821",
          "step": 144
        },
        {
          "prefix_length": 238,
          "prefix_token_ids_sha256": "0e5b72745633042e3736ac3f4229ab1f6de1c61e4910d7c9ff7442c69ed0154e",
          "step": 145
        },
        {
          "prefix_length": 239,
          "prefix_token_ids_sha256": "0a2a0a5928279276c9aa630a8f4349ecfbc62e6b6fa537b5b69c925c7ddac12c",
          "step": 146
        },
        {
          "prefix_length": 240,
          "prefix_token_ids_sha256": "6d0c226fcb7b358eaf16f3501f3709b59e15dd3c54978fc0f26e5b9929b5e5f9",
          "step": 147
        },
        {
          "prefix_length": 241,
          "prefix_token_ids_sha256": "3b33e72466d87ae409c948b21db67a6b39c24861582d1e4e6745a5a0068248cb",
          "step": 148
        },
        {
          "prefix_length": 242,
          "prefix_token_ids_sha256": "f0b166b664bb2a19f3810f0a00a7916629c9434bad5a2eed6bd5e9fd67a9a475",
          "step": 149
        },
        {
          "prefix_length": 243,
          "prefix_token_ids_sha256": "19f352aa7690b5a5a7c0fcaebca96230ac0538f5f3b3902651b3f2d3a96787b7",
          "step": 150
        },
        {
          "prefix_length": 244,
          "prefix_token_ids_sha256": "05cc37bf7d5dcf80a3250fe3f2585e7a1251e221427f136238c7fe49dfd6d24c",
          "step": 151
        },
        {
          "prefix_length": 245,
          "prefix_token_ids_sha256": "703b77c22e14d6ed49c092f97a9cbf7f590a7cf3ddcea2df2b39c32fe5202d53",
          "step": 152
        },
        {
          "prefix_length": 246,
          "prefix_token_ids_sha256": "b0a8c71ad9211159792ac778792cad6762bb883eca2e937a0c51e71ae380cdf4",
          "step": 153
        },
        {
          "prefix_length": 247,
          "prefix_token_ids_sha256": "5036ae54b8b4af8bb29c125015e770f477e5fd62b9e2f11dbf833d5231b19ed6",
          "step": 154
        },
        {
          "prefix_length": 248,
          "prefix_token_ids_sha256": "77d159786c86360fd986ddcfab92951c5a30ba31be724ce22fffa4fdd8b57025",
          "step": 155
        },
        {
          "prefix_length": 249,
          "prefix_token_ids_sha256": "f2a018a885c997d2c3c71eafa8a5cf4f4d6271cf59aaecd929c165ff8211a154",
          "step": 156
        },
        {
          "prefix_length": 250,
          "prefix_token_ids_sha256": "545489fdcd0d031a3614557e6b9f9b850680116884511edf80a9bb466f5e8f3c",
          "step": 157
        },
        {
          "prefix_length": 251,
          "prefix_token_ids_sha256": "9b02a9f1b102fa1b1a5125f291853a2e6cf4bff62d2ca138641c1dbde55c0911",
          "step": 158
        },
        {
          "prefix_length": 252,
          "prefix_token_ids_sha256": "d133f673ea96db644cbc90721ea22beaee3919921e65eca4ad13f5ee66072728",
          "step": 159
        },
        {
          "prefix_length": 253,
          "prefix_token_ids_sha256": "864be9985bd8525b25462ec780800a8e3afd0ff19463ee3cda22b276d25b32e2",
          "step": 160
        },
        {
          "prefix_length": 254,
          "prefix_token_ids_sha256": "e49700353615ed53d2030005c238b92a6282c12ff85a6e95980b86db5a677ed0",
          "step": 161
        },
        {
          "prefix_length": 255,
          "prefix_token_ids_sha256": "2028c1df323476dd469062693cdb3ace1d928c5c8c5c178237095dc08e1a9e1a",
          "step": 162
        },
        {
          "prefix_length": 256,
          "prefix_token_ids_sha256": "65cf44cdd3f85a227ff3c3cfa22cb353f264fdd5cf55ae9652f670c1187778f6",
          "step": 163
        },
        {
          "prefix_length": 257,
          "prefix_token_ids_sha256": "fa2822ee04fe9a9019976a84adf5d7de2bf1f4612cb93ecfb4241ea140d5fd12",
          "step": 164
        },
        {
          "prefix_length": 258,
          "prefix_token_ids_sha256": "10e70e678b82831854364f00d1ffc91f73cf31e4d4a9f315fec024e16a09d4f0",
          "step": 165
        },
        {
          "prefix_length": 259,
          "prefix_token_ids_sha256": "fef7c4565b7c02357be234f6bbf008cfb8cd0f93300d3f378884aba7fa93e27a",
          "step": 166
        },
        {
          "prefix_length": 260,
          "prefix_token_ids_sha256": "f85decc4493ab3bf163ed16bf8180337d424f22cad443783cfefc83023f403e9",
          "step": 167
        },
        {
          "prefix_length": 261,
          "prefix_token_ids_sha256": "99c47a11a4a0c9a5cc44fc65989a2b24cccde5c758ffc0854226a017ced978bb",
          "step": 168
        },
        {
          "prefix_length": 262,
          "prefix_token_ids_sha256": "a4e33311c507d460c563b749e85b5e1aaa1cb1cf2ce812d61034d4b90a83c70d",
          "step": 169
        },
        {
          "prefix_length": 263,
          "prefix_token_ids_sha256": "142b9a1cab0510a5c8699f422382b7a6478118f5e8738ec57870bf54f0b29a33",
          "step": 170
        },
        {
          "prefix_length": 264,
          "prefix_token_ids_sha256": "e2de09029c9936e0f0a84872f7d5f19252dc31730fece32043c1c364c6a80e5b",
          "step": 171
        },
        {
          "prefix_length": 265,
          "prefix_token_ids_sha256": "c0396e04f22e1e73ff48fa57dbcaf05c4b2969448c84ad02f5843402cbded693",
          "step": 172
        },
        {
          "prefix_length": 266,
          "prefix_token_ids_sha256": "28971318a49641359bbe24b2eafa9f9c709fa45527a454d0cf6923130fdc974b",
          "step": 173
        },
        {
          "prefix_length": 267,
          "prefix_token_ids_sha256": "c04390aed5ef8ee115ac0ad0bf8786461fc136382d08f5f6fe07df4aafe5cc6e",
          "step": 174
        },
        {
          "prefix_length": 268,
          "prefix_token_ids_sha256": "a8cf21e12ea56f72dae728209ad7428366cf7d80c537095b19f807e8556390dd",
          "step": 175
        },
        {
          "prefix_length": 269,
          "prefix_token_ids_sha256": "bf4dffcf4dff490753a651b6b97bdb6fc94d56cc6b7f0ee0bc3cedd480f7cc50",
          "step": 176
        },
        {
          "prefix_length": 270,
          "prefix_token_ids_sha256": "6c7a06b1f0575a7c3e7c55b1b0d321d59593b5cf91efbafc022f1c3ef8377dc8",
          "step": 177
        },
        {
          "prefix_length": 271,
          "prefix_token_ids_sha256": "a0f4ed29ee9cd193cf76ed82a4008784bd7e38dd605104bb60ab8ffe765a2298",
          "step": 178
        },
        {
          "prefix_length": 272,
          "prefix_token_ids_sha256": "1cd2ec0e38220bddd2a64875ff31aecf66c1c31279b4fcba8c2daf0b855108eb",
          "step": 179
        },
        {
          "prefix_length": 273,
          "prefix_token_ids_sha256": "f37be673bf97cad6cc9e91cbc6dac557188fd17ff0445ef04f09c950d6aa0420",
          "step": 180
        },
        {
          "prefix_length": 274,
          "prefix_token_ids_sha256": "b87566b24ae8fdd07f714547e0017b13a6206953b43dd0e8391128af89662445",
          "step": 181
        },
        {
          "prefix_length": 275,
          "prefix_token_ids_sha256": "7879597198eda8ab4ca69318d4af3695d0a27187b023d384411308c42ce62901",
          "step": 182
        },
        {
          "prefix_length": 276,
          "prefix_token_ids_sha256": "8764638dd59d3a3222a527864e034c2eaf960fb61eff5bf2d6093f924d2cc8a2",
          "step": 183
        },
        {
          "prefix_length": 277,
          "prefix_token_ids_sha256": "83747f5071cffc0a01c0cd57015c482982a27b596e79a2b5162ac316d9885b5d",
          "step": 184
        },
        {
          "prefix_length": 278,
          "prefix_token_ids_sha256": "48a3b0fd7c72b368221d8b776a1599fa3773747e5df844c65dd5083cd52b00b7",
          "step": 185
        },
        {
          "prefix_length": 279,
          "prefix_token_ids_sha256": "da7bf29e43a2f21d34a379da068eb7f2d98669aaac5e08bbdfb77184733e9857",
          "step": 186
        },
        {
          "prefix_length": 280,
          "prefix_token_ids_sha256": "afcb797126bd88e18b790c8e832d759dd42fc76712996f1c1c587c8f7594d6f3",
          "step": 187
        },
        {
          "prefix_length": 281,
          "prefix_token_ids_sha256": "0974b045252da06eeaa56d68fbfad2726ff937a51af8dee0e794406f98393404",
          "step": 188
        },
        {
          "prefix_length": 282,
          "prefix_token_ids_sha256": "25a76446faea16ba4d0ba62a6a8a2cfdcbf0f6fda796e25719c84edfa92c6b1a",
          "step": 189
        },
        {
          "prefix_length": 283,
          "prefix_token_ids_sha256": "bd7273334e3cf5ef65ddf2b1943199c45b6b60fe193c2aa4d9c007b4f4173d19",
          "step": 190
        },
        {
          "prefix_length": 284,
          "prefix_token_ids_sha256": "38609aa241eb17e16ea77a6a41572862b0a4ab1098efd860c172530cecce85bd",
          "step": 191
        },
        {
          "prefix_length": 285,
          "prefix_token_ids_sha256": "99f9f695aab2d3d587b5d4ac6594e0bb0f05fd1898c305b4775a79e4654a7ce4",
          "step": 192
        },
        {
          "prefix_length": 286,
          "prefix_token_ids_sha256": "1f7659cb899eba5d8462b60a3cb68770038b48b3b9d7b1d69968592bfc4bea30",
          "step": 193
        },
        {
          "prefix_length": 287,
          "prefix_token_ids_sha256": "093e44b8fd90901343f8ebc26107bb31ebdb455138115270fd9afdb4b41232c6",
          "step": 194
        },
        {
          "prefix_length": 288,
          "prefix_token_ids_sha256": "95609e19fa6287c8c726bb2865ad343941faca24901fae92d047a36a5a9debaf",
          "step": 195
        },
        {
          "prefix_length": 289,
          "prefix_token_ids_sha256": "880e9478d0d20a8e11bf91ddc3f89a79a7b497a3905293bd600f1e132f1fb592",
          "step": 196
        },
        {
          "prefix_length": 290,
          "prefix_token_ids_sha256": "51d7e2b8a2c47ececba31fecd5fbd61c084621bca72c837bb086ff234f60b6a5",
          "step": 197
        },
        {
          "prefix_length": 291,
          "prefix_token_ids_sha256": "b416a9e95610b91a24b3ce5e28bc40a7775dd5785bef52389960ebe8aa81d4da",
          "step": 198
        },
        {
          "prefix_length": 292,
          "prefix_token_ids_sha256": "c71f8e7cde8da679df121a21aa0ec71b375b55cff55ec2aee2bd0aca47c42661",
          "step": 199
        },
        {
          "prefix_length": 293,
          "prefix_token_ids_sha256": "7ce40868355fab8ed87b28534416762ed9c80e8b8f4fd34d5c79ac353d5cebb1",
          "step": 200
        },
        {
          "prefix_length": 294,
          "prefix_token_ids_sha256": "101e33471059ad4d4de43aef8cd6a3dc74615a14e8e917b552b7765bc0ef264b",
          "step": 201
        },
        {
          "prefix_length": 295,
          "prefix_token_ids_sha256": "35205aca00f74a56b60d85017e5e58e50c01bb134cc6a7ed8cc6dc3b023a12be",
          "step": 202
        },
        {
          "prefix_length": 296,
          "prefix_token_ids_sha256": "f8ed9460e819e518aae4b4cedb77c5a54d8ea9e7ef884b2d02911fd2c54d26c3",
          "step": 203
        },
        {
          "prefix_length": 297,
          "prefix_token_ids_sha256": "898492dfab13985e9b51bb5a7a3b08e2b6f67d3f332860bf30f8e129abc8693f",
          "step": 204
        },
        {
          "prefix_length": 298,
          "prefix_token_ids_sha256": "241002d78232164ca87cd0a57365fd94a402d6b67849b30930b84f94a18943c7",
          "step": 205
        },
        {
          "prefix_length": 299,
          "prefix_token_ids_sha256": "8cfbb8deb60d62c3663303a5a4cd64015652b0685381ad58820224dcf9d74e06",
          "step": 206
        }
      ],
      "generated_answer": "35",
      "generated_token_ids": [
        4612,
        2861,
        264,
        786,
        286,
        14824,
        4495,
        674,
        291,
        1438,
        13580,
        1932,
        58,
        10,
        46,
        37873,
        14824,
        58,
        10,
        48,
        10,
        50,
        46,
        21819,
        3275,
        14824,
        58,
        2827,
        407,
        1056,
        48,
        37,
        908,
        19183,
        14824,
        989,
        11483,
        14824,
        46,
        1798,
        1134,
        264,
        786,
        286,
        19183,
        14824,
        44,
        358,
        7045,
        264,
        786,
        286,
        11483,
        14824,
        404,
        345,
        46,
        1056,
        48,
        58,
        10,
        523,
        31674,
        3275,
        14824,
        328,
        345,
        46,
        1056,
        48,
        848,
        345,
        48,
        328,
        345,
        56,
        10,
        51,
        46,
        8197,
        14824,
        58,
        2827,
        407,
        864,
        742,
        37,
        376,
        1523,
        5398,
        14824,
        376,
        750,
        407,
        11483,
        295,
        19183,
        14824,
        5536,
        46,
        4029,
        44,
        358,
        1079,
        302,
        1134,
        264,
        1543,
        786,
        286,
        11483,
        295,
        19183,
        14824,
        58,
        10,
        523,
        7275,
        11483,
        295,
        19183,
        14824,
        328,
        345,
        48,
        318,
        19768,
        41,
        425,
        345,
        56,
        318,
        27039,
        41,
        328,
        402,
        56,
        10,
        52,
        46,
        8197,
        14824,
        58,
        402,
        53,
        37,
        286,
        402,
        56,
        58,
        349,
        46,
        402,
        53,
        848,
        402,
        56,
        328,
        1048,
        10,
        1928,
        44,
        358,
        1874,
        1095,
        611,
        264,
        14824,
        58,
        10,
        7275,
        14824,
        328,
        37873,
        14824,
        425,
        21819,
        3275,
        14824,
        425,
        8197,
        14824,
        10,
        7275,
        14824,
        328,
        345,
        48,
        425,
        345,
        56,
        425,
        1048,
        328,
        532,
        53,
        10,
        9546,
        674,
        532,
        53,
        14824,
        291,
        1438,
        13580,
        46,
        65508
      ],
      "generated_tokens": 207,
      "hit_max_new_tokens": false,
      "nonempty_text": true,
      "repetition_onset": null,
      "substantive_text": "Let's calculate the number of flowers Mark has in his garden step:\n. Yellow flowers:\n0\n2. Purple flowers: There are 80% more purple flowers than yellow flowers. To find the number of purple flowers, we multiply the number of yellow flowers by 1. 80:\n   Purple flowers = 1. 80 * 10 = 18\n3. Green flowers: There are only 5% as many green flowers as there are yellow and purple flowers combined. First, we need to find the total number of yellow and purple flowers:\n   Total yellow and purple flowers = 10 (yellow) + 18 (purple) = 28\n4. Green flowers: 25% of 28: 0. 25 * 28 = 7\nNow, we add up all the flowers:\nTotal flowers = Yellow flowers + Purple flowers + Green flowers\nTotal flowers = 10 + 18 + 7 = 35\nMark has 35 flowers in his garden.",
      "teacher_answer": "35",
      "teacher_answer_match": true,
      "teacher_text": "Let's calculate the number of flowers Mark has in his garden:\n1. Yellow flowers: 10\n2. Purple flowers: There are 80% more purple flowers than yellow flowers. To find the number of purple flowers, we multiply the number of yellow flowers by 1. 80:\n   Purple flowers = 1. 80 * 10 = 18\n3. Green flowers: There are 25% as many green flowers as there are yellow and purple flowers combined. First, we need to find the total number of yellow and purple flowers:\n   Total yellow and purple flowers = 10 (yellow) + 18 (purple) = 28\n4. Green flowers = 25% of 28 = 0. 25 * 28 = 7\nNow, we add up all the flowers:\nTotal flowers = Yellow flowers + Purple flowers + Green flowers\nTotal flowers = 10 + 18 + 7 = 35\nMark has 35 flowers in his garden.<|end_turn|>",
      "teacher_valid_answer_tokens": 207,
      "text": "Let's calculate the number of flowers Mark has in his garden step:\n. Yellow flowers:\n0\n2. Purple flowers: There are 80% more purple flowers than yellow flowers. To find the number of purple flowers, we multiply the number of yellow flowers by 1. 80:\n   Purple flowers = 1. 80 * 10 = 18\n3. Green flowers: There are only 5% as many green flowers as there are yellow and purple flowers combined. First, we need to find the total number of yellow and purple flowers:\n   Total yellow and purple flowers = 10 (yellow) + 18 (purple) = 28\n4. Green flowers: 25% of 28: 0. 25 * 28 = 7\nNow, we add up all the flowers:\nTotal flowers = Yellow flowers + Purple flowers + Green flowers\nTotal flowers = 10 + 18 + 7 = 35\nMark has 35 flowers in his garden.<|end_turn|>"
    },
    {
      "ended_naturally": true,
      "example_id": 6,
      "fallback_allowed": true,
      "first_32_teacher_token_match_fraction": 0.96875,
      "full_prefix_lengths": [
        83,
        84,
        85,
        86,
        87,
        88,
        89,
        90,
        91,
        92,
        93,
        94,
        95,
        96,
        97,
        98,
        99,
        100,
        101,
        102,
        103,
        104,
        105,
        106,
        107,
        108,
        109,
        110,
        111,
        112,
        113,
        114,
        115,
        116,
        117,
        118,
        119,
        120,
        121,
        122,
        123,
        124,
        125,
        126,
        127,
        128,
        129,
        130,
        131,
        132,
        133,
        134,
        135,
        136,
        137,
        138,
        139,
        140,
        141,
        142,
        143,
        144,
        145,
        146,
        147,
        148,
        149,
        150,
        151,
        152,
        153,
        154,
        155,
        156,
        157,
        158,
        159,
        160,
        161,
        162,
        163,
        164,
        165,
        166,
        167,
        168,
        169,
        170,
        171,
        172,
        173,
        174,
        175,
        176,
        177,
        178,
        179,
        180,
        181,
        182,
        183,
        184,
        185,
        186,
        187,
        188,
        189,
        190,
        191,
        192,
        193
      ],
      "full_prefix_traces": [
        {
          "prefix_length": 83,
          "prefix_token_ids_sha256": "427f704db2136f25ebf87a69f6642df753c6fbde70edc1e1854fc8fcc5945410",
          "step": 0
        },
        {
          "prefix_length": 84,
          "prefix_token_ids_sha256": "1e93d6c49a267884fa2ff1e7480c1077cc3067ab79be829719f633161ce9886d",
          "step": 1
        },
        {
          "prefix_length": 85,
          "prefix_token_ids_sha256": "4c1528bc74e6b018615c00d989b12104c0108e99540532b880ac69d7640ee1c4",
          "step": 2
        },
        {
          "prefix_length": 86,
          "prefix_token_ids_sha256": "d2a6b72522bc29a7ce8a43de544a422d55b2f39dde118f17a387f86fa6077128",
          "step": 3
        },
        {
          "prefix_length": 87,
          "prefix_token_ids_sha256": "0fce12af8668467be64f3a6b8fc5b64498bef20ba43b3604a135bc15dee234d4",
          "step": 4
        },
        {
          "prefix_length": 88,
          "prefix_token_ids_sha256": "56110237a5a102b06d08ee440b5b93c32c74573d09a33523d381fa6e5c509813",
          "step": 5
        },
        {
          "prefix_length": 89,
          "prefix_token_ids_sha256": "d85962b5f60db375817d523664faac075c474f77212dac9a63155dcdbf388bf1",
          "step": 6
        },
        {
          "prefix_length": 90,
          "prefix_token_ids_sha256": "cf1ce25942cc32cd3a2256a2c77711d50cf91c495dad273a6c822bc4b2e8c51f",
          "step": 7
        },
        {
          "prefix_length": 91,
          "prefix_token_ids_sha256": "d669ab62e85be5b82dfc800969d078576addca20730bc2707ea642b40a851470",
          "step": 8
        },
        {
          "prefix_length": 92,
          "prefix_token_ids_sha256": "6e1f0e60f9caec47945b65256bddfa168963d8e6c22a8a39be324e46052f703b",
          "step": 9
        },
        {
          "prefix_length": 93,
          "prefix_token_ids_sha256": "f8c945dc3df3baa497ba7ef231eb6d564603de55f1f408c216b6a9276ae84c64",
          "step": 10
        },
        {
          "prefix_length": 94,
          "prefix_token_ids_sha256": "bde3488c9f4b59772faa34326d8790614f1e7fba0e17ceea8bf91c915e66a4b3",
          "step": 11
        },
        {
          "prefix_length": 95,
          "prefix_token_ids_sha256": "b3aaf1945ec3bf6b0be47e0529bb9e0c0903edff82364a5f1d47e8e677d714ef",
          "step": 12
        },
        {
          "prefix_length": 96,
          "prefix_token_ids_sha256": "c355e9b0be3f562a99a54aa60242f968472507090cfa19c77dc29bddac2e3b05",
          "step": 13
        },
        {
          "prefix_length": 97,
          "prefix_token_ids_sha256": "d1a92729389b5ca161bbc3aac8f69715f162746c685481366f45aa561a6b1d19",
          "step": 14
        },
        {
          "prefix_length": 98,
          "prefix_token_ids_sha256": "4f84970fe5e8303103bf8b44aab9f9cf96fd76cabe7ba0730c082809039b82c2",
          "step": 15
        },
        {
          "prefix_length": 99,
          "prefix_token_ids_sha256": "1d52f6af1da12f39ad73880377de44b54b5db493a5543141219c289bfd3eb3e7",
          "step": 16
        },
        {
          "prefix_length": 100,
          "prefix_token_ids_sha256": "d6dbf4bf0914f8efb6e7276df52dde1c322e9e5774c54f7dfe6be9d75875d8be",
          "step": 17
        },
        {
          "prefix_length": 101,
          "prefix_token_ids_sha256": "4b6b3ce7a9ed2ac94a1c043c5ffeebd7061532603ffdf87db006b11d2436f6f2",
          "step": 18
        },
        {
          "prefix_length": 102,
          "prefix_token_ids_sha256": "bbd336b23f4c22ed764fdaff8a92d1dd28e3d15757b0fdea13ab4f77b1e74504",
          "step": 19
        },
        {
          "prefix_length": 103,
          "prefix_token_ids_sha256": "f71557ae11e207b0230b15c35ed3da6c0e6d9e2141efd1b25f88f47f9e25d456",
          "step": 20
        },
        {
          "prefix_length": 104,
          "prefix_token_ids_sha256": "bee2042bfcec5400e3d130d9d1fb99d2c9a345f280a1ff3a0b54c708cf529123",
          "step": 21
        },
        {
          "prefix_length": 105,
          "prefix_token_ids_sha256": "a435ba148f349ba633f0f356a9f3825c0b9444637d2f10bddc23ea8877ed7458",
          "step": 22
        },
        {
          "prefix_length": 106,
          "prefix_token_ids_sha256": "c5c64e1e3275075dccdbfb8efb5e0688e2d85d318c41c8126d531b01167a22ca",
          "step": 23
        },
        {
          "prefix_length": 107,
          "prefix_token_ids_sha256": "6f261035585c233982368a441ed28d2d6bf2f4db9a92a6674e891a108b87118f",
          "step": 24
        },
        {
          "prefix_length": 108,
          "prefix_token_ids_sha256": "b97eb23f5afa11d14c3fb93f41087cff079d8e5a7ec47e4e97e44cbaa25f5328",
          "step": 25
        },
        {
          "prefix_length": 109,
          "prefix_token_ids_sha256": "81d13a97607262728e1ad598cbcc8e2e58db164cb6235711beb48ea9e173d299",
          "step": 26
        },
        {
          "prefix_length": 110,
          "prefix_token_ids_sha256": "250bbe1a216dac2ed7388785b700cd671e251c01895bffeafefa1404d38364fc",
          "step": 27
        },
        {
          "prefix_length": 111,
          "prefix_token_ids_sha256": "4f0ee17361612206cda09be05399402676e7923fc14c6feb7f7e3771bd8a9888",
          "step": 28
        },
        {
          "prefix_length": 112,
          "prefix_token_ids_sha256": "6039255880bd82971c524de9a732341c3b13104b4713a503c272fbdaec376b0b",
          "step": 29
        },
        {
          "prefix_length": 113,
          "prefix_token_ids_sha256": "2993c73acd055f6c652107d881734e0386c1001f77445f13938048d929c7d17b",
          "step": 30
        },
        {
          "prefix_length": 114,
          "prefix_token_ids_sha256": "549e38367525378d844c78620226eb98e2453003c9829fa0e0bfa222541ebfb2",
          "step": 31
        },
        {
          "prefix_length": 115,
          "prefix_token_ids_sha256": "e57935766e1ff38917edb14b26d460e0dcee5b9ffe492b1cb4a4617d5b6f31b5",
          "step": 32
        },
        {
          "prefix_length": 116,
          "prefix_token_ids_sha256": "af829fcda7dd671bea0725faae2c9eedae7614656612d04a13b0a5becbc4145a",
          "step": 33
        },
        {
          "prefix_length": 117,
          "prefix_token_ids_sha256": "a8297ef4f14732207b37d86a7629b3d73bf42cf108c9fd6325f8e35fae74168e",
          "step": 34
        },
        {
          "prefix_length": 118,
          "prefix_token_ids_sha256": "39063c52b6031ff40e6a4f04a6d07a3e11ee998fb1f062cc56e54686651ba641",
          "step": 35
        },
        {
          "prefix_length": 119,
          "prefix_token_ids_sha256": "ddce200c3fe3fca64ed53bec9f2805ffafc88b2805f2f4291da44b6799ac07e5",
          "step": 36
        },
        {
          "prefix_length": 120,
          "prefix_token_ids_sha256": "6e41f8e3952b98d3f0ab9c4de2b60f1a86d8df9a28623dc17e0a3385598d18a5",
          "step": 37
        },
        {
          "prefix_length": 121,
          "prefix_token_ids_sha256": "0398dd9ae3b2976603ac1834a7505aa730466dec0cb04646c46df889ad7fb64e",
          "step": 38
        },
        {
          "prefix_length": 122,
          "prefix_token_ids_sha256": "a557dc8d2ebbc79a6ba5355c5f203e98dc818e451305cc0c9f9a60fa76cd437c",
          "step": 39
        },
        {
          "prefix_length": 123,
          "prefix_token_ids_sha256": "49ed080fc736805608a3a7143d3b557d70c4a2cc65f6be86d2fe7855f9197fea",
          "step": 40
        },
        {
          "prefix_length": 124,
          "prefix_token_ids_sha256": "ab5e107e1e81f1aee2d121fe464feae9f53b411258623d2a7a1a9931a37fd501",
          "step": 41
        },
        {
          "prefix_length": 125,
          "prefix_token_ids_sha256": "d13ffeaf86a2b59761ea23273829abb24b66a3e18fc7edb9bed28bdbd3372daa",
          "step": 42
        },
        {
          "prefix_length": 126,
          "prefix_token_ids_sha256": "a1832a05dd0dde14cbbed4ce860da5301d3d55463db27c5b9a0e4cb9097fad96",
          "step": 43
        },
        {
          "prefix_length": 127,
          "prefix_token_ids_sha256": "17d94805a32e95dc9219a91563118387d23d39b55986d1ac32469fc31da79d3f",
          "step": 44
        },
        {
          "prefix_length": 128,
          "prefix_token_ids_sha256": "2dbbd60a32a0695e81c2af017033c62eeb79fa34427d776b12a5a9d455ea85b2",
          "step": 45
        },
        {
          "prefix_length": 129,
          "prefix_token_ids_sha256": "d38286dd120736d26fa5460c46542548ef1ea73f205719098bfa37a352744821",
          "step": 46
        },
        {
          "prefix_length": 130,
          "prefix_token_ids_sha256": "8ed671179cd23176cc3bd89d5196b7b6806172515b70ec198936197933d8435b",
          "step": 47
        },
        {
          "prefix_length": 131,
          "prefix_token_ids_sha256": "c570496cd28d3d348abe168f39d64cbc6ecf9c48cc50a499c2f97e558d5a8972",
          "step": 48
        },
        {
          "prefix_length": 132,
          "prefix_token_ids_sha256": "f0dcf74b8ce1d77fcc1328d689d7bc8007b6c14a84f6fb5b59a9ab69eab7ddd4",
          "step": 49
        },
        {
          "prefix_length": 133,
          "prefix_token_ids_sha256": "e3366566342d0a0f26174a6230cdc881a2ea8fb420697fae01bfd67f1b343f04",
          "step": 50
        },
        {
          "prefix_length": 134,
          "prefix_token_ids_sha256": "e86fbfc51a9a30c1906f7af03372a631ff2576c5ed4ba64ce502d3dc0a4f241d",
          "step": 51
        },
        {
          "prefix_length": 135,
          "prefix_token_ids_sha256": "4d53ecbc28d152fb3c7757fafd585bd6afbdba2d89b6419d5aa767f65a79d9e1",
          "step": 52
        },
        {
          "prefix_length": 136,
          "prefix_token_ids_sha256": "ac32969d93680d4c986c3fa319804765c7aa1e99eb7afd4366c87683858aa4ea",
          "step": 53
        },
        {
          "prefix_length": 137,
          "prefix_token_ids_sha256": "0b0b56b31d3e435fb572540f4f43fa526d055eb56f1b5ba9ce5ab137f4e3f08d",
          "step": 54
        },
        {
          "prefix_length": 138,
          "prefix_token_ids_sha256": "b4389c76bcfce3cc1ca2f8ae32a4870a225391b2f068284a86dbf16cb9ed823a",
          "step": 55
        },
        {
          "prefix_length": 139,
          "prefix_token_ids_sha256": "fd40cb4babf72ae77ed69546af215e6f39abfb7841ffafbdb3c8c326d6ed1e5b",
          "step": 56
        },
        {
          "prefix_length": 140,
          "prefix_token_ids_sha256": "75ff6806e898a339aed34493a9348b2c2c6f90d62f54b8225a5fe3d1031e28a4",
          "step": 57
        },
        {
          "prefix_length": 141,
          "prefix_token_ids_sha256": "0509319f2ef77a48c93a17940b3568e83ce14f82f3d6e4eba6de8dd0a8810a7f",
          "step": 58
        },
        {
          "prefix_length": 142,
          "prefix_token_ids_sha256": "390bafc4faf02ff9fa07a9f875afc7dee0b7c0099a17ca2016248c21788eb5e6",
          "step": 59
        },
        {
          "prefix_length": 143,
          "prefix_token_ids_sha256": "8d332106a67c37411c6e5b38a634827d368574f36c3dc92fb0caa4bccc5680fb",
          "step": 60
        },
        {
          "prefix_length": 144,
          "prefix_token_ids_sha256": "988173a890c0ded409493b05b082e3dd3f41f04fa049808add244c03460e4c0a",
          "step": 61
        },
        {
          "prefix_length": 145,
          "prefix_token_ids_sha256": "83d0a775fcdb5f2eca9587a04974093fb5eaf0e3eb4a54f38409bde62a9925db",
          "step": 62
        },
        {
          "prefix_length": 146,
          "prefix_token_ids_sha256": "f6cb318d1a48ad0f1006c5da2752ce8705029f7c12a2c0fca8a976edf1f527e3",
          "step": 63
        },
        {
          "prefix_length": 147,
          "prefix_token_ids_sha256": "57a808d07d859ef3c5e52b312a3a5c96745c6dbaf8098f0f7d40b3603794f8d1",
          "step": 64
        },
        {
          "prefix_length": 148,
          "prefix_token_ids_sha256": "f595d7d513fc921884183345c804ea288f5c643434bd204a8cdc2c54bb4e2481",
          "step": 65
        },
        {
          "prefix_length": 149,
          "prefix_token_ids_sha256": "e84b82177d9399c40af0f5ba7b61b708d3cc1786798de2dbc00b23b36fb242f4",
          "step": 66
        },
        {
          "prefix_length": 150,
          "prefix_token_ids_sha256": "a13ab0a7c8e28de4e0554cce643d1e3318fdc0c9baa68a8a94f8854a964a4ba6",
          "step": 67
        },
        {
          "prefix_length": 151,
          "prefix_token_ids_sha256": "eb249601342961013c31e44f0c287685f9dd46d40b823e027ab9666bc06a6625",
          "step": 68
        },
        {
          "prefix_length": 152,
          "prefix_token_ids_sha256": "20013f2b599a5f92099761fadb07ede79d5b0d47281ccb04be11e6ffa117760a",
          "step": 69
        },
        {
          "prefix_length": 153,
          "prefix_token_ids_sha256": "c294107a4616bfd5d824c1809db50e4a192ec9819900e7d71e41c56a64280a01",
          "step": 70
        },
        {
          "prefix_length": 154,
          "prefix_token_ids_sha256": "47d798037fb72825330fcddae8375b522acbf91587b37db1658e377abffec1fb",
          "step": 71
        },
        {
          "prefix_length": 155,
          "prefix_token_ids_sha256": "a514fa119dd4a7f313897958a6884df4c9b90ed1d2518ed273c670bf656ed61d",
          "step": 72
        },
        {
          "prefix_length": 156,
          "prefix_token_ids_sha256": "6c57931b2692c3a04c704ec4dc31dc6580a4672bd8cd3a745fc5a6efa03607a1",
          "step": 73
        },
        {
          "prefix_length": 157,
          "prefix_token_ids_sha256": "6ad0872f3aa7cb5b9ecc32576ca6ceb2bef99dc2a5719a4d888487553dfa03ac",
          "step": 74
        },
        {
          "prefix_length": 158,
          "prefix_token_ids_sha256": "2b2b94c65fbd49e726821efee26698b47527141cde5d848c1f87cb499526d9b5",
          "step": 75
        },
        {
          "prefix_length": 159,
          "prefix_token_ids_sha256": "dfd4ab168fd8fd31ccb8d3b616804007a47c9f957364a617320875191d68442e",
          "step": 76
        },
        {
          "prefix_length": 160,
          "prefix_token_ids_sha256": "dbf95f0167e6659e9d54749f609bc71fd9ffc477b29ea9de35621a46007420f8",
          "step": 77
        },
        {
          "prefix_length": 161,
          "prefix_token_ids_sha256": "743e34624b96d7fdb5c60c86baf6d5e7ee654564efea93706344608a946597e3",
          "step": 78
        },
        {
          "prefix_length": 162,
          "prefix_token_ids_sha256": "0b381df1d773b78f0424d41b4e5c16a91213a8eee505f6d895fee9fb6223ad53",
          "step": 79
        },
        {
          "prefix_length": 163,
          "prefix_token_ids_sha256": "99afac05f03cd8b4ce7421c35527db87c88db940227ca5d5b6ed1aff621809d2",
          "step": 80
        },
        {
          "prefix_length": 164,
          "prefix_token_ids_sha256": "16e45a650bcd44d20cb9dca40ca6c2863fdf8da5770311ba3ab1ccb2acff1980",
          "step": 81
        },
        {
          "prefix_length": 165,
          "prefix_token_ids_sha256": "552a76171855ca4d4944bff40b10c8482db16c6a3e722964123cf9448330b49f",
          "step": 82
        },
        {
          "prefix_length": 166,
          "prefix_token_ids_sha256": "54c4552cf53f322dff009e1d58d4bfa9c553e5e99a847c4decb81462b3115a6e",
          "step": 83
        },
        {
          "prefix_length": 167,
          "prefix_token_ids_sha256": "1c8c061c6fb08cdcb0a8e3c255b4c8112f9f796aa6d84d819b32b0f4c76753b6",
          "step": 84
        },
        {
          "prefix_length": 168,
          "prefix_token_ids_sha256": "0f51be25716dd8caf6e78ba7a334b02b730a73ca0b4273a046e528bb98d2a2ff",
          "step": 85
        },
        {
          "prefix_length": 169,
          "prefix_token_ids_sha256": "c732d2024734305f7792402adf2a87a44de8f5a38f7b26cb19862fd61b1f2f06",
          "step": 86
        },
        {
          "prefix_length": 170,
          "prefix_token_ids_sha256": "783e1fc3069bc15bdee5cea32c5c6c93ec84f3dac0c08979819dfb175258689f",
          "step": 87
        },
        {
          "prefix_length": 171,
          "prefix_token_ids_sha256": "27b5bbf72704404c0fb89acda5f973e88370caa7b55e3e63e3484bd7f5d59676",
          "step": 88
        },
        {
          "prefix_length": 172,
          "prefix_token_ids_sha256": "c61dd7aee4820c3bfaa4906ee7a4b99c47b8c41b4508bfd8749bc1eb39c5819b",
          "step": 89
        },
        {
          "prefix_length": 173,
          "prefix_token_ids_sha256": "8543d7ba8adc7f5c49907d08ea6e7281e5f2a8c1ebe6784f55c878bce5644c01",
          "step": 90
        },
        {
          "prefix_length": 174,
          "prefix_token_ids_sha256": "c72d30a0ffc1662319888cc6d2174022b0627d13c375049e9f5060f0771cf159",
          "step": 91
        },
        {
          "prefix_length": 175,
          "prefix_token_ids_sha256": "d0761c523f8bb7eb12b99ce9970fa1ff04f5ff768da39b9aa694555d3b522b44",
          "step": 92
        },
        {
          "prefix_length": 176,
          "prefix_token_ids_sha256": "0c56af17ba2abff9a9a825b5d6a183a02e737b294cb2956a16a8f86e6851effd",
          "step": 93
        },
        {
          "prefix_length": 177,
          "prefix_token_ids_sha256": "d88541be107746c4ae05c00f05ec38ecd2dc7308c978286300383140adbdb874",
          "step": 94
        },
        {
          "prefix_length": 178,
          "prefix_token_ids_sha256": "14020b5f3f0cc940013d277f624e66fe67dbe221ab36ba73c9bc80c0f5995153",
          "step": 95
        },
        {
          "prefix_length": 179,
          "prefix_token_ids_sha256": "63823402acfffaa41f41ef37b91c4c991d312957892941eca27cfe395c1b15b7",
          "step": 96
        },
        {
          "prefix_length": 180,
          "prefix_token_ids_sha256": "2769acfd51bad026cd08406fec96c75178ae5b8188296db1221c08cf43df524f",
          "step": 97
        },
        {
          "prefix_length": 181,
          "prefix_token_ids_sha256": "ce61570539e618f27bc0401b7db481f55d3d2517c184455be8c99a07f834fbde",
          "step": 98
        },
        {
          "prefix_length": 182,
          "prefix_token_ids_sha256": "289e39e97e0fd6e716ac8989751c1d94dbb966512909652e717a257ea9c625fc",
          "step": 99
        },
        {
          "prefix_length": 183,
          "prefix_token_ids_sha256": "850851442fc5248fb731505127c7dfd417ef31089cdd09ec3a1cfeb78535314f",
          "step": 100
        },
        {
          "prefix_length": 184,
          "prefix_token_ids_sha256": "fa011fd1189fcf8dcc90c5490372647429d0a9174c4de7a788a477e79204a7d4",
          "step": 101
        },
        {
          "prefix_length": 185,
          "prefix_token_ids_sha256": "6a158f04314d37e4a25ab20850aa1e2491b7876b1d57b9e9cf408f92ddaa95f2",
          "step": 102
        },
        {
          "prefix_length": 186,
          "prefix_token_ids_sha256": "e07cda2aa3fd8444ee3f9ba55bd44bd9e87b02e5a6af1f92ffa4ae22ee3cd46c",
          "step": 103
        },
        {
          "prefix_length": 187,
          "prefix_token_ids_sha256": "8b772f54cfc119b3419db87170a10aa8c6aa474291f0ff79b1dea37e9dc10014",
          "step": 104
        },
        {
          "prefix_length": 188,
          "prefix_token_ids_sha256": "86df8e91b072f1634f97780358bbe3442dbbd7736e63f8c0ab970bff4ed8fe34",
          "step": 105
        },
        {
          "prefix_length": 189,
          "prefix_token_ids_sha256": "932eda3b03042dcf52af65cba187c92880de742eeb71c0db4fc9af456ce6ba2a",
          "step": 106
        },
        {
          "prefix_length": 190,
          "prefix_token_ids_sha256": "783f7f414f50e97dafccb0fcb1c80ef6bd6874db1c5bd4c5689c9437d5138e68",
          "step": 107
        },
        {
          "prefix_length": 191,
          "prefix_token_ids_sha256": "7f5f6c44d39765c7abf62973d3913d02adb29bd42d11d3d6179c00682921a6c1",
          "step": 108
        },
        {
          "prefix_length": 192,
          "prefix_token_ids_sha256": "eeb356da5cfa1a4c1e82153ff9ede4f653d2eda2447492290b2f6697b4c475e4",
          "step": 109
        },
        {
          "prefix_length": 193,
          "prefix_token_ids_sha256": "3c30041fe1a664ff43ae3564d5ec4d0e9c149ae73241309a0c3f550a824b2279",
          "step": 110
        }
      ],
      "generated_answer": "48",
      "generated_token_ids": [
        1401,
        1134,
        836,
        1097,
        1523,
        6560,
        286,
        14834,
        26265,
        22234,
        291,
        684,
        2913,
        44,
        358,
        1079,
        302,
        2861,
        264,
        786,
        286,
        1630,
        30750,
        757,
        16292,
        404,
        264,
        786,
        286,
        12007,
        725,
        1630,
        14834,
        295,
        678,
        1874,
        264,
        786,
        286,
        1367,
        502,
        264,
        1367,
        30750,
        46,
        10,
        50,
        1630,
        30750,
        848,
        345,
        54,
        12007,
        725,
        1630,
        14834,
        328,
        532,
        50,
        12007,
        10,
        50,
        1367,
        30750,
        848,
        1056,
        12007,
        725,
        1367,
        14834,
        328,
        345,
        54,
        12007,
        10,
        51,
        46,
        2547,
        44,
        26265,
        22234,
        532,
        50,
        425,
        345,
        54,
        328,
        643,
        56,
        12007,
        286,
        14834,
        291,
        684,
        2913,
        46,
        10,
        2553,
        44,
        26265,
        22234,
        643,
        56,
        6560,
        286,
        14834,
        291,
        684,
        2913,
        46,
        65508
      ],
      "generated_tokens": 111,
      "hit_max_new_tokens": false,
      "nonempty_text": true,
      "repetition_onset": null,
      "substantive_text": "To find out how many pieces of pizza Albert eats in one day, we need to calculate the number of large pizzas he buys by the number of slices per large pizza and then add the number of small from the small pizzas.\n2 large pizzas * 16 slices per large pizza = 32 slices\n2 small pizzas * 8 slices per small pizza = 16 slices\n3. together, Albert eats 32 + 16 = 48 slices of pizza in one day.\nSo, Albert eats 48 pieces of pizza in one day.",
      "teacher_answer": "48",
      "teacher_answer_match": true,
      "teacher_text": "To find out how many pieces of pizza Albert eats in one day, we need to multiply the number of large pizzas he buys by the number of slices per large pizza and then add the number of slices from the small pizzas.\n2 large pizzas * 16 slices per large pizza = 32 slices\n2 small pizzas * 8 slices per small pizza = 16 slices\nAdding these together, Albert eats 32 + 16 = 48 slices of pizza in one day.\nSo, Albert eats 48 pieces of pizza in one day.<|end_turn|>",
      "teacher_valid_answer_tokens": 111,
      "text": "To find out how many pieces of pizza Albert eats in one day, we need to calculate the number of large pizzas he buys by the number of slices per large pizza and then add the number of small from the small pizzas.\n2 large pizzas * 16 slices per large pizza = 32 slices\n2 small pizzas * 8 slices per small pizza = 16 slices\n3. together, Albert eats 32 + 16 = 48 slices of pizza in one day.\nSo, Albert eats 48 pieces of pizza in one day.<|end_turn|>"
    },
    {
      "ended_naturally": true,
      "example_id": 7,
      "fallback_allowed": true,
      "first_32_teacher_token_match_fraction": 0.9375,
      "full_prefix_lengths": [
        131,
        132,
        133,
        134,
        135,
        136,
        137,
        138,
        139,
        140,
        141,
        142,
        143,
        144,
        145,
        146,
        147,
        148,
        149,
        150,
        151,
        152,
        153,
        154,
        155,
        156,
        157,
        158,
        159,
        160,
        161,
        162,
        163,
        164,
        165,
        166,
        167,
        168,
        169,
        170,
        171,
        172,
        173,
        174,
        175,
        176,
        177,
        178,
        179,
        180,
        181,
        182,
        183,
        184,
        185,
        186,
        187,
        188,
        189,
        190,
        191,
        192,
        193,
        194,
        195,
        196,
        197,
        198,
        199,
        200,
        201,
        202,
        203,
        204,
        205,
        206,
        207,
        208,
        209,
        210,
        211,
        212,
        213,
        214,
        215,
        216,
        217,
        218,
        219,
        220,
        221,
        222,
        223,
        224,
        225,
        226,
        227,
        228,
        229,
        230,
        231,
        232,
        233,
        234,
        235,
        236,
        237,
        238,
        239,
        240,
        241,
        242,
        243,
        244,
        245,
        246,
        247,
        248,
        249,
        250,
        251,
        252,
        253,
        254,
        255,
        256,
        257,
        258,
        259,
        260,
        261,
        262,
        263,
        264,
        265,
        266,
        267,
        268,
        269,
        270,
        271,
        272,
        273,
        274,
        275,
        276,
        277,
        278,
        279,
        280,
        281,
        282,
        283,
        284,
        285,
        286,
        287,
        288,
        289,
        290,
        291,
        292,
        293,
        294,
        295,
        296,
        297,
        298,
        299,
        300,
        301,
        302,
        303,
        304,
        305,
        306,
        307,
        308,
        309,
        310
      ],
      "full_prefix_traces": [
        {
          "prefix_length": 131,
          "prefix_token_ids_sha256": "01f55056f09ae27caf98d8c2f28a7f006a46fd404ab2838389b14a7d023b8283",
          "step": 0
        },
        {
          "prefix_length": 132,
          "prefix_token_ids_sha256": "660744ec43e88a96ad7f4f49f778b7e5f41ea359da02a8e5678c6bbd8f4df50c",
          "step": 1
        },
        {
          "prefix_length": 133,
          "prefix_token_ids_sha256": "660008cd37c07795f379acb4c46bdf5f99587dbacd1b577242e464f4eb8ca6f8",
          "step": 2
        },
        {
          "prefix_length": 134,
          "prefix_token_ids_sha256": "ea231e0d569ed7c2f4e68d1f80b0cbbf8f4000f97bfc644d568ac2aaea3bb8d8",
          "step": 3
        },
        {
          "prefix_length": 135,
          "prefix_token_ids_sha256": "de4d8e5d0a4cfd4821916b80da3cb4412528fba0c3bff9635a11ad50fb7561f1",
          "step": 4
        },
        {
          "prefix_length": 136,
          "prefix_token_ids_sha256": "5abd0ff411a0626c2a3c34376d084ab09dd542a8817e4fe43ca8378eaa67c67f",
          "step": 5
        },
        {
          "prefix_length": 137,
          "prefix_token_ids_sha256": "7cc49eb0ed3db40dc61ea9b83a8ffe8e6018bc1331b7ff276dfb234eab874d41",
          "step": 6
        },
        {
          "prefix_length": 138,
          "prefix_token_ids_sha256": "438b8dc16a3ec27c0c13003e0dbef802baccd70acc9c06a45bccb8bee2be1324",
          "step": 7
        },
        {
          "prefix_length": 139,
          "prefix_token_ids_sha256": "ae92755f97ca0f7fd6ba29267b6f49b1eec68c572c1488f101346d2ef7db0bb6",
          "step": 8
        },
        {
          "prefix_length": 140,
          "prefix_token_ids_sha256": "7189c494b1fe5639dac0031949d241614ed3b8a8c042681b651ebb966581293c",
          "step": 9
        },
        {
          "prefix_length": 141,
          "prefix_token_ids_sha256": "0e7e0e71f8939ba88fb148f4fda9952aa99ab36682fdd18d8fa9af01a9442738",
          "step": 10
        },
        {
          "prefix_length": 142,
          "prefix_token_ids_sha256": "1f82b78b34605e79f3c69500f0c6c71f5f1598241b93fa5ab6b0eee862b2b382",
          "step": 11
        },
        {
          "prefix_length": 143,
          "prefix_token_ids_sha256": "81aef445ac472910369bdf0ddf5a2d1fdfadaf58df5110cc85d6993c43a386b1",
          "step": 12
        },
        {
          "prefix_length": 144,
          "prefix_token_ids_sha256": "9f17841fb5cc4b948ff69c05db56025c880b262e49dc0fd7e9f84119baae23b0",
          "step": 13
        },
        {
          "prefix_length": 145,
          "prefix_token_ids_sha256": "712fb88bd1a2283293cd3498d37163ec611bf8403ba7313e17af26bd9f79b752",
          "step": 14
        },
        {
          "prefix_length": 146,
          "prefix_token_ids_sha256": "bc5897d8c1ee8e34c89dd779cab7c684b14549fcb583bb08c40f7e25f2b8b140",
          "step": 15
        },
        {
          "prefix_length": 147,
          "prefix_token_ids_sha256": "4962ac93bab9d1adb1447cff4cb0ec22d0fc23458d5f2f1d9f91f83cefb9358d",
          "step": 16
        },
        {
          "prefix_length": 148,
          "prefix_token_ids_sha256": "34837d62b87d8a86862a272d072d084495caf10e5c2b1c1dc67ef209c0a988ed",
          "step": 17
        },
        {
          "prefix_length": 149,
          "prefix_token_ids_sha256": "fc3f1e238fa5411a09643f04f6246a46a2f1a192ce6aa30164824f1aeab6a0a8",
          "step": 18
        },
        {
          "prefix_length": 150,
          "prefix_token_ids_sha256": "f37d17a3df46cd83a687cfd36d894cddf19b97bb2a5a86407315aee176338f56",
          "step": 19
        },
        {
          "prefix_length": 151,
          "prefix_token_ids_sha256": "5e8c65906a0b0e980544116b4d87f57f639be017dd66f6cc89a24f4ec9394d40",
          "step": 20
        },
        {
          "prefix_length": 152,
          "prefix_token_ids_sha256": "10762557a8e1e42b23e538c72fdc7cd108940d222fb2ac1aa24a65e98c93e0e6",
          "step": 21
        },
        {
          "prefix_length": 153,
          "prefix_token_ids_sha256": "bd15679a17b259784523a4a3c3ecf150f1aed08a1c60eeb3224785218e637efa",
          "step": 22
        },
        {
          "prefix_length": 154,
          "prefix_token_ids_sha256": "b235740f0da2f1be44b9e8b3ca1d060e7b44668b36919e4aaaaa5e1d27a4c403",
          "step": 23
        },
        {
          "prefix_length": 155,
          "prefix_token_ids_sha256": "cf1f73e8b36706bbc14486cbddc3e20c3d1ee7f840ab48c62ac2d95375d50a17",
          "step": 24
        },
        {
          "prefix_length": 156,
          "prefix_token_ids_sha256": "6e22fc00cc034145d9b0fac0024ad8557058107f2084d03050e6361c36929ddb",
          "step": 25
        },
        {
          "prefix_length": 157,
          "prefix_token_ids_sha256": "37a6efe7aa051b896130ed7e629fb374c3dd35b3b23e04ce5cd741eb3c8cc065",
          "step": 26
        },
        {
          "prefix_length": 158,
          "prefix_token_ids_sha256": "73bce1ca73d70b838ce38969fbe4ef279eb38cf343d9c1818ea602f3a53e63d2",
          "step": 27
        },
        {
          "prefix_length": 159,
          "prefix_token_ids_sha256": "c419feba59bec87e2d8d1acf1af548352d86aabad9f4660faa41de66109b4c46",
          "step": 28
        },
        {
          "prefix_length": 160,
          "prefix_token_ids_sha256": "b7b73e4bc4d86865565a6764daecf9e42444f51795ce0475dcd571ce0cd51814",
          "step": 29
        },
        {
          "prefix_length": 161,
          "prefix_token_ids_sha256": "372e0d8e33fc8a47e6fd97a677146cb594bb6d679793f7e79c061b4295b46ae1",
          "step": 30
        },
        {
          "prefix_length": 162,
          "prefix_token_ids_sha256": "cdd770ddf056958c2daa7c873dac88214ea6bddae841dd814b7a696bc23ac991",
          "step": 31
        },
        {
          "prefix_length": 163,
          "prefix_token_ids_sha256": "a27ca730d3f297cc9163890344148452fa5b1f4d3738c253e3f80c0d8fcd3897",
          "step": 32
        },
        {
          "prefix_length": 164,
          "prefix_token_ids_sha256": "8f7b5602b47c747a88e78681c6bf76de2ff60392346ef728e5f5d37dff2d0d62",
          "step": 33
        },
        {
          "prefix_length": 165,
          "prefix_token_ids_sha256": "b16054a1774375b648ba614388b871fab1aeca79ff7d1b163b40fc2f43f48bb3",
          "step": 34
        },
        {
          "prefix_length": 166,
          "prefix_token_ids_sha256": "3423bd0f5c9dbc464314cf3300a9ccaa5d84b95c631ca8ed7c3b2951ca86bed6",
          "step": 35
        },
        {
          "prefix_length": 167,
          "prefix_token_ids_sha256": "6e67b38346e156f21b33df6282f7ce1ffb4819591a7f33a9768cfd7cff14191c",
          "step": 36
        },
        {
          "prefix_length": 168,
          "prefix_token_ids_sha256": "31606df4fe6a0b6c3d2a6d060dec940ab43c4ba97f892e2c0d85ce6dd33406ab",
          "step": 37
        },
        {
          "prefix_length": 169,
          "prefix_token_ids_sha256": "f66ea236b9153afab1b40b96c80fcdfc757f1fad931fa36e6cd0a31d3082b49a",
          "step": 38
        },
        {
          "prefix_length": 170,
          "prefix_token_ids_sha256": "7788a47b045027fe944b3686ebeff84bd227ea102b4524579ae23210b7480a58",
          "step": 39
        },
        {
          "prefix_length": 171,
          "prefix_token_ids_sha256": "dc11a9f9cc72f5c9d0f05c97f24b77abe4d856fa8051ed6ee6f800973528b0f1",
          "step": 40
        },
        {
          "prefix_length": 172,
          "prefix_token_ids_sha256": "143fea4e3a6be9353c3ef666499f65a17df96aa69be9bf140405fec0328844df",
          "step": 41
        },
        {
          "prefix_length": 173,
          "prefix_token_ids_sha256": "f65106799b63fcd2b22f6cee1eee5df67a5b146dca38b6cf410ead509053ec01",
          "step": 42
        },
        {
          "prefix_length": 174,
          "prefix_token_ids_sha256": "3a6f815d55dbed526c586754114ff96703aff12acf0afae6a87e79655b7a9e53",
          "step": 43
        },
        {
          "prefix_length": 175,
          "prefix_token_ids_sha256": "53147e287657ba2a3cfa33d3a058030a079a7a7d157e5218a901259a2a1847fe",
          "step": 44
        },
        {
          "prefix_length": 176,
          "prefix_token_ids_sha256": "3c4424123791083368bfcb07fe2cbf0e9700a12eeec94a95205ffc540a157788",
          "step": 45
        },
        {
          "prefix_length": 177,
          "prefix_token_ids_sha256": "06a8e3f260749a5a4605adc5d14aa36db6138a97188587a8ef1d1c4729c3dec6",
          "step": 46
        },
        {
          "prefix_length": 178,
          "prefix_token_ids_sha256": "e7669a9d132b1efe690b42561d089fdd4918d0b01f9e6af1fa4b1557aad8fddb",
          "step": 47
        },
        {
          "prefix_length": 179,
          "prefix_token_ids_sha256": "d59028cd4f86368f31f2ecc8f6099ae0d9b800372c683e34ee07a662979e21c7",
          "step": 48
        },
        {
          "prefix_length": 180,
          "prefix_token_ids_sha256": "bbd7c46f14afe8b64af264ff9834ec09d2ffa24698e3d7e0ce8a345fda2e2dc9",
          "step": 49
        },
        {
          "prefix_length": 181,
          "prefix_token_ids_sha256": "3f101316cafe430e8a6a67353600d99fe573404776cc8848beda6c9cfbeb227e",
          "step": 50
        },
        {
          "prefix_length": 182,
          "prefix_token_ids_sha256": "71b5ba68fb06a52a0b4f7559175a29b3a5edf0b2d0ce724c99284658aeb41152",
          "step": 51
        },
        {
          "prefix_length": 183,
          "prefix_token_ids_sha256": "53517e329c86ead5eb9fff5ae1e496adca577e8259ec5e0535903a17d3644008",
          "step": 52
        },
        {
          "prefix_length": 184,
          "prefix_token_ids_sha256": "1a08446ca5213cb7365a15d378515df313eb3a0a83a98a22caa288d2e6e19c5b",
          "step": 53
        },
        {
          "prefix_length": 185,
          "prefix_token_ids_sha256": "d55d271866ba5d033c88c225fbdbb8821bfb469cf684a72939fb5629414ba690",
          "step": 54
        },
        {
          "prefix_length": 186,
          "prefix_token_ids_sha256": "62e6eef23b5b9f9f931172b0c45d9d5eeb8dfda9fe2e764797549cf4d0975272",
          "step": 55
        },
        {
          "prefix_length": 187,
          "prefix_token_ids_sha256": "c0b15b1bbf448aee588d3c6ecd3fd4e10161d52894e8fe7c6f2d450e2a1e3f6b",
          "step": 56
        },
        {
          "prefix_length": 188,
          "prefix_token_ids_sha256": "7c9cb05667823b2187b12d2ac96ffbf876d652182ddb7e2968dd69f765c8922b",
          "step": 57
        },
        {
          "prefix_length": 189,
          "prefix_token_ids_sha256": "790c91c2c591e72f531583a7b0e8b5e622edae81241fa71f236505128f3814e0",
          "step": 58
        },
        {
          "prefix_length": 190,
          "prefix_token_ids_sha256": "4f1d13ad7e0d8dc6671fbf0e2a9d66e4086e2d93db06e9d6c517ec4c58903664",
          "step": 59
        },
        {
          "prefix_length": 191,
          "prefix_token_ids_sha256": "4869ce8580148069120235f9658bd3cffd38d4abe1e076b1b911da21ea299e9b",
          "step": 60
        },
        {
          "prefix_length": 192,
          "prefix_token_ids_sha256": "224f3626fc570e7420d352c95903d01172ebe502ed00b04fae80bd67c67b4bad",
          "step": 61
        },
        {
          "prefix_length": 193,
          "prefix_token_ids_sha256": "10ecbbbdc5afe5e710674455965ea21c507beb6f94efa568baf7496ef961e152",
          "step": 62
        },
        {
          "prefix_length": 194,
          "prefix_token_ids_sha256": "a90d1ba920665c46f559d303dfac09c2f803725bb02460e81b2608baf20998aa",
          "step": 63
        },
        {
          "prefix_length": 195,
          "prefix_token_ids_sha256": "a1a0cfe7d2eb3380fb70bb3e11223dcb7935a10e9e5f95577f05de3fd52fad3e",
          "step": 64
        },
        {
          "prefix_length": 196,
          "prefix_token_ids_sha256": "1c999d4e1286d9c94c93dfeb97be60aa35924e2b64e707cfc347337208ce4159",
          "step": 65
        },
        {
          "prefix_length": 197,
          "prefix_token_ids_sha256": "86986dbab3fb676fdb0275bf3fca9b3da3b93a303e1e76b0fb9219da2ac3f53d",
          "step": 66
        },
        {
          "prefix_length": 198,
          "prefix_token_ids_sha256": "e832f872cd334720204bae9cc634aa418e2da96b9ec62f782fbb82424d84f11a",
          "step": 67
        },
        {
          "prefix_length": 199,
          "prefix_token_ids_sha256": "d972b01f466651843fcd108b80e7f7a56da1f1c050228b1f7c039f88d1990a2e",
          "step": 68
        },
        {
          "prefix_length": 200,
          "prefix_token_ids_sha256": "7a5a6078fea24c7dce22957ec61bb8b91c3ca4870ff9eff9e8782c0f9b934c33",
          "step": 69
        },
        {
          "prefix_length": 201,
          "prefix_token_ids_sha256": "cecca01975600386bcfd5c9201e37098e6ff7af4049f8b7ba116c0ddae3067d3",
          "step": 70
        },
        {
          "prefix_length": 202,
          "prefix_token_ids_sha256": "6fdede9526ff70bf26941d116774c98169ae9279071b62b979e46fb48fff58dd",
          "step": 71
        },
        {
          "prefix_length": 203,
          "prefix_token_ids_sha256": "bb8e8673745e4162404267391f65f5a12f708cffde8ab316acd4e5de9fd3f8ab",
          "step": 72
        },
        {
          "prefix_length": 204,
          "prefix_token_ids_sha256": "bbc196c23bb4e5bbb007a1c6ee29c6e5645212858c330210495c355b08702e41",
          "step": 73
        },
        {
          "prefix_length": 205,
          "prefix_token_ids_sha256": "8eead74ee45d86f4fa66087853d359b24a98111c6fe8e1146d67764ffcc0790b",
          "step": 74
        },
        {
          "prefix_length": 206,
          "prefix_token_ids_sha256": "9ae2bf1062c0458f4de6fd24d82d02c539b7cc4198aeb9a6b7a6efc565144236",
          "step": 75
        },
        {
          "prefix_length": 207,
          "prefix_token_ids_sha256": "51bfbcb84ff093ee7b520ed2258c5214d31ea62c99ec34a8a4bb37708e4d30e6",
          "step": 76
        },
        {
          "prefix_length": 208,
          "prefix_token_ids_sha256": "97fcd5be30321db6a7efd1a0cf476442d4690061dcd4b171248dfe0f77ebf7cb",
          "step": 77
        },
        {
          "prefix_length": 209,
          "prefix_token_ids_sha256": "14559beae45972ef1b9c5aae10dc9b6ebd0c66bc09b934a35ac046a812d1bcb7",
          "step": 78
        },
        {
          "prefix_length": 210,
          "prefix_token_ids_sha256": "1b25322837593d794b51617c904e9926d6d4dabed32ed8194d6b29840842a144",
          "step": 79
        },
        {
          "prefix_length": 211,
          "prefix_token_ids_sha256": "3536676b9031f9505db934949d29c8e17fb72953092652bade84010ee7ffa0ca",
          "step": 80
        },
        {
          "prefix_length": 212,
          "prefix_token_ids_sha256": "34a90a150b32f077bbad123a7511a1c05f9b878548da5e199ae03eae45a72aec",
          "step": 81
        },
        {
          "prefix_length": 213,
          "prefix_token_ids_sha256": "21fa67a1e8f4c135ac8307505ff665e185944e47da3b84923334b508022502bc",
          "step": 82
        },
        {
          "prefix_length": 214,
          "prefix_token_ids_sha256": "c34843b1137f0165066d02483996873ed1a0dd929917b7e2f46da140224a29a1",
          "step": 83
        },
        {
          "prefix_length": 215,
          "prefix_token_ids_sha256": "dae0a25bd3e4c613f4c235cdf5adbec0685afad4a0563680428bfe6f948f5886",
          "step": 84
        },
        {
          "prefix_length": 216,
          "prefix_token_ids_sha256": "87999da78fa1c707c21931b6e28b0d1bfd6cbe6b5b59c81c803080295f3f7408",
          "step": 85
        },
        {
          "prefix_length": 217,
          "prefix_token_ids_sha256": "974648bb7de7ba2a7e823c15c1dc35fddf84e21cd0cc02dcab02c92532473595",
          "step": 86
        },
        {
          "prefix_length": 218,
          "prefix_token_ids_sha256": "0000c842f8d1ed2e6a41f14df4d2bfa07c4f45df3e45856172c1559e14b955f2",
          "step": 87
        },
        {
          "prefix_length": 219,
          "prefix_token_ids_sha256": "c72dc4a5795b3f93583faaff3dc10181af3b0f1dd23d6516d5e93d0c985d4580",
          "step": 88
        },
        {
          "prefix_length": 220,
          "prefix_token_ids_sha256": "e528bb07168819cc7f589333836208b1acf1e12fdb2eb7ed9f901ee1ecd7af9a",
          "step": 89
        },
        {
          "prefix_length": 221,
          "prefix_token_ids_sha256": "b6152112abe7c0472a0266983da86ffdbc4580ff50c90e489087d6eae8b83942",
          "step": 90
        },
        {
          "prefix_length": 222,
          "prefix_token_ids_sha256": "75e1c9bc72afde668edc6b8b185f83d27c06e5c66c8c1f67ea3275f8c0686917",
          "step": 91
        },
        {
          "prefix_length": 223,
          "prefix_token_ids_sha256": "b0c1f944aa217e26b5e76fb718343b724def6d875949c5d60834b5cf3e0b0de3",
          "step": 92
        },
        {
          "prefix_length": 224,
          "prefix_token_ids_sha256": "81ea9ac44d947c702dc847fc01ba4931889fc9e109015a551a4f40a59a0cb9c1",
          "step": 93
        },
        {
          "prefix_length": 225,
          "prefix_token_ids_sha256": "d28a53ebabe4fd814601373db5784114bd3d933cd320c4fb6d2ddfdb4859a2f7",
          "step": 94
        },
        {
          "prefix_length": 226,
          "prefix_token_ids_sha256": "c6f3e5fb6ce2630abc2e7504aca5758b2d86a887678048b44114da3833d758ba",
          "step": 95
        },
        {
          "prefix_length": 227,
          "prefix_token_ids_sha256": "ce4b5f7c8febd4d3b0845fe6a79a8a64dcb9c4b0abd4f7f6a25a7b5cd1827041",
          "step": 96
        },
        {
          "prefix_length": 228,
          "prefix_token_ids_sha256": "cfd2aa45b8824c2b763993ebcde950396c22b68c4e02ff9e954ed2f43b781775",
          "step": 97
        },
        {
          "prefix_length": 229,
          "prefix_token_ids_sha256": "04526602ab0eb120b6fd07686ab76460038090e5cac2d40f7d01d99b68259dab",
          "step": 98
        },
        {
          "prefix_length": 230,
          "prefix_token_ids_sha256": "dcb49d2bb79d40051fc08ed3a50ac016045936bb6f4e01539f253c14b532b505",
          "step": 99
        },
        {
          "prefix_length": 231,
          "prefix_token_ids_sha256": "0d345d8f4fda0d3d71ad7166a537954c2d94273ab769fb5370fa4996f1f916b5",
          "step": 100
        },
        {
          "prefix_length": 232,
          "prefix_token_ids_sha256": "c243659ad5cd6c4d06a22f6b6b9a2fe7d9f387969b6305c3730d853cbc4e07f8",
          "step": 101
        },
        {
          "prefix_length": 233,
          "prefix_token_ids_sha256": "3c071db9cff386834cda68df7c31b3193cb874288bdfc2a872b6998357d2faca",
          "step": 102
        },
        {
          "prefix_length": 234,
          "prefix_token_ids_sha256": "dfe13ec0ece6a4181df4da710f42f828b12571e17888eda14abcd93231b5c3cf",
          "step": 103
        },
        {
          "prefix_length": 235,
          "prefix_token_ids_sha256": "853124a56828be5a332d21b40997e6943f845a20f0ee4b39a6d0b63cfcbca735",
          "step": 104
        },
        {
          "prefix_length": 236,
          "prefix_token_ids_sha256": "66b233e17ff7353527e49157fd800a0497672fbd0e221d4cb665e205b7e383e5",
          "step": 105
        },
        {
          "prefix_length": 237,
          "prefix_token_ids_sha256": "a1c7f711e2094fef9c29de7b410d4a37034ae2b4d6e8f269d6d6b780f82b0779",
          "step": 106
        },
        {
          "prefix_length": 238,
          "prefix_token_ids_sha256": "5b87be0d312ab2fcc5acee4e94bb4bb921b45264e38739a2fcdc696511eeff76",
          "step": 107
        },
        {
          "prefix_length": 239,
          "prefix_token_ids_sha256": "9eb672dc4de831c149c3b25521090523c0dea0a2b5af710c57ece641f85c0519",
          "step": 108
        },
        {
          "prefix_length": 240,
          "prefix_token_ids_sha256": "9bcdb5ecdffd8c7e4aa6674f21ac7178131cea3d302c2203ec40e4d6932fa7e8",
          "step": 109
        },
        {
          "prefix_length": 241,
          "prefix_token_ids_sha256": "57deb0eecb7a425a10a66a8e8a58abbae17c685ecc6d4b2d05b14e48d6e0720e",
          "step": 110
        },
        {
          "prefix_length": 242,
          "prefix_token_ids_sha256": "20158213bd90d51a9b693a8140ebc14cf11a7c3ce4536966061ffee9cf0fca58",
          "step": 111
        },
        {
          "prefix_length": 243,
          "prefix_token_ids_sha256": "92d536553de28a703b77f82daa6da536af7d0edec86b066def77a570803c917e",
          "step": 112
        },
        {
          "prefix_length": 244,
          "prefix_token_ids_sha256": "f7663d68a9918bd3f9df87cfbd54a6f8a04071b2a325733ebc3b61d9f0d26082",
          "step": 113
        },
        {
          "prefix_length": 245,
          "prefix_token_ids_sha256": "3e69f6fa0e02984b86f7cc3fd2dda4c06904aa0a48c4f574bc237635ee3ead3a",
          "step": 114
        },
        {
          "prefix_length": 246,
          "prefix_token_ids_sha256": "c2ce7943e86fca0c3723ca14d242b020d044af1becd7bc42df65b2847436c12b",
          "step": 115
        },
        {
          "prefix_length": 247,
          "prefix_token_ids_sha256": "12c22fc8395a548169dfb5c12bc9647c2ac7bf8251d8dc205ff1a518ae41b4be",
          "step": 116
        },
        {
          "prefix_length": 248,
          "prefix_token_ids_sha256": "edfe66f14483134e92e51105179b4a5251741f28164898ee2f30fc33a6cc71ce",
          "step": 117
        },
        {
          "prefix_length": 249,
          "prefix_token_ids_sha256": "553cd91b9daed6838ed4ddc34675e797950ac99302c0085d3d806893b28b2845",
          "step": 118
        },
        {
          "prefix_length": 250,
          "prefix_token_ids_sha256": "a08675b195a856a216caa383bb57b97cbe606aeaf58760433d226c59d27770c2",
          "step": 119
        },
        {
          "prefix_length": 251,
          "prefix_token_ids_sha256": "e86c81add8b73a58ac08c5c8a8b6b76c3b1cc0a10e785df31b133df876f661a7",
          "step": 120
        },
        {
          "prefix_length": 252,
          "prefix_token_ids_sha256": "4a991aa15055dc3b3d77517f8013218c5d91edb0ac2d108833bb013f3e4dd912",
          "step": 121
        },
        {
          "prefix_length": 253,
          "prefix_token_ids_sha256": "cb6c0974c2d526ae64752697e9def585cac9d12af46434ff19b55d7c5453d6b1",
          "step": 122
        },
        {
          "prefix_length": 254,
          "prefix_token_ids_sha256": "4368dcc707d6911f7852cb57dfeb9401ce2e6c1bcb97e2001d453d2766a6d0e6",
          "step": 123
        },
        {
          "prefix_length": 255,
          "prefix_token_ids_sha256": "dea4d251ce4ffd01edda4c5de29e2ba83b73a8b629adbbd44b9dd4929de72ca8",
          "step": 124
        },
        {
          "prefix_length": 256,
          "prefix_token_ids_sha256": "15f2ee261cbc1781e7a95013cabc2eaf471b59d44e37fceb051e217597c82966",
          "step": 125
        },
        {
          "prefix_length": 257,
          "prefix_token_ids_sha256": "25de8d7d40c8244c95846554e2c76a46116a8be4892dc707b01ac1da326ac878",
          "step": 126
        },
        {
          "prefix_length": 258,
          "prefix_token_ids_sha256": "4e604403566f06692f54b0fae76ac905250383b66f56521391ecea8cc8834aaa",
          "step": 127
        },
        {
          "prefix_length": 259,
          "prefix_token_ids_sha256": "6e1d7ab2d62431dfe90998ff20f1282388109f75ece704d83549ee3dc12429fe",
          "step": 128
        },
        {
          "prefix_length": 260,
          "prefix_token_ids_sha256": "69696831ba0ab33f719f224ab05f7b4ca7ae43dc55240765518ce39795dbc221",
          "step": 129
        },
        {
          "prefix_length": 261,
          "prefix_token_ids_sha256": "7daf013746e81f071ff4e019564899e6c458b30f80c95564f36b954bc28a5453",
          "step": 130
        },
        {
          "prefix_length": 262,
          "prefix_token_ids_sha256": "7ffe697d74296602aa28999284a79249627086da8910b25ea749d26650187f07",
          "step": 131
        },
        {
          "prefix_length": 263,
          "prefix_token_ids_sha256": "486da14c2ea99f4477206520fedb0028a81b629e6cc5b0c2c79683d73879f1af",
          "step": 132
        },
        {
          "prefix_length": 264,
          "prefix_token_ids_sha256": "bcfefaed5e2cfb00fea5d7b481b2946ce914aaac0b17bbbb8ed36815db34a4c3",
          "step": 133
        },
        {
          "prefix_length": 265,
          "prefix_token_ids_sha256": "c596102b3b33131317a644e94aa1e1d529ab677786064cae21cf36b6395c4608",
          "step": 134
        },
        {
          "prefix_length": 266,
          "prefix_token_ids_sha256": "bf55b33bf1212917cb0261f070850e960e0cd4471df59cfe4d7bfbf4f1faa7eb",
          "step": 135
        },
        {
          "prefix_length": 267,
          "prefix_token_ids_sha256": "c21aac51cc7b6410c6197e113fda6e887f82b2b62cf007aaa261b8bd99cde9a4",
          "step": 136
        },
        {
          "prefix_length": 268,
          "prefix_token_ids_sha256": "891b977f10c8e1e09b335f9d8b1dcddc401880867dde060c913444504c8c2ac3",
          "step": 137
        },
        {
          "prefix_length": 269,
          "prefix_token_ids_sha256": "a7abe6e975349225a96d0626833acc14b6cd489a7d08b8452936ddec440eff58",
          "step": 138
        },
        {
          "prefix_length": 270,
          "prefix_token_ids_sha256": "923d33bca58a75c4d82c2bbb0e70ef96ecb8fb1c4403ba4de40ded0477ed2f79",
          "step": 139
        },
        {
          "prefix_length": 271,
          "prefix_token_ids_sha256": "cce8b551f9113aa8c49851291fafdc826507c1a73beacf87842c4ebd9de1d819",
          "step": 140
        },
        {
          "prefix_length": 272,
          "prefix_token_ids_sha256": "f1f4a39fb18ba88e56146f85d0294d64dec2eb26640e1f17e0d4e79001dfc327",
          "step": 141
        },
        {
          "prefix_length": 273,
          "prefix_token_ids_sha256": "bc79654b5efcee371471f7486fc39e0e0ca15c72e97afa99b54c5ead9fac2a55",
          "step": 142
        },
        {
          "prefix_length": 274,
          "prefix_token_ids_sha256": "60f2da1f5eef60642e7481827f275a5d32c15e56b33d644c1906313eedece68d",
          "step": 143
        },
        {
          "prefix_length": 275,
          "prefix_token_ids_sha256": "45f506791741be6a531ae40c8b698e59e78a49f88e7912718ebbe13cd800bcf7",
          "step": 144
        },
        {
          "prefix_length": 276,
          "prefix_token_ids_sha256": "701fdeafb8f41c43fd46b51edb0190e3febcedd1b89fa6afc3d8c47560bf45d6",
          "step": 145
        },
        {
          "prefix_length": 277,
          "prefix_token_ids_sha256": "8d084de75872e097b083d55226e56fadba1ef4bd69d463d2744891e7c6353480",
          "step": 146
        },
        {
          "prefix_length": 278,
          "prefix_token_ids_sha256": "11074f5916deb2f7762b2bd2db8e5fea324065f00c471b04cfbff595b6005685",
          "step": 147
        },
        {
          "prefix_length": 279,
          "prefix_token_ids_sha256": "ff93140acf29e82c8b6be2cd145c83f4e2e1b6be50c8c7ff79dc618d256e6f42",
          "step": 148
        },
        {
          "prefix_length": 280,
          "prefix_token_ids_sha256": "3b4c21e245663d09b87bb47d65a6991998ddc2db3849017fd96822563d52033a",
          "step": 149
        },
        {
          "prefix_length": 281,
          "prefix_token_ids_sha256": "68a7bddf67f97ddc782e7246e494ed1159afeb0cbe1952ac91ef43d52d9c64f2",
          "step": 150
        },
        {
          "prefix_length": 282,
          "prefix_token_ids_sha256": "e55a5f7be30dbcaaf12438dabca89a4fe44cc6912d64a96a32b9ef1db6756225",
          "step": 151
        },
        {
          "prefix_length": 283,
          "prefix_token_ids_sha256": "9562ebd12067bcaf33a2d6b612202a917d4af3b0e5d55f4a42d8f29fb1fc936f",
          "step": 152
        },
        {
          "prefix_length": 284,
          "prefix_token_ids_sha256": "937c68a8d4c95385c6e517bdfb1e3300d542a58d4432482b33b4d323b9c212df",
          "step": 153
        },
        {
          "prefix_length": 285,
          "prefix_token_ids_sha256": "767be6c249f13e83a277dad6156dcc4e7cdaa6debb561af953af122e404d41d1",
          "step": 154
        },
        {
          "prefix_length": 286,
          "prefix_token_ids_sha256": "66ded6015610ce3df85a436d5f62f61e8022d9cfe0909b74e934f836940aa1b8",
          "step": 155
        },
        {
          "prefix_length": 287,
          "prefix_token_ids_sha256": "9e605a06d30844602e47e1027674115592430a2ec81bc271584bd439435984e3",
          "step": 156
        },
        {
          "prefix_length": 288,
          "prefix_token_ids_sha256": "0f59354a488f96987f243cd1f6b0feba9a2cc7600032ad70ac36f47ea4652604",
          "step": 157
        },
        {
          "prefix_length": 289,
          "prefix_token_ids_sha256": "3d2ad95ae76ce7154415b4455b6ec090a9fb242246ade6b4fe86f5065ebce9c1",
          "step": 158
        },
        {
          "prefix_length": 290,
          "prefix_token_ids_sha256": "4bcaf52fea09b11cdf0ee7f5b3b0d930efc9bc6b6bd9aeecc8f625470bb40c72",
          "step": 159
        },
        {
          "prefix_length": 291,
          "prefix_token_ids_sha256": "82502f34ee11c4ab301c437889c30d0da55ec118922d3c85aa669856c7deea52",
          "step": 160
        },
        {
          "prefix_length": 292,
          "prefix_token_ids_sha256": "692c46cf5fa151d22e609af738237cc8bd6b9d82af9541f23ffb526146639198",
          "step": 161
        },
        {
          "prefix_length": 293,
          "prefix_token_ids_sha256": "f3a31e6c28c10ca39640fd6cae6650324f055c3e67a2252345794d06da2f06ef",
          "step": 162
        },
        {
          "prefix_length": 294,
          "prefix_token_ids_sha256": "85900f4c017b73da45ce2bfa3ea57815d26eed8d4d5bab6b749c79c8fbddf8b8",
          "step": 163
        },
        {
          "prefix_length": 295,
          "prefix_token_ids_sha256": "28d3c15ac98e0ebfd51ba4e9ee94852eb88f8f5223feb133ddf73f1b2b29d849",
          "step": 164
        },
        {
          "prefix_length": 296,
          "prefix_token_ids_sha256": "26dfa7b39f7391bb588438dd72505c9f11624a6a8d3f5fb9fc351d2bb13a9b36",
          "step": 165
        },
        {
          "prefix_length": 297,
          "prefix_token_ids_sha256": "e9dd10b1c6c5c9ba46b0d7ade91296297f545763782867301a478266fc20c3f3",
          "step": 166
        },
        {
          "prefix_length": 298,
          "prefix_token_ids_sha256": "d63858411de9662d222ee68c61019377d6b8ccf2f8f83c4c499d9bad3dc44d6a",
          "step": 167
        },
        {
          "prefix_length": 299,
          "prefix_token_ids_sha256": "eb85316cd716a55e60b8618604aac5731ed9cb4879657b1f41f12440243e851b",
          "step": 168
        },
        {
          "prefix_length": 300,
          "prefix_token_ids_sha256": "1178bf9f663293d0ec039d61063196b515502c3c1029cb32e38629f7b37171d6",
          "step": 169
        },
        {
          "prefix_length": 301,
          "prefix_token_ids_sha256": "432ceeb60cb671562f1a36769ccba2ad5c333497087dd702ea9ea3daff4b2735",
          "step": 170
        },
        {
          "prefix_length": 302,
          "prefix_token_ids_sha256": "a86dca9fdc3e88111b4b270b13d39adc6ae1cc9b76334ea1901fb4fe720f79ca",
          "step": 171
        },
        {
          "prefix_length": 303,
          "prefix_token_ids_sha256": "7d28040227bca1326c163f1675e4f9ee3cc2fe5b43a5023ebc30edaa550d80b8",
          "step": 172
        },
        {
          "prefix_length": 304,
          "prefix_token_ids_sha256": "c7c7e1098f99739c4850804ed554c394f0cfd3ebd61e3303ce2a6b7792a28bbd",
          "step": 173
        },
        {
          "prefix_length": 305,
          "prefix_token_ids_sha256": "f7ba5c3161b32fa1877fd2f7c6426447390cf6f596771c5aaf06def6267109a0",
          "step": 174
        },
        {
          "prefix_length": 306,
          "prefix_token_ids_sha256": "5a8a0ca79894c2dd717fac69edf75ff4232de27297c8431de02c15a96034e673",
          "step": 175
        },
        {
          "prefix_length": 307,
          "prefix_token_ids_sha256": "1948bd294aabbe03f1784d7b6bfec5eb3cee4e966811325692dd2d5421986439",
          "step": 176
        },
        {
          "prefix_length": 308,
          "prefix_token_ids_sha256": "807689e6d9fa8c7496aa84ca248ef23b705707bb5fc352ae41558258f71389be",
          "step": 177
        },
        {
          "prefix_length": 309,
          "prefix_token_ids_sha256": "a83ef3160cbfa5ef963ba1ec2cb57744784dd24406f4d205cdd5389d8896e4c7",
          "step": 178
        },
        {
          "prefix_length": 310,
          "prefix_token_ids_sha256": "2ee986024db80e863d214996118bf72dd7649225be6bc369b0b20a8a68303ff1",
          "step": 179
        }
      ],
      "generated_answer": "16",
      "generated_token_ids": [
        4612,
        2398,
        461,
        1932,
        404,
        1932,
        58,
        10,
        49,
        46,
        18436,
        5594,
        379,
        259,
        2029,
        337,
        22802,
        402,
        9738,
        46,
        10,
        50,
        46,
        2315,
        9316,
        2825,
        19649,
        18207,
        302,
        5917,
        264,
        2029,
        302,
        402,
        9738,
        46,
        10,
        50,
        757,
        4961,
        402,
        9738,
        286,
        19649,
        18207,
        46,
        10,
        51,
        46,
        1189,
        44,
        757,
        9316,
        2825,
        47276,
        302,
        6390,
        264,
        2029,
        302,
        7448,
        46,
        1735,
        264,
        3277,
        3161,
        22802,
        402,
        9738,
        44,
        1345,
        402,
        9738,
        286,
        47276,
        1259,
        1697,
        264,
        1543,
        2029,
        2150,
        402,
        44,
        563,
        305,
        893,
        9738,
        46,
        10,
        52,
        46,
        7165,
        44,
        757,
        9316,
        2420,
        402,
        9738,
        286,
        19649,
        18207,
        46,
        803,
        13518,
        264,
        1543,
        2029,
        302,
        893,
        425,
        402,
        328,
        1056,
        9738,
        46,
        10,
        53,
        46,
        3967,
        44,
        757,
        9316,
        2825,
        336,
        12919,
        52651,
        302,
        3752,
        264,
        2029,
        3951,
        2911,
        46,
        1735,
        264,
        3277,
        1468,
        22802,
        1056,
        9738,
        44,
        4739,
        402,
        9738,
        286,
        336,
        12919,
        52651,
        1259,
        1697,
        264,
        2029,
        402,
        2150,
        1056,
        44,
        563,
        305,
        345,
        54,
        9738,
        46,
        10,
        2862,
        44,
        264,
        2937,
        2029,
        286,
        264,
        3277,
        286,
        2620,
        601,
        305,
        345,
        54,
        9738,
        46,
        65508
      ],
      "generated_tokens": 180,
      "hit_max_new_tokens": false,
      "nonempty_text": true,
      "repetition_onset": null,
      "substantive_text": "Let's solve this step by step:\n1. Ken started with a weight that weighs 2 pounds.\n2. He adds enough jelly beans to bring the weight to 2 pounds.\n2 he added 2 pounds of jelly beans.\n3. Then, he adds enough brownies to cause the weight to triple. Since the box already weighs 2 pounds, tri 2 pounds of brownies would make the total weight times 2, which is 6 pounds.\n4. Next, he adds another 2 pounds of jelly beans. This brings the total weight to 6 + 2 = 8 pounds.\n5. Finally, he adds enough gummy worms to double the weight once again. Since the box now weighs 8 pounds, adding 2 pounds of gummy worms would make the weight 2 times 8, which is 16 pounds.\nTherefore, the final weight of the box of goodies is 16 pounds.",
      "teacher_answer": "16",
      "teacher_answer_match": true,
      "teacher_text": "Let's solve this step by step:\n1. Ken starts with a box that weighs 2 pounds.\n2. He adds enough jelly beans to bring the weight to 2 pounds. This means he added 2 pounds of jelly beans.\n3. Then, he adds enough brownies to cause the weight to triple. Since the box already weighs 2 pounds, adding 2 pounds of brownies would make the weight 3 times 2, which is 6 pounds.\n4. Next, he adds another 2 pounds of jelly beans. This brings the total weight to 6 + 2 = 8 pounds.\n5. Finally, he adds enough gummy worms to double the weight once again. Since the box already weighs 8 pounds, adding 2 pounds of gummy worms would make the weight 2 times 8, which is 16 pounds.\nTherefore, the final weight of the box of goodies is 16 pounds.<|end_turn|>",
      "teacher_valid_answer_tokens": 180,
      "text": "Let's solve this step by step:\n1. Ken started with a weight that weighs 2 pounds.\n2. He adds enough jelly beans to bring the weight to 2 pounds.\n2 he added 2 pounds of jelly beans.\n3. Then, he adds enough brownies to cause the weight to triple. Since the box already weighs 2 pounds, tri 2 pounds of brownies would make the total weight times 2, which is 6 pounds.\n4. Next, he adds another 2 pounds of jelly beans. This brings the total weight to 6 + 2 = 8 pounds.\n5. Finally, he adds enough gummy worms to double the weight once again. Since the box now weighs 8 pounds, adding 2 pounds of gummy worms would make the weight 2 times 8, which is 16 pounds.\nTherefore, the final weight of the box of goodies is 16 pounds.<|end_turn|>"
    }
  ],
  "git_commit": "9783d471cb616ea51f66328cbe005a4aac0b9a77",
  "huginn_parameters_with_gradient": 0,
  "initial_metrics": {
    "first_target_top1_count": 0,
    "first_token_distribution_kl": 9.42530632019043,
    "kl_numerator": 14021.990417480469,
    "kl_per_token": 11.0845774051229,
    "mean_first_target_probability": 1.315610114716037e-05,
    "mean_teacher_first_target_probability": 0.48250776529312134,
    "teacher_student_first_argmax_agreement_count": 0,
    "valid_token_count": 1265
  },
  "initialization_sha256": "92968fea30d723864383f68f9e51ef1f8b8adae927e11acf735c3c1cf9b93747",
  "model_sha256": "7998974443598bc5cb6ac72c61cb7c661887941ec1d2310362bb72deba4066d7",
  "objective": "global-teacher-to-student-KL-per-valid-answer-token",
  "phase10_artifact_sha256": "3133d247f30b4a5fc17e785ecab4294ee8d055d11fce1b42c2ec896ceb36a9e4",
  "phase10_attestation_sha256": "e35072a22e546cc2b557d6a68549c27cc7ae67d1cc36d3d0a90c6c4792a803b2",
  "phase10_git_commit": "3d927cba9a9f56b1a4c68a91b39795dc87031729",
  "prelaunch_attestation": "/workspace/functional_overfit_v5_native_attempts/prelaunch-6b44470f20cf43329d7e890f410fb28c.json",
  "prelaunch_created_unix_seconds": 1789045645.2562792,
  "prospective_teacher_relative_amendment": {
    "criterion": "mean_first_target_probability >= mean_teacher_first_target_probability",
    "old_absolute_probability_gate_retroactively_changed": false,
    "primary_evidence_remains_teacher_kl_and_generation": true,
    "review_job": "4e271d7c"
  },
  "protocol": "functional-eight-example-overfit-cache-v5-native-coda-v1",
  "quantitative_checks": {
    "absolute_first_distribution_kl_is_small": true,
    "absolute_global_kl_is_small": true,
    "dramatic_global_kl_decrease": true,
    "first_distribution_approaches_teacher": true,
    "first_target_probability_increases": true,
    "first_target_probability_is_substantive": true,
    "first_target_top1_count_increases": true,
    "first_target_top1_count_is_substantive": true
  },
  "status": "pending_scientific_review",
  "training_trace": [
    {
      "first_target_top1_count": 0,
      "first_token_distribution_kl": 9.42530632019043,
      "kl_numerator": 14021.990417480469,
      "kl_per_token": 11.0845774051229,
      "mean_first_target_probability": 1.315610114716037e-05,
      "mean_teacher_first_target_probability": 0.48250776529312134,
      "teacher_student_first_argmax_agreement_count": 0,
      "update": 0,
      "valid_token_count": 1265
    },
    {
      "first_target_top1_count": 0,
      "first_token_distribution_kl": 6.956779897212982,
      "kl_numerator": 4863.4796142578125,
      "kl_per_token": 3.844647916409338,
      "mean_first_target_probability": 0.00046710392894055985,
      "mean_teacher_first_target_probability": 0.48250776529312134,
      "teacher_student_first_argmax_agreement_count": 0,
      "update": 10,
      "valid_token_count": 1265
    },
    {
      "first_target_top1_count": 4,
      "first_token_distribution_kl": 2.3004051744937897,
      "kl_numerator": 1066.0014572143555,
      "kl_per_token": 0.8426888989836803,
      "mean_first_target_probability": 0.10259566275635734,
      "mean_teacher_first_target_probability": 0.48250776529312134,
      "teacher_student_first_argmax_agreement_count": 4,
      "update": 20,
      "valid_token_count": 1265
    },
    {
      "first_target_top1_count": 4,
      "first_token_distribution_kl": 0.8263489231467247,
      "kl_numerator": 148.67920589447021,
      "kl_per_token": 0.11753296908653772,
      "mean_first_target_probability": 0.3006274071522057,
      "mean_teacher_first_target_probability": 0.48250776529312134,
      "teacher_student_first_argmax_agreement_count": 4,
      "update": 30,
      "valid_token_count": 1265
    },
    {
      "first_target_top1_count": 7,
      "first_token_distribution_kl": 0.12767036724835634,
      "kl_numerator": 42.70301055908203,
      "kl_per_token": 0.033757320600064845,
      "mean_first_target_probability": 0.4515564702451229,
      "mean_teacher_first_target_probability": 0.48250776529312134,
      "teacher_student_first_argmax_agreement_count": 7,
      "update": 40,
      "valid_token_count": 1265
    },
    {
      "first_target_top1_count": 8,
      "first_token_distribution_kl": 0.0771371703594923,
      "kl_numerator": 21.736521244049072,
      "kl_per_token": 0.01718302074628385,
      "mean_first_target_probability": 0.491362527012825,
      "mean_teacher_first_target_probability": 0.48250776529312134,
      "teacher_student_first_argmax_agreement_count": 8,
      "update": 50,
      "valid_token_count": 1265
    }
  ],
  "trajectory_loss_weight": 0.0,
  "updates_completed": 50
}
