preserved attempt directory: /workspace/.functional_overfit_v3.attempt-0152e8181f5549fb93baf6c0114f7eb1
Loading checkpoint shards:   0%|          | 0/4 [00:00<?, ?it/s]Loading checkpoint shards:  25%|██▌       | 1/4 [00:00<00:01,  1.86it/s]Loading checkpoint shards:  50%|█████     | 2/4 [00:01<00:01,  1.94it/s]Loading checkpoint shards:  75%|███████▌  | 3/4 [00:01<00:00,  1.91it/s]Loading checkpoint shards: 100%|██████████| 4/4 [00:01<00:00,  2.44it/s]
{"first_target_top1_count": 0, "first_token_distribution_kl": 9.434150457382202, "kl_numerator": 14021.836608886719, "kl_per_token": 11.084455817301754, "mean_first_target_probability": 1.3170247484595166e-05, "mean_teacher_first_target_probability": 0.4795518256723881, "teacher_student_first_argmax_agreement_count": 0, "update": 0, "valid_token_count": 1265}
{"first_target_top1_count": 0, "first_token_distribution_kl": 7.047267138957977, "kl_numerator": 4926.74267578125, "kl_per_token": 3.8946582417243083, "mean_first_target_probability": 0.00043614472167519125, "mean_teacher_first_target_probability": 0.4795518256723881, "teacher_student_first_argmax_agreement_count": 0, "update": 10, "valid_token_count": 1265}
{"first_target_top1_count": 1, "first_token_distribution_kl": 2.9930500090122223, "kl_numerator": 1020.6772003173828, "kl_per_token": 0.8068594468912117, "mean_first_target_probability": 0.0324997010466177, "mean_teacher_first_target_probability": 0.4795518256723881, "teacher_student_first_argmax_agreement_count": 1, "update": 20, "valid_token_count": 1265}
{"first_target_top1_count": 5, "first_token_distribution_kl": 0.585848044604063, "kl_numerator": 141.2987699508667, "kl_per_token": 0.11169863237222664, "mean_first_target_probability": 0.39436098374426365, "mean_teacher_first_target_probability": 0.4795518256723881, "teacher_student_first_argmax_agreement_count": 5, "update": 30, "valid_token_count": 1265}
{"first_target_top1_count": 5, "first_token_distribution_kl": 0.17496610898524523, "kl_numerator": 41.15198588371277, "kl_per_token": 0.032531214137322344, "mean_first_target_probability": 0.45984160900115967, "mean_teacher_first_target_probability": 0.4795518256723881, "teacher_student_first_argmax_agreement_count": 5, "update": 40, "valid_token_count": 1265}
{"first_target_top1_count": 8, "first_token_distribution_kl": 0.06745129358023405, "kl_numerator": 21.02229154109955, "kl_per_token": 0.016618412285454187, "mean_first_target_probability": 0.4712384529411793, "mean_teacher_first_target_probability": 0.4795518256723881, "teacher_student_first_argmax_agreement_count": 8, "update": 50, "valid_token_count": 1265}
{"first_target_top1_count": 8, "first_token_distribution_kl": 0.04813543055206537, "kl_numerator": 13.330433666706085, "kl_per_token": 0.010537892226645126, "mean_first_target_probability": 0.4800678715109825, "mean_teacher_first_target_probability": 0.4795518256723881, "teacher_student_first_argmax_agreement_count": 8, "update": 60, "valid_token_count": 1265}
{
  "K": 4,
  "attempt_id": "0152e8181f5549fb93baf6c0114f7eb1",
  "authoritative_coda_semantics": "already-normalized state -> coda blocks -> final ln_f -> lm_head; no extra initial ln_f",
  "cache_manifest_sha256": "d56e79c291e238ec6f694070a6f4623c34d7ef72d92740b45bd25a76d42e64f4",
  "config_sha256": "1ee523dbc21a0a423174b780f9b24dca6ee1e0807c294a450f4c38a3c8bec516",
  "example_ids": [
    0,
    1,
    2,
    3,
    4,
    5,
    6,
    7
  ],
  "explicit_scientific_generation_review_required": true,
  "final_metrics": {
    "first_target_top1_count": 8,
    "first_token_distribution_kl": 0.04813543055206537,
    "kl_numerator": 13.330433666706085,
    "kl_per_token": 0.010537892226645126,
    "mean_first_target_probability": 0.4800678715109825,
    "mean_teacher_first_target_probability": 0.4795518256723881,
    "teacher_student_first_argmax_agreement_count": 8,
    "valid_token_count": 1265
  },
  "full_vocabulary_logits_persisted": false,
  "generation_mechanical_checks": {
    "all_nonempty": true,
    "natural_stop_count_is_substantive": true,
    "no_detected_repetitive_degeneration": true,
    "teacher_answer_agreement_is_substantive": true,
    "teacher_prefix_agreement_is_substantive": true
  },
  "generation_summary": {
    "cap_hit_count": 0,
    "mean_first_32_teacher_token_match_fraction": 0.96484375,
    "natural_stop_count": 8,
    "teacher_answer_match_count": 8
  },
  "generations": [
    {
      "ended_naturally": true,
      "example_id": 0,
      "fallback_allowed": true,
      "first_32_teacher_token_match_fraction": 1.0,
      "full_prefix_lengths": [
        67,
        68,
        69,
        70,
        71,
        72,
        73,
        74,
        75,
        76,
        77,
        78,
        79,
        80,
        81,
        82,
        83,
        84,
        85,
        86,
        87,
        88,
        89,
        90,
        91,
        92,
        93,
        94,
        95,
        96,
        97,
        98,
        99,
        100,
        101,
        102,
        103,
        104,
        105,
        106,
        107,
        108,
        109,
        110,
        111,
        112,
        113,
        114,
        115,
        116,
        117,
        118,
        119,
        120,
        121,
        122,
        123,
        124,
        125,
        126,
        127,
        128,
        129,
        130,
        131,
        132,
        133,
        134,
        135,
        136,
        137,
        138,
        139,
        140,
        141,
        142,
        143,
        144,
        145,
        146,
        147,
        148,
        149,
        150,
        151,
        152,
        153,
        154
      ],
      "full_prefix_traces": [
        {
          "prefix_length": 67,
          "prefix_token_ids_sha256": "d5b8ebabfca29528fe4b8e75bbaca66fe935e7913d9427144b3af42b32ddd148",
          "step": 0
        },
        {
          "prefix_length": 68,
          "prefix_token_ids_sha256": "dc0c698cd93b86fb9147fd3bf5da619413ae99d9306e4c4c9fc717bb59d57b96",
          "step": 1
        },
        {
          "prefix_length": 69,
          "prefix_token_ids_sha256": "b2ebbd4a60b4c44b532e00f87ce61f5b42ce8c11e61239f59b39a86c3a8c8630",
          "step": 2
        },
        {
          "prefix_length": 70,
          "prefix_token_ids_sha256": "a820642ca616d6dec7a523ade310075cc56497cf9aa7bec1e55a118bd685bd4c",
          "step": 3
        },
        {
          "prefix_length": 71,
          "prefix_token_ids_sha256": "c18e3d0f1ad622f1305345ffecd74815cd8262db5069a1a5c36752cac2599f93",
          "step": 4
        },
        {
          "prefix_length": 72,
          "prefix_token_ids_sha256": "b242ae15faa0709ba9b420ba2b4031d1b428d7d2b6c00639494b647d20093f9c",
          "step": 5
        },
        {
          "prefix_length": 73,
          "prefix_token_ids_sha256": "97c0e31b46e382ab9f02a6b53a3491227d332d9479c8a2c0f7249e58c4fc09aa",
          "step": 6
        },
        {
          "prefix_length": 74,
          "prefix_token_ids_sha256": "888f995db6abd3d268c96924423d10858f5ee7aa7b1fe499c451153b5c80e393",
          "step": 7
        },
        {
          "prefix_length": 75,
          "prefix_token_ids_sha256": "026494117e22b3d0bb1dbf570e457c78c5ca2db187398a787bb4f0dbb139e8e5",
          "step": 8
        },
        {
          "prefix_length": 76,
          "prefix_token_ids_sha256": "64a32e9c125dd400e5a010f0a8a0282b3fc9e387cb76a2a38d4478c0e35f381a",
          "step": 9
        },
        {
          "prefix_length": 77,
          "prefix_token_ids_sha256": "20f15adce4ab4b6a0b406792a5caba229bc62e49c0ac7d9511719b637162f4c1",
          "step": 10
        },
        {
          "prefix_length": 78,
          "prefix_token_ids_sha256": "3d1c99242c83bb8cc0f20c2208707eee04301a5b58c40d0cb13d0e7134af6854",
          "step": 11
        },
        {
          "prefix_length": 79,
          "prefix_token_ids_sha256": "62f88d26e77a569239c70e0d963ade684f65117439673f4905d80f4cc8b39d51",
          "step": 12
        },
        {
          "prefix_length": 80,
          "prefix_token_ids_sha256": "f1c96f256658078408d5cc43424b28e3f861cb5165e743a545a4dc38b5573a0e",
          "step": 13
        },
        {
          "prefix_length": 81,
          "prefix_token_ids_sha256": "fadfc11b180302521f1bef73aa660ef8109c8022cb3fa157c87a3f84c04cf988",
          "step": 14
        },
        {
          "prefix_length": 82,
          "prefix_token_ids_sha256": "4c3c65ce88a3d08a588e77fc5e715a37a42a538525daf4382539fd15346f9b16",
          "step": 15
        },
        {
          "prefix_length": 83,
          "prefix_token_ids_sha256": "7ce1a83ed400bab9914639437f9e344a9fed5f9376c8eef799b66d2809ba9503",
          "step": 16
        },
        {
          "prefix_length": 84,
          "prefix_token_ids_sha256": "08db89d54361f9d9faa29a092578c19a26b5666fd0aefad63a3fd637e9256914",
          "step": 17
        },
        {
          "prefix_length": 85,
          "prefix_token_ids_sha256": "847b2f1d29eaa7a9c4eaffdd589f3db1950ad44a1699ac75440f67565be34199",
          "step": 18
        },
        {
          "prefix_length": 86,
          "prefix_token_ids_sha256": "be879dbcf77380322b0ced33321f9aa49e13e90f72467072a65f657e947f537d",
          "step": 19
        },
        {
          "prefix_length": 87,
          "prefix_token_ids_sha256": "1bd7d9cd51a0569a7b2c0b5ae34fd64e34787e843698dc466ae5c7ceca5ac782",
          "step": 20
        },
        {
          "prefix_length": 88,
          "prefix_token_ids_sha256": "a433f6d05fa86ac0428d51ab429fe0e9e46a9dfc29535ee5452f0de8fa862371",
          "step": 21
        },
        {
          "prefix_length": 89,
          "prefix_token_ids_sha256": "a1a2289ff69d2643bb82b7008e94620dc6d34ba804bbc04107ad3fa3147f713a",
          "step": 22
        },
        {
          "prefix_length": 90,
          "prefix_token_ids_sha256": "ccec3c1df2965072b0ed34e2ab77fcd1f7486e75f014174b3a0968fbf4a9f9a6",
          "step": 23
        },
        {
          "prefix_length": 91,
          "prefix_token_ids_sha256": "9ee29544754a5746b95fadfe0aa17983042bd8aa796ec5b15e1330382a1e9fab",
          "step": 24
        },
        {
          "prefix_length": 92,
          "prefix_token_ids_sha256": "ce192082113e174e06041e4ee4eb66f6dede4075c7d871092859e9b6d1cb500f",
          "step": 25
        },
        {
          "prefix_length": 93,
          "prefix_token_ids_sha256": "c7fd82299af482acb82a3e59ccbb083606388a53e73a334ef83e8c9122f7a13d",
          "step": 26
        },
        {
          "prefix_length": 94,
          "prefix_token_ids_sha256": "28aceab811863995fa9feec2a70c21023b420dfb73a80516789a93baa1927f57",
          "step": 27
        },
        {
          "prefix_length": 95,
          "prefix_token_ids_sha256": "d27255a720d58da31d1e537e0684891371b74bdc3ecd81c5269df37c09a35baf",
          "step": 28
        },
        {
          "prefix_length": 96,
          "prefix_token_ids_sha256": "a1575056f7e35c888549a7602fb7bd2a7aa314264c0ac243bb19e9724c253684",
          "step": 29
        },
        {
          "prefix_length": 97,
          "prefix_token_ids_sha256": "6dd37bbd6d39a507b5894f6f3ef047c274db5c9b0fe940965143878b52820b1a",
          "step": 30
        },
        {
          "prefix_length": 98,
          "prefix_token_ids_sha256": "92bc006ffc3f61f556f13e0a1001acccae151d29f2064074dc1aee416d294171",
          "step": 31
        },
        {
          "prefix_length": 99,
          "prefix_token_ids_sha256": "f4d0808244bc230444c1f5ac462ed6369110858a9b478a79c0fca8263dccff79",
          "step": 32
        },
        {
          "prefix_length": 100,
          "prefix_token_ids_sha256": "4646fbd92bec6fb409baa4059e5690d936f267b6bddf616aafd715f3dd025e38",
          "step": 33
        },
        {
          "prefix_length": 101,
          "prefix_token_ids_sha256": "1be6e00609fdac96336d0229c8a67d6f750d7a2d19fc99b8b01ef6d2805d575c",
          "step": 34
        },
        {
          "prefix_length": 102,
          "prefix_token_ids_sha256": "86456a76df03d2ae6fb9debf1e78d4f907470e8e135dcb2041f014820827539a",
          "step": 35
        },
        {
          "prefix_length": 103,
          "prefix_token_ids_sha256": "1d2032e52cf8ccd34f9c0f577cd6fbb8a0c512bf8ac4166e62d44564bed1cbd0",
          "step": 36
        },
        {
          "prefix_length": 104,
          "prefix_token_ids_sha256": "cff85c2eb5a68ae820ee27aefe4535fe281d68508a091088bd0ef77ad1d7adab",
          "step": 37
        },
        {
          "prefix_length": 105,
          "prefix_token_ids_sha256": "49634e0ae9b53bee16ddfb74882467023dc780a461cac31768bd6f85369ee923",
          "step": 38
        },
        {
          "prefix_length": 106,
          "prefix_token_ids_sha256": "0159dac81ec108942bf48331fd2ba5b829c9a6802ed9c950b74794fa7fc6100b",
          "step": 39
        },
        {
          "prefix_length": 107,
          "prefix_token_ids_sha256": "062d9407d33426967579019953989b3d37f006f5421c73074efe83283fc99ec7",
          "step": 40
        },
        {
          "prefix_length": 108,
          "prefix_token_ids_sha256": "33f67eead6ac1e9bf9841d809790b249a3718a65902c30453c3fbccb0cc93a7e",
          "step": 41
        },
        {
          "prefix_length": 109,
          "prefix_token_ids_sha256": "1b7e24ef11bd9cdf335e988e52276a837d2e6ef51d40921801160373a6e2679c",
          "step": 42
        },
        {
          "prefix_length": 110,
          "prefix_token_ids_sha256": "9b68a6a5310d15c90f9de7f3843a82dc3f2927a64b320e491ecdaeaa385fb4b7",
          "step": 43
        },
        {
          "prefix_length": 111,
          "prefix_token_ids_sha256": "0ba5cf147beefd618322f656e1e7ad1acae250ba720367fc76c83e047a472c25",
          "step": 44
        },
        {
          "prefix_length": 112,
          "prefix_token_ids_sha256": "ae71930707fc81f0cd7fe08ebd9a195f744fc934ccd96d1987e88369c5975815",
          "step": 45
        },
        {
          "prefix_length": 113,
          "prefix_token_ids_sha256": "528f149f8337ae5aea0228e1ad66d651bf8a5c994ed22244788b05d9e521c2ba",
          "step": 46
        },
        {
          "prefix_length": 114,
          "prefix_token_ids_sha256": "c4ca6cf83a614596b37ffb7477b21fe90cb8d4a4af18645be3cbafc3ed2167b9",
          "step": 47
        },
        {
          "prefix_length": 115,
          "prefix_token_ids_sha256": "0caf4f2c19bd3203f14b8386b799af1dade10d21b8f2bd0516ee4ef852da7b8e",
          "step": 48
        },
        {
          "prefix_length": 116,
          "prefix_token_ids_sha256": "20e84f0dd89253d01c26e3a27b53998f42ba9de1532b4cd3c2f141c431868f88",
          "step": 49
        },
        {
          "prefix_length": 117,
          "prefix_token_ids_sha256": "306a3929bf66bef09fcde5b59a77ee29c43f8f14a287d6a5f5953cebe5110704",
          "step": 50
        },
        {
          "prefix_length": 118,
          "prefix_token_ids_sha256": "c2eebf7a0e3aa6cd9012044a4bfcc4a1620805ab4ff3e8e538ab288279e3c56b",
          "step": 51
        },
        {
          "prefix_length": 119,
          "prefix_token_ids_sha256": "e334fff6e4f5c851c55d34c317b58f7707b7d9f954fdcb27bc4e19571aba9f1c",
          "step": 52
        },
        {
          "prefix_length": 120,
          "prefix_token_ids_sha256": "35f052dfe9b572ab69ca725729becbbcc704c70fb9bd882a5a4805b14b007e64",
          "step": 53
        },
        {
          "prefix_length": 121,
          "prefix_token_ids_sha256": "000f792d158ae70d16f0537822d448d5f0b94debaa7cd0131e0880733de5c96f",
          "step": 54
        },
        {
          "prefix_length": 122,
          "prefix_token_ids_sha256": "f117e0c3765e1d3a23ef4069529fa37065dd5cc5eb15ca66aa9a3af3e26dd79f",
          "step": 55
        },
        {
          "prefix_length": 123,
          "prefix_token_ids_sha256": "52328680de7e507ea8a5bfcee7221f74cb51fe7aaba54362df1e6181d5faad6a",
          "step": 56
        },
        {
          "prefix_length": 124,
          "prefix_token_ids_sha256": "0b5d2a74d762016b1ad578ce5eb47a356d5b6060bc2ddb6eb7ef79d129cb59b7",
          "step": 57
        },
        {
          "prefix_length": 125,
          "prefix_token_ids_sha256": "f95a3a87193b8d314bcab9453152bf46090eeb9eed6fa170a78a8bc3626c7bec",
          "step": 58
        },
        {
          "prefix_length": 126,
          "prefix_token_ids_sha256": "475c8c0a3e25904b333ad4b4f2edbd10943c7d8596a48445f856f8937f6029e2",
          "step": 59
        },
        {
          "prefix_length": 127,
          "prefix_token_ids_sha256": "0aa595938c4382f3e8fd75c89016c4f31727f858497cbcd61e83434ae95a2cf9",
          "step": 60
        },
        {
          "prefix_length": 128,
          "prefix_token_ids_sha256": "c8dcd23eedcd183b18e302f10fa4e24e461826191a981a22d80724d6fc6eebb3",
          "step": 61
        },
        {
          "prefix_length": 129,
          "prefix_token_ids_sha256": "8be9bb425e5b1c7c85a8d6de08b338a5d649bc85f5a9ba6fbf47f51b7b5109c0",
          "step": 62
        },
        {
          "prefix_length": 130,
          "prefix_token_ids_sha256": "4ecf602f950e5ca33446def1df25f7a7a43bf25a69516f900f06cd1ec5fa1cd0",
          "step": 63
        },
        {
          "prefix_length": 131,
          "prefix_token_ids_sha256": "a1b5a6f7edb40cc2ebc713aee988f83ab536c26133e98b89f3a5f6a1e356e874",
          "step": 64
        },
        {
          "prefix_length": 132,
          "prefix_token_ids_sha256": "1d3a50fba2c6e3ef0a98376d6a7c8010f32b9977a6ece5c2498240ffc802a398",
          "step": 65
        },
        {
          "prefix_length": 133,
          "prefix_token_ids_sha256": "de73871e23d473d0fe42f64c55396ecc4eec6599124e6bffab69b2ba2d6cc6ed",
          "step": 66
        },
        {
          "prefix_length": 134,
          "prefix_token_ids_sha256": "152f28ba0b0246ed0cd3716564f69c673bbf598c37b214036f7307e00e859f10",
          "step": 67
        },
        {
          "prefix_length": 135,
          "prefix_token_ids_sha256": "38c91d472ba82fb993b0063acb80dc18c4923cb3192b3ae0c500fed49086d6d3",
          "step": 68
        },
        {
          "prefix_length": 136,
          "prefix_token_ids_sha256": "21e3efc7a209bf5042c3a805105b70c5431d2d95e54c6e62e1c7145120ddc7fe",
          "step": 69
        },
        {
          "prefix_length": 137,
          "prefix_token_ids_sha256": "24436ba70ae787106580cc4ba44a897776b94a181c3a61a8af34b7dd22d379d4",
          "step": 70
        },
        {
          "prefix_length": 138,
          "prefix_token_ids_sha256": "bb0d06f8afaebd1590463c788fc732f321f4c98de9240fe7c805c70e5043a297",
          "step": 71
        },
        {
          "prefix_length": 139,
          "prefix_token_ids_sha256": "c4a3dd9121b1e930a4a01970873e3e3558cbf9e7f8a509e8756866ac04984360",
          "step": 72
        },
        {
          "prefix_length": 140,
          "prefix_token_ids_sha256": "b052e92886eae2e0f7f78f75fd6d1dd9fd7448cce05bbd9c7cb1d737b9ef421c",
          "step": 73
        },
        {
          "prefix_length": 141,
          "prefix_token_ids_sha256": "07d78f8ebad6352becef4173e383cddf90c041f69b7c87d72150f707992b79a7",
          "step": 74
        },
        {
          "prefix_length": 142,
          "prefix_token_ids_sha256": "dff5ee0043e4eed637e63c8de7335e6298adf0ddc62fafcd5ad615b648adce6f",
          "step": 75
        },
        {
          "prefix_length": 143,
          "prefix_token_ids_sha256": "2c68f712dfe74d9bffa5fbecdc23d5945dafe673c6ea3daea03cc6b2b8d429fb",
          "step": 76
        },
        {
          "prefix_length": 144,
          "prefix_token_ids_sha256": "d615bceb9c113890b0a0f9de673df364e6ca02eae2c776358da1562712445a31",
          "step": 77
        },
        {
          "prefix_length": 145,
          "prefix_token_ids_sha256": "aa7d0690f9b295eb4ceb83774b88c077d23474ce4a7d19a4051b35bd19b3165d",
          "step": 78
        },
        {
          "prefix_length": 146,
          "prefix_token_ids_sha256": "bb9c7c845a1ce9c1f11d63facad46b8c7c3fd9641977328f221243ed1b516a1b",
          "step": 79
        },
        {
          "prefix_length": 147,
          "prefix_token_ids_sha256": "ba932b6c8745c3a19842e17bca543716d63098711aa975b950a0028b4db15901",
          "step": 80
        },
        {
          "prefix_length": 148,
          "prefix_token_ids_sha256": "4329b78b9c6ed5db67a0b16f00baac1b2314c92a0084cc476923f13523f6e6dd",
          "step": 81
        },
        {
          "prefix_length": 149,
          "prefix_token_ids_sha256": "c024b329856b519cbe272fe4941f7895140b93038fdd7f08ffe489fc8d2abda2",
          "step": 82
        },
        {
          "prefix_length": 150,
          "prefix_token_ids_sha256": "98133744a843eeff813b6bc4e1db471bdfa77e3ab8874d5e469d5adf8b6cba9b",
          "step": 83
        },
        {
          "prefix_length": 151,
          "prefix_token_ids_sha256": "121abcbd3081ac165ad0588ff86e3f7cec0212bd0c91b4ebd09fbbc47af64d3f",
          "step": 84
        },
        {
          "prefix_length": 152,
          "prefix_token_ids_sha256": "1892e72df09f27c635b68c6f745120b32a1f2fe08f13d0a21c3e7e7dc95e54d6",
          "step": 85
        },
        {
          "prefix_length": 153,
          "prefix_token_ids_sha256": "8e84804e7b9402adea5e7e54e9e1b931f9a4630a913f1cc15bded8835c4ed307",
          "step": 86
        },
        {
          "prefix_length": 154,
          "prefix_token_ids_sha256": "06e9f3369b69daf3d4f17cc09a3fab8fe61ac59df1344c0c159da70cc228d186",
          "step": 87
        }
      ],
      "generated_answer": "72",
      "generated_token_ids": [
        8368,
        42299,
        9189,
        643,
        56,
        30848,
        291,
        16983,
        46,
        661,
        6604,
        44,
        1791,
        9189,
        3434,
        376,
        1523,
        30848,
        376,
        1791,
        2770,
        291,
        16983,
        44,
        563,
        305,
        643,
        56,
        1255,
        402,
        328,
        402,
        52,
        30848,
        46,
        1798,
        1134,
        264,
        1543,
        786,
        286,
        30848,
        1791,
        9189,
        291,
        16983,
        295,
        6604,
        44,
        358,
        1874,
        264,
        786,
        286,
        30848,
        1791,
        9189,
        291,
        727,
        4712,
        58,
        643,
        56,
        425,
        402,
        52,
        328,
        1048,
        50,
        30848,
        46,
        2076,
        44,
        7114,
        42299,
        9189,
        259,
        1543,
        286,
        1048,
        50,
        30848,
        291,
        16983,
        295,
        6604,
        46,
        65508
      ],
      "generated_tokens": 88,
      "hit_max_new_tokens": false,
      "nonempty_text": true,
      "repetition_onset": null,
      "substantive_text": "Natalia sold 48 clips in April. In May, she sold half as many clips as she did in April, which is 48 / 2 = 24 clips. To find the total number of clips she sold in April and May, we add the number of clips she sold in each month: 48 + 24 = 72 clips. Therefore, Natalia sold a total of 72 clips in April and May.",
      "teacher_answer": "72",
      "teacher_answer_match": true,
      "teacher_text": "Natalia sold 48 clips in April. In May, she sold half as many clips as she did in April, which is 48 / 2 = 24 clips. To find the total number of clips she sold in April and May, we add the number of clips she sold in each month: 48 + 24 = 72 clips. Therefore, Natalia sold a total of 72 clips in April and May.<|end_turn|>",
      "teacher_valid_answer_tokens": 88,
      "text": "Natalia sold 48 clips in April. In May, she sold half as many clips as she did in April, which is 48 / 2 = 24 clips. To find the total number of clips she sold in April and May, we add the number of clips she sold in each month: 48 + 24 = 72 clips. Therefore, Natalia sold a total of 72 clips in April and May.<|end_turn|>"
    },
    {
      "ended_naturally": true,
      "example_id": 1,
      "fallback_allowed": true,
      "first_32_teacher_token_match_fraction": 0.9375,
      "full_prefix_lengths": [
        61,
        62,
        63,
        64,
        65,
        66,
        67,
        68,
        69,
        70,
        71,
        72,
        73,
        74,
        75,
        76,
        77,
        78,
        79,
        80,
        81,
        82,
        83,
        84,
        85,
        86,
        87,
        88,
        89,
        90,
        91,
        92,
        93,
        94,
        95,
        96,
        97,
        98,
        99,
        100,
        101,
        102,
        103,
        104,
        105,
        106,
        107,
        108,
        109,
        110,
        111,
        112,
        113,
        114,
        115,
        116,
        117
      ],
      "full_prefix_traces": [
        {
          "prefix_length": 61,
          "prefix_token_ids_sha256": "10ad5f331084fe2ae49c5a2cfdcfa71662f904229d1e9d222a6a4957907012ec",
          "step": 0
        },
        {
          "prefix_length": 62,
          "prefix_token_ids_sha256": "6df1a36407cae9880526c14638a4f02ec3bb5b6c0a098aa9ff23a27199dc41c3",
          "step": 1
        },
        {
          "prefix_length": 63,
          "prefix_token_ids_sha256": "673bb34de3dd5fcbe194b9294f1fa97f271a3522367bf09aa846ee2ef7786c9c",
          "step": 2
        },
        {
          "prefix_length": 64,
          "prefix_token_ids_sha256": "c2eb9b52cd635fb156ebd9f7817e439d120f217563f05c178f1a35d6a9c87f18",
          "step": 3
        },
        {
          "prefix_length": 65,
          "prefix_token_ids_sha256": "7a7c3d497c2b15543b401bbede70813b5c5ca4da95afcc0b4da5b4b240d4190c",
          "step": 4
        },
        {
          "prefix_length": 66,
          "prefix_token_ids_sha256": "10ae408490814385db8db005ca45ba125f677e5f7b8533f302b653ea74a101ec",
          "step": 5
        },
        {
          "prefix_length": 67,
          "prefix_token_ids_sha256": "7c951f12b602f5190642bd63ad365026d3e93377c45b991dc4e0db6b5a38f367",
          "step": 6
        },
        {
          "prefix_length": 68,
          "prefix_token_ids_sha256": "2c4657b46b09cd6c90dc22c6e18b6fd3ae74c5ad8737f106751729ed9a6350db",
          "step": 7
        },
        {
          "prefix_length": 69,
          "prefix_token_ids_sha256": "a219753b9a20dc85e5b4d283502a058e809171b1b27b1b2131fc8cfec6d8ff99",
          "step": 8
        },
        {
          "prefix_length": 70,
          "prefix_token_ids_sha256": "cfae3c9bfe17ac2dd3fe3abf5b72bff41c36ac2a74f4e5cad23474dde26dedad",
          "step": 9
        },
        {
          "prefix_length": 71,
          "prefix_token_ids_sha256": "74785dc9470e71066932a60e02cf1b4d1bf4e2742f6453b95e52db69887952b5",
          "step": 10
        },
        {
          "prefix_length": 72,
          "prefix_token_ids_sha256": "8f40e67aba56d29402c276a3abd437f5c68e456df62ea3abf89d388cf98cc0b3",
          "step": 11
        },
        {
          "prefix_length": 73,
          "prefix_token_ids_sha256": "eecff9547231f04300c9ef1df83472267c4b395bc8cbc3cc3f2af23f51f9a930",
          "step": 12
        },
        {
          "prefix_length": 74,
          "prefix_token_ids_sha256": "9aa7f338a7c8c6004db5d2f2de8a5472f6ecadff85a0afab09dafa914f3cb830",
          "step": 13
        },
        {
          "prefix_length": 75,
          "prefix_token_ids_sha256": "caaa64a830841d344998b4ce4c5514c99d260a2ebadb6a53fdf32c3e776cc8d2",
          "step": 14
        },
        {
          "prefix_length": 76,
          "prefix_token_ids_sha256": "5e017a88684d3b8fc8e72fcd155c516e09b754cb20eef336e8b581513a018eb4",
          "step": 15
        },
        {
          "prefix_length": 77,
          "prefix_token_ids_sha256": "abf67a1b819bdac66341404dd4f2cacba31e795788f169672199ef03e9ea3502",
          "step": 16
        },
        {
          "prefix_length": 78,
          "prefix_token_ids_sha256": "ea623a782ba11071426de3a3680bb355f3b7849d571c4ee5c1a81f51890c0d47",
          "step": 17
        },
        {
          "prefix_length": 79,
          "prefix_token_ids_sha256": "716242c7f91d2f90ff7295ada7b97a1c23384a9592f87326fb654e34cbea5d54",
          "step": 18
        },
        {
          "prefix_length": 80,
          "prefix_token_ids_sha256": "0799ed909f122522c4ddf3af2b2da6a959ca1732b2c95f8fef835461329ef262",
          "step": 19
        },
        {
          "prefix_length": 81,
          "prefix_token_ids_sha256": "d3ec75c51867ff13196d69b975948ee1a7796227cd4f566927a8a3030ee2ea92",
          "step": 20
        },
        {
          "prefix_length": 82,
          "prefix_token_ids_sha256": "797eebc45f351e159c328caa0cd3b9f79b4b499f6b9049c51691f29cace8dfb2",
          "step": 21
        },
        {
          "prefix_length": 83,
          "prefix_token_ids_sha256": "8a50ee9435cd910cf343cb953a0a14b1db6d38b9a1237e0ea1a76e9ac7769dc8",
          "step": 22
        },
        {
          "prefix_length": 84,
          "prefix_token_ids_sha256": "2fee1d4e8631e77f3b15b42a45f9768c2b6883ee78bafafe422829a5f63f3883",
          "step": 23
        },
        {
          "prefix_length": 85,
          "prefix_token_ids_sha256": "ea7b1df5f25e722405aaa8217c4f393e854791e22bca310edcc5ba25164e051e",
          "step": 24
        },
        {
          "prefix_length": 86,
          "prefix_token_ids_sha256": "f03df2606345f9a1ee137d1770b6608eb4baee366b16b12eeff99eb31e27738a",
          "step": 25
        },
        {
          "prefix_length": 87,
          "prefix_token_ids_sha256": "3ed659f6095126dcb6dba506703e24c4128ee144cd188bd9ccc54682151fc816",
          "step": 26
        },
        {
          "prefix_length": 88,
          "prefix_token_ids_sha256": "8ce034a4ffc1b48eea9863132a337a84fd12bfedaca27425fd4d59390c222c74",
          "step": 27
        },
        {
          "prefix_length": 89,
          "prefix_token_ids_sha256": "ff0324ffcae80674bfdabe19dc9c5432ae8c4e51f691b6834fe0819918b40740",
          "step": 28
        },
        {
          "prefix_length": 90,
          "prefix_token_ids_sha256": "f940fab2a7a0839f1df09eb0f9c83dced50e2df0e1c6b6e1f35c9b61210bd417",
          "step": 29
        },
        {
          "prefix_length": 91,
          "prefix_token_ids_sha256": "fe064739921b1185020bc5857a06d478f977c06bd72e9adb419927a87b22d70b",
          "step": 30
        },
        {
          "prefix_length": 92,
          "prefix_token_ids_sha256": "92c5edd33569a76bd3beb3007f1d5d2cae6cc71c79b5b764cde598c4b4841b52",
          "step": 31
        },
        {
          "prefix_length": 93,
          "prefix_token_ids_sha256": "db7d54ed381c61420f83b972ec134a19fba5034eef66250a6d8e5a3c34ef1978",
          "step": 32
        },
        {
          "prefix_length": 94,
          "prefix_token_ids_sha256": "a3cfcd1de610234ff44ae239ed9d13842ed197e74faef2eedf6e34788eb7e7c8",
          "step": 33
        },
        {
          "prefix_length": 95,
          "prefix_token_ids_sha256": "64c843f20638db3c9b38dd5a8a434ad21d149acc3adaa155d03e9ad4b0ba624c",
          "step": 34
        },
        {
          "prefix_length": 96,
          "prefix_token_ids_sha256": "0d2309b22c4635caf65b27f5b560276ec9b9ca00b6cac6a6f23686d62c600ec0",
          "step": 35
        },
        {
          "prefix_length": 97,
          "prefix_token_ids_sha256": "5a5fd20c6f110ae9e99086b20993a9761e498941a77bf505ad7f509531e8982c",
          "step": 36
        },
        {
          "prefix_length": 98,
          "prefix_token_ids_sha256": "21ec9b5db7ca31b1c9c0529fc45ae65ff459230cc153ceed520f6d81614a4319",
          "step": 37
        },
        {
          "prefix_length": 99,
          "prefix_token_ids_sha256": "128c17665e62edbf84158e464b6833ab8843d07320f52aaeec1d7b0475419cf8",
          "step": 38
        },
        {
          "prefix_length": 100,
          "prefix_token_ids_sha256": "b279abcae426fc956abca2410db135ca4c47ba065924d6d9fa8063c20ad6b6ed",
          "step": 39
        },
        {
          "prefix_length": 101,
          "prefix_token_ids_sha256": "a10e9a8e4ecfc28a67715c074a818c443c04f921d5ddfa624b2193fbb6b0fd08",
          "step": 40
        },
        {
          "prefix_length": 102,
          "prefix_token_ids_sha256": "4407249a747788bdda559ac941423469fd93ea62f35bda1b53c4560046bb4888",
          "step": 41
        },
        {
          "prefix_length": 103,
          "prefix_token_ids_sha256": "8dacaa043a195d7f72b4fa1d98577b64a6e6270f1b8b3291f66bbaac9252d4f5",
          "step": 42
        },
        {
          "prefix_length": 104,
          "prefix_token_ids_sha256": "8b19ead28af289f545c0e53f9367e0b3374c710c1f5f005fa708fe3dc929872c",
          "step": 43
        },
        {
          "prefix_length": 105,
          "prefix_token_ids_sha256": "ee98565d9bba72115d770fc58039b9e3d174226568f8325b2fd070ecef11f8a5",
          "step": 44
        },
        {
          "prefix_length": 106,
          "prefix_token_ids_sha256": "f1e3a36e9bfd0007752f0237fe39795249408789eacfa6020521f5d95a603f3c",
          "step": 45
        },
        {
          "prefix_length": 107,
          "prefix_token_ids_sha256": "8f5069acb3de27c643a1aeec761a7b5f0c382d9b4a90581f31a7e2d60caaaa65",
          "step": 46
        },
        {
          "prefix_length": 108,
          "prefix_token_ids_sha256": "f15bcac29957e5e23b803ee203ac4ef76853c0ab2801bdec8334028b7f4a34b4",
          "step": 47
        },
        {
          "prefix_length": 109,
          "prefix_token_ids_sha256": "65813d418492a533978bcb408ec86461d6ad3bd6288954501fc357aa6c9cb999",
          "step": 48
        },
        {
          "prefix_length": 110,
          "prefix_token_ids_sha256": "eae68609b8dfbb12219f2d31728a24d7705348a80b8543ee27daa5c5ee6415b4",
          "step": 49
        },
        {
          "prefix_length": 111,
          "prefix_token_ids_sha256": "6b6272dfeaf4051b6a684226a577bd8ba452a38cac9a7630adb72cf8a8d35198",
          "step": 50
        },
        {
          "prefix_length": 112,
          "prefix_token_ids_sha256": "614546d004d282d08c43a1cf93fff50f7c53f5da5be8b9f8701af6d4be0a160c",
          "step": 51
        },
        {
          "prefix_length": 113,
          "prefix_token_ids_sha256": "10c8ac27596e8f8665e7b3a6560252019a09675223e275fb7ecc4c9a37deec4f",
          "step": 52
        },
        {
          "prefix_length": 114,
          "prefix_token_ids_sha256": "9846b7d6bc7d8a7a5565f5582c97d7e28c2aef821d061497646ab687c881b57d",
          "step": 53
        },
        {
          "prefix_length": 115,
          "prefix_token_ids_sha256": "43d28dfb25f4247f9ce0d36258a0fb7f94ad4350d72dc0f668c33b200ded733a",
          "step": 54
        },
        {
          "prefix_length": 116,
          "prefix_token_ids_sha256": "79f5a5677470294502c6fc5520cbdefb5045107cbabdec39f14eabcff225b86b",
          "step": 55
        },
        {
          "prefix_length": 117,
          "prefix_token_ids_sha256": "eedc5d8788c626a9e5b59f8bce99e764364dcbc33be00b0291be10f0a851dc57",
          "step": 56
        }
      ],
      "generated_answer": "60",
      "generated_token_ids": [
        1401,
        2861,
        493,
        8687,
        582,
        19728,
        44,
        358,
        1079,
        302,
        7045,
        1541,
        34989,
        26464,
        404,
        264,
        786,
        286,
        3881,
        1791,
        9518,
        46,
        917,
        264,
        4623,
        58,
        10,
        36,
        49,
        50,
        28690,
        848,
        742,
        48,
        4398,
        328,
        269,
        54,
        48,
        10,
        2862,
        44,
        493,
        8687,
        14898,
        269,
        54,
        48,
        330,
        51171,
        7862,
        330,
        742,
        48,
        4398,
        46,
        65508
      ],
      "generated_tokens": 57,
      "hit_max_new_tokens": false,
      "nonempty_text": true,
      "repetition_onset": null,
      "substantive_text": "To calculate Weng's earnings, we need to multiply her hourly wage by the number of hours she worked. \n\n the calculation:\n$12/hour * 50 minutes = $60\nTherefore, Weng earned $60 for babysitting for 50 minutes.",
      "teacher_answer": "60",
      "teacher_answer_match": true,
      "teacher_text": "To calculate Weng's earnings, we need to multiply her hourly wage by the number of minutes she worked. Here's the calculation:\n$12/hour * 50 minutes = $60\nTherefore, Weng earned $60 for babysitting for 50 minutes.<|end_turn|>",
      "teacher_valid_answer_tokens": 57,
      "text": "To calculate Weng's earnings, we need to multiply her hourly wage by the number of hours she worked. \n\n the calculation:\n$12/hour * 50 minutes = $60\nTherefore, Weng earned $60 for babysitting for 50 minutes.<|end_turn|>"
    },
    {
      "ended_naturally": true,
      "example_id": 2,
      "fallback_allowed": true,
      "first_32_teacher_token_match_fraction": 0.96875,
      "full_prefix_lengths": [
        91,
        92,
        93,
        94,
        95,
        96,
        97,
        98,
        99,
        100,
        101,
        102,
        103,
        104,
        105,
        106,
        107,
        108,
        109,
        110,
        111,
        112,
        113,
        114,
        115,
        116,
        117,
        118,
        119,
        120,
        121,
        122,
        123,
        124,
        125,
        126,
        127,
        128,
        129,
        130,
        131,
        132,
        133,
        134,
        135,
        136,
        137,
        138,
        139,
        140,
        141,
        142,
        143,
        144,
        145,
        146,
        147,
        148,
        149,
        150,
        151,
        152,
        153,
        154,
        155,
        156,
        157,
        158,
        159,
        160,
        161,
        162,
        163,
        164,
        165,
        166,
        167,
        168,
        169,
        170,
        171,
        172,
        173,
        174,
        175,
        176,
        177,
        178,
        179,
        180,
        181,
        182,
        183,
        184,
        185,
        186,
        187,
        188,
        189,
        190,
        191,
        192,
        193,
        194,
        195,
        196,
        197,
        198,
        199,
        200,
        201,
        202,
        203,
        204,
        205,
        206,
        207,
        208,
        209,
        210,
        211,
        212,
        213,
        214,
        215,
        216,
        217,
        218,
        219,
        220,
        221,
        222,
        223,
        224,
        225,
        226,
        227,
        228,
        229,
        230,
        231,
        232,
        233,
        234,
        235,
        236,
        237,
        238,
        239,
        240,
        241,
        242,
        243,
        244,
        245,
        246,
        247,
        248,
        249,
        250,
        251,
        252,
        253,
        254,
        255,
        256,
        257,
        258,
        259,
        260,
        261,
        262,
        263,
        264,
        265,
        266,
        267,
        268,
        269
      ],
      "full_prefix_traces": [
        {
          "prefix_length": 91,
          "prefix_token_ids_sha256": "d4e1509afac8b12ff6f6ef999a18f9f06de6c0320b11d2a48fb6433c34be92fb",
          "step": 0
        },
        {
          "prefix_length": 92,
          "prefix_token_ids_sha256": "1e441150a8fd5f30a98bbbb23dcb8f399d936bc634068c26501037e962a51eb6",
          "step": 1
        },
        {
          "prefix_length": 93,
          "prefix_token_ids_sha256": "a209c6da6d025f255a69866298ee8fc3aeb482ed8c53f216b46a14fd6a86a30a",
          "step": 2
        },
        {
          "prefix_length": 94,
          "prefix_token_ids_sha256": "0690760b33aedead9e55d00151c189618dda14fd441bf4940123e3d1fc0d7768",
          "step": 3
        },
        {
          "prefix_length": 95,
          "prefix_token_ids_sha256": "9bd0bef7a497df3ea14a15dd74bf4128b03e00aa2bbaeef46053873bcdb12bdf",
          "step": 4
        },
        {
          "prefix_length": 96,
          "prefix_token_ids_sha256": "6d22992263a63fe3d773fc56479d98a089d18b1ed0f3e3fcfef9d42788427ba9",
          "step": 5
        },
        {
          "prefix_length": 97,
          "prefix_token_ids_sha256": "96ae57b9a1f553a4a1dd7c873b4c686a763ddf44899eeabf1dac9c1e32da9597",
          "step": 6
        },
        {
          "prefix_length": 98,
          "prefix_token_ids_sha256": "cefb3af75bab1b2932228e6b38c76e1a280251d1005d23561c37fefebf20153f",
          "step": 7
        },
        {
          "prefix_length": 99,
          "prefix_token_ids_sha256": "6e168b9fd607482298ae3a83c6731a95397c0a2a9aa9e2bf60b47e8bdf0649d5",
          "step": 8
        },
        {
          "prefix_length": 100,
          "prefix_token_ids_sha256": "a235d3a830fc44e817e4e0cd1429447629ba5c088100fc39f072ac3d2fcfacb4",
          "step": 9
        },
        {
          "prefix_length": 101,
          "prefix_token_ids_sha256": "2255b5aca48a2b75712a347f56bd7f86a158ff0d0b325792d711be4c984dcd87",
          "step": 10
        },
        {
          "prefix_length": 102,
          "prefix_token_ids_sha256": "3c8e2321434dd8792aa4daf64fcdf92e82c0f932d932bc6b1d8f1f3fd95817b7",
          "step": 11
        },
        {
          "prefix_length": 103,
          "prefix_token_ids_sha256": "75aa863dd673d3949ca086dc15e6bae4b7e3f85324fb651a912921514500fc71",
          "step": 12
        },
        {
          "prefix_length": 104,
          "prefix_token_ids_sha256": "6808705d990aa26b6bd3680b007d163ea61c78fd5dc7379292b16a9f83c1d5c3",
          "step": 13
        },
        {
          "prefix_length": 105,
          "prefix_token_ids_sha256": "e04477d06de225c8a9972399ba8d5e110b2e071acdba9edf1f3c6ff54913e4bd",
          "step": 14
        },
        {
          "prefix_length": 106,
          "prefix_token_ids_sha256": "a350a57f0b2a76a585caff2068d1fa2b7999a7eb9a8945f58fc0867735710240",
          "step": 15
        },
        {
          "prefix_length": 107,
          "prefix_token_ids_sha256": "f70761ca8f7aa8eb61810881390459eaff64aa73b550db964622922ea6462497",
          "step": 16
        },
        {
          "prefix_length": 108,
          "prefix_token_ids_sha256": "96d1ae838629e8fb9b063453d411ccc4174b40d56e42eb763497e7c89e937437",
          "step": 17
        },
        {
          "prefix_length": 109,
          "prefix_token_ids_sha256": "cc9faf50827f9fdb49ac026e5c9b94796b9c6aa4d170b7b551fed94b9ce52e70",
          "step": 18
        },
        {
          "prefix_length": 110,
          "prefix_token_ids_sha256": "33401fe57c63b390ef8404e750671deb055f16b5297eea0c60127138fe525d3f",
          "step": 19
        },
        {
          "prefix_length": 111,
          "prefix_token_ids_sha256": "03364c7eae66365ac542519e5edd963acb02c4406c0f0b2666594ea8c35b7e52",
          "step": 20
        },
        {
          "prefix_length": 112,
          "prefix_token_ids_sha256": "594ce7c43d730be439397b9a6ed5efc8c7c9df4048b1d8d4e54ad909be64efd3",
          "step": 21
        },
        {
          "prefix_length": 113,
          "prefix_token_ids_sha256": "48e1398c33775c4531ae39a39463676f752a06aa8ea6ace5a8a7600f6ad59230",
          "step": 22
        },
        {
          "prefix_length": 114,
          "prefix_token_ids_sha256": "cebfd01e956fe7466214302f9a999273e14a4a9b3209294ffc89a735209c6445",
          "step": 23
        },
        {
          "prefix_length": 115,
          "prefix_token_ids_sha256": "695e576c31fde40d9673ccb1ac5e8999234a647b798abf7fe873b3771a6bdd4e",
          "step": 24
        },
        {
          "prefix_length": 116,
          "prefix_token_ids_sha256": "78c826cc1b6c2ce1483b194564d32ecc3872bc9e656c6f389eb8519a517239da",
          "step": 25
        },
        {
          "prefix_length": 117,
          "prefix_token_ids_sha256": "8990198808be103078ddebabad097dcfbb649c53651e05fcebe8a9eb98fd475b",
          "step": 26
        },
        {
          "prefix_length": 118,
          "prefix_token_ids_sha256": "ce3085a82ba2a1730f6b7c53349e271623780834bbf49085b81eb89d69248e5b",
          "step": 27
        },
        {
          "prefix_length": 119,
          "prefix_token_ids_sha256": "ad7af342d08523809ee5f53f7cc2e47746407422fe5e1a5a102526cdd546feb7",
          "step": 28
        },
        {
          "prefix_length": 120,
          "prefix_token_ids_sha256": "45cc5b45601a75522a04c2fb5b4a1ba0d203ecdde36ea86cbd0d9e9d91d71d45",
          "step": 29
        },
        {
          "prefix_length": 121,
          "prefix_token_ids_sha256": "21d0691bb1d07c444505c938a200ee7f6b9e1913cd380807e5d7d8456d1580e6",
          "step": 30
        },
        {
          "prefix_length": 122,
          "prefix_token_ids_sha256": "b2db7a327d57f544f2f1899a1b971f733a18a6f67944e8bd7bcd6b0ecc65fa76",
          "step": 31
        },
        {
          "prefix_length": 123,
          "prefix_token_ids_sha256": "34d4fc97aa3ceec88e4608ae2f3588b6e3ed1f0cde41cff56fb45713f3be3d48",
          "step": 32
        },
        {
          "prefix_length": 124,
          "prefix_token_ids_sha256": "403517cc13fb528f1555845190f8ad9db75af6889053541124c0a3d9be299299",
          "step": 33
        },
        {
          "prefix_length": 125,
          "prefix_token_ids_sha256": "08832d867730d662d6375ad4e24bdbca68280272f04a002033318a8eb5cee3f5",
          "step": 34
        },
        {
          "prefix_length": 126,
          "prefix_token_ids_sha256": "98417699b309c16615c7c7cbabb01b19ca26338e4c1d95949d5037ffbeab5455",
          "step": 35
        },
        {
          "prefix_length": 127,
          "prefix_token_ids_sha256": "94cf478b265c7c5ee8a266875b01330297b8f6d0cf084b96c523cc17a3de3d51",
          "step": 36
        },
        {
          "prefix_length": 128,
          "prefix_token_ids_sha256": "2e78fe0a41cb830001ee9a21c4813ae827bfdd5b56a22fd1b8cdb40685e43bd2",
          "step": 37
        },
        {
          "prefix_length": 129,
          "prefix_token_ids_sha256": "83728e52213853a539b557fc095479b06620df94bf4a52dc000ec610c5bb26f3",
          "step": 38
        },
        {
          "prefix_length": 130,
          "prefix_token_ids_sha256": "bb54423fd483a8cfb10e0442670afc609b561752b82b1982210f743ae620b7c8",
          "step": 39
        },
        {
          "prefix_length": 131,
          "prefix_token_ids_sha256": "25d773941ca068a14994d9d8117009bd145d112a42424625411a527c0b5fea1f",
          "step": 40
        },
        {
          "prefix_length": 132,
          "prefix_token_ids_sha256": "ad9f97eeef23ef1e88d78e9cfe1f44a9645c537ee7f31117975e794bc18f4a2a",
          "step": 41
        },
        {
          "prefix_length": 133,
          "prefix_token_ids_sha256": "07a97950f67fbc3df88ebf50676634c0cce62816183538679d698a5e77d4d309",
          "step": 42
        },
        {
          "prefix_length": 134,
          "prefix_token_ids_sha256": "c725dace43a2870c5ab1b666f83a34a16bc07d777b7271345c8f095ea4e32230",
          "step": 43
        },
        {
          "prefix_length": 135,
          "prefix_token_ids_sha256": "01858057222093ce96d80451b4664d6dc5b6f85b5c982610ba38b7fcbc517e31",
          "step": 44
        },
        {
          "prefix_length": 136,
          "prefix_token_ids_sha256": "d4990b89c1605e553326b5be008a39596b2354495eb3d3f4d43fcde34e59a8eb",
          "step": 45
        },
        {
          "prefix_length": 137,
          "prefix_token_ids_sha256": "388ce5bb6b095880505a449078f422fe4362025647fb024316290a76a695b5ee",
          "step": 46
        },
        {
          "prefix_length": 138,
          "prefix_token_ids_sha256": "9393e8133a23b8d25fbc38b2e639a54171e055b9cd1037147d7eadc22936e2f2",
          "step": 47
        },
        {
          "prefix_length": 139,
          "prefix_token_ids_sha256": "0fa2c54a11dd33cfbf091be377073c472a397e5bc53249d15997e0361b770d29",
          "step": 48
        },
        {
          "prefix_length": 140,
          "prefix_token_ids_sha256": "675f005c535a162742b22ee20f55c208c7b239da97fb95008a38a161e4e6a90d",
          "step": 49
        },
        {
          "prefix_length": 141,
          "prefix_token_ids_sha256": "1bee3104ccd2f0ac8728ded560f6d247a70290c322ddb6b1610f85fb6035d9be",
          "step": 50
        },
        {
          "prefix_length": 142,
          "prefix_token_ids_sha256": "a26c7d09cfc3c38346e55fafe743a370810d4fdeaae971aaa663cf2ffa8b50f7",
          "step": 51
        },
        {
          "prefix_length": 143,
          "prefix_token_ids_sha256": "48a2573a975ce2e4197cc8fba33e7779f31a6f481843c58a0e5c9aab70513435",
          "step": 52
        },
        {
          "prefix_length": 144,
          "prefix_token_ids_sha256": "f70e7de8e67171b0d3b4138fc6a04a7dc0935a900cd0bc4336b9294c0e26b619",
          "step": 53
        },
        {
          "prefix_length": 145,
          "prefix_token_ids_sha256": "2cfb60ef5e4df2d6df145c02a6cd59fd3b1050a82dd1b33d52a1abcbea126e21",
          "step": 54
        },
        {
          "prefix_length": 146,
          "prefix_token_ids_sha256": "07efd7bb53ed69e57be2fcaa9a020b00ab23ad01c42ffda95bfee6132c55f949",
          "step": 55
        },
        {
          "prefix_length": 147,
          "prefix_token_ids_sha256": "e161b283f837aafe64525d6a038426b0354458b2cb24690808b7682d448af436",
          "step": 56
        },
        {
          "prefix_length": 148,
          "prefix_token_ids_sha256": "f007dd219c1803972fe0cb605d4f3330dbe8509d145a8daf8b1df968ff8538e4",
          "step": 57
        },
        {
          "prefix_length": 149,
          "prefix_token_ids_sha256": "21214b3c2614c574296b0668326054a31ec968ded8d6e832196728275840821d",
          "step": 58
        },
        {
          "prefix_length": 150,
          "prefix_token_ids_sha256": "ef027c15545ef307b13d7e29754f7f168812323fcdc6a8094827de8a03c68ac7",
          "step": 59
        },
        {
          "prefix_length": 151,
          "prefix_token_ids_sha256": "15617602d836bba85e8c29a23e292e3bcab1e963b576623cb917afbce7cf5978",
          "step": 60
        },
        {
          "prefix_length": 152,
          "prefix_token_ids_sha256": "4c4950768c74e4101e5930cb72ad602977e6ac399215c9ed023d502138fa0163",
          "step": 61
        },
        {
          "prefix_length": 153,
          "prefix_token_ids_sha256": "badc7f59aecacd599f046347ffc8f46982fa3a472d5ea703dd50680f63b195f8",
          "step": 62
        },
        {
          "prefix_length": 154,
          "prefix_token_ids_sha256": "2df0517c246f6f067b600c31ba62fadeaf65db3f24f7f3f2ad98c272f3d9c352",
          "step": 63
        },
        {
          "prefix_length": 155,
          "prefix_token_ids_sha256": "0c4aa31e29e1fc347863cf09fa7d3b509244fbbf0bed6c9b6751d9898e88b453",
          "step": 64
        },
        {
          "prefix_length": 156,
          "prefix_token_ids_sha256": "63296501a6c60ec05c19d75084f15b672dec6410786e14c587687c639995b289",
          "step": 65
        },
        {
          "prefix_length": 157,
          "prefix_token_ids_sha256": "86f38e8bb41fe73c792af99632f87ebbfc3562c721e40fb5921f29e5c6a577c3",
          "step": 66
        },
        {
          "prefix_length": 158,
          "prefix_token_ids_sha256": "264df13bba5c6e1ca126ffbceda8487a96ba4af4a3f2b945d7c574026a018118",
          "step": 67
        },
        {
          "prefix_length": 159,
          "prefix_token_ids_sha256": "8c0aee0cab1e29885a768ea21e5a36bb3d8e88709ab70f2e56a7230fcb62015e",
          "step": 68
        },
        {
          "prefix_length": 160,
          "prefix_token_ids_sha256": "cde1daa53d7d1de9f569f369f2ff5de177539e2a1b62910f38cb61c3ca74819a",
          "step": 69
        },
        {
          "prefix_length": 161,
          "prefix_token_ids_sha256": "82b93dd8360a11168717a2de04c9f943d1fdbcb94a244bd4411b1dcb5723789d",
          "step": 70
        },
        {
          "prefix_length": 162,
          "prefix_token_ids_sha256": "60a49a4ba8300876e5d7fd7dc828894a12a21338a9cef41207f8f6e5dd7ab1f5",
          "step": 71
        },
        {
          "prefix_length": 163,
          "prefix_token_ids_sha256": "33fbe26150a826c327e1d56ab331d848686f3856cb8a4dbabc5cc404db0dc39a",
          "step": 72
        },
        {
          "prefix_length": 164,
          "prefix_token_ids_sha256": "cc260ecde0e3c484311bf4bf7cfac2c4b9b240a76d51aa293b59235505723a9e",
          "step": 73
        },
        {
          "prefix_length": 165,
          "prefix_token_ids_sha256": "6cb094b88d8f75af96b6d63f83d8444a2a94fca08bdeb5869e22d9c840db073b",
          "step": 74
        },
        {
          "prefix_length": 166,
          "prefix_token_ids_sha256": "ca46cd360c178ce6b3ead474da21a0de5f9e5cfd10c2e1a01316d8b65f1cc843",
          "step": 75
        },
        {
          "prefix_length": 167,
          "prefix_token_ids_sha256": "90323aad109a0351e6deca21367b5505255a0c718a685a0451987463dee3b4ba",
          "step": 76
        },
        {
          "prefix_length": 168,
          "prefix_token_ids_sha256": "896e023734ec30a5866f93ab3272124390eeeaacf723a21ca2bb1b5fa58e8231",
          "step": 77
        },
        {
          "prefix_length": 169,
          "prefix_token_ids_sha256": "a5f8a50c97a204eaca194e3a5f4ec8ce8b5ba443b946d1505f1cf249810d0a47",
          "step": 78
        },
        {
          "prefix_length": 170,
          "prefix_token_ids_sha256": "375008e1164b342d5d30657949f3fe165166ecdf15ee5af0fe6885498f0973f3",
          "step": 79
        },
        {
          "prefix_length": 171,
          "prefix_token_ids_sha256": "eec8fde4b178ce751af4d9555ed3632876e3078b42e32d9ac5dea4c8b577afb9",
          "step": 80
        },
        {
          "prefix_length": 172,
          "prefix_token_ids_sha256": "3295d295377e40516fc56929429e3f4095064aee82042ee4fb87b2073ff944ca",
          "step": 81
        },
        {
          "prefix_length": 173,
          "prefix_token_ids_sha256": "9541325deb361fd97b78429e10cc58bec970e6e5901e68d6250490cfe260661d",
          "step": 82
        },
        {
          "prefix_length": 174,
          "prefix_token_ids_sha256": "8aa5dfce843d3f1bd6e0c4343b07e40afcfeae29e774ff3be94448d81eb18704",
          "step": 83
        },
        {
          "prefix_length": 175,
          "prefix_token_ids_sha256": "99b0c6651b9916d1b8c7b3c78616169d8bd13e198540a8c02b96ccb5d6b412c3",
          "step": 84
        },
        {
          "prefix_length": 176,
          "prefix_token_ids_sha256": "c92cb600ab3f57b50ec528f78fde0a7587ffa5d8ce4df0a0a70e9e65132ed947",
          "step": 85
        },
        {
          "prefix_length": 177,
          "prefix_token_ids_sha256": "e5f2b1ace917789e8d27eaf3c575b4c4bfba99dc156051162f0c0708717bbcb7",
          "step": 86
        },
        {
          "prefix_length": 178,
          "prefix_token_ids_sha256": "233eeef9f9f427cff361cabc02f781ed46ae72a6cd36502e326d57847a158c2f",
          "step": 87
        },
        {
          "prefix_length": 179,
          "prefix_token_ids_sha256": "9d39279d910e14cfea59d0c1502d8c97e13e03648c8b942424229c2ebc1ec83a",
          "step": 88
        },
        {
          "prefix_length": 180,
          "prefix_token_ids_sha256": "fa601c491b9f3c9d6430b23c9731c19ddda17a98c383dfbfb25bf1690cade33b",
          "step": 89
        },
        {
          "prefix_length": 181,
          "prefix_token_ids_sha256": "178757423b3da41b49c7fbafef00e8d6961e93e12a38ebdfcddb50a2c79833a8",
          "step": 90
        },
        {
          "prefix_length": 182,
          "prefix_token_ids_sha256": "962196080fd31a010021d848b89bdeb5fc028ce89b3bc8afabf4b9093e7b7581",
          "step": 91
        },
        {
          "prefix_length": 183,
          "prefix_token_ids_sha256": "138ea82ba0e01120c8909b9ed9dbd5001a00353a6a43d558721f1a243f6d32a9",
          "step": 92
        },
        {
          "prefix_length": 184,
          "prefix_token_ids_sha256": "fedbd68dee509ed8999a7cb6a9f532637a3e2a45fab49546d9fa121d1fda6fea",
          "step": 93
        },
        {
          "prefix_length": 185,
          "prefix_token_ids_sha256": "b50984ecf0f1af381f33bcf94eb1a84177b36b3dd9a5e027f89d5157a62006e4",
          "step": 94
        },
        {
          "prefix_length": 186,
          "prefix_token_ids_sha256": "21530c5af62d847a52cc7aef626dc5d89e9a6c4dd04e7fe67794d0e9909b8778",
          "step": 95
        },
        {
          "prefix_length": 187,
          "prefix_token_ids_sha256": "3f1c3409cc8f8018c32c8b0fb086a596cdb5fc82ce2c72f60bf2aa26637be100",
          "step": 96
        },
        {
          "prefix_length": 188,
          "prefix_token_ids_sha256": "5589c86ae5e48853718e10e639aba270c815b849854869fddb60a7ba128c582a",
          "step": 97
        },
        {
          "prefix_length": 189,
          "prefix_token_ids_sha256": "52ea1f28edf220db6516014deaa438d36164d8d02a494b7f072612a935a2cf0d",
          "step": 98
        },
        {
          "prefix_length": 190,
          "prefix_token_ids_sha256": "5306ad80f5a3aaf2a77b035e31e7380d756689057b312489b0b65c3645a7eab8",
          "step": 99
        },
        {
          "prefix_length": 191,
          "prefix_token_ids_sha256": "56410d9a423057f42e3c6f74a58455112f870f8fef78dd9551f9ccfa478b9888",
          "step": 100
        },
        {
          "prefix_length": 192,
          "prefix_token_ids_sha256": "8486328e33d57631a07e670bcc289b74aa95fdd6122408b8b85fe659d4c1eb99",
          "step": 101
        },
        {
          "prefix_length": 193,
          "prefix_token_ids_sha256": "2efec664e1469ede12703c316d969f472da1b1799a9ba71d9f2f0f65dde69143",
          "step": 102
        },
        {
          "prefix_length": 194,
          "prefix_token_ids_sha256": "18c8e1db39ddf9a22478a1793b9d3fd22c44170a5c704ffadc714c6787588355",
          "step": 103
        },
        {
          "prefix_length": 195,
          "prefix_token_ids_sha256": "d6167cbdbfd1cfd20ec0d388d9507769932b50fcd40a415b48909c0e1ab960a1",
          "step": 104
        },
        {
          "prefix_length": 196,
          "prefix_token_ids_sha256": "9202aff0545532487009d4aecf26c70b278c53411ea8a5555078c705875a5e3d",
          "step": 105
        },
        {
          "prefix_length": 197,
          "prefix_token_ids_sha256": "a89cfc8101604d9986dadd162cd2d3f67ba830447ca0e6be0240f365bb550a1f",
          "step": 106
        },
        {
          "prefix_length": 198,
          "prefix_token_ids_sha256": "fb09182f3885f58ecca05f6aa8529bf00c02e411d32f721895d070ac3109a368",
          "step": 107
        },
        {
          "prefix_length": 199,
          "prefix_token_ids_sha256": "29aeaa1c9fcb5079e8ed630e677af57853ffe32d4cd6d78c08787c856d80ad88",
          "step": 108
        },
        {
          "prefix_length": 200,
          "prefix_token_ids_sha256": "529e5d925845e3d011981e4dab0e082c7e645ab9b9b6c70841cb449a62a0d3e9",
          "step": 109
        },
        {
          "prefix_length": 201,
          "prefix_token_ids_sha256": "83fc9b9605c9c9ac3f6f37065dc48a075444ca7703d1112c9a6089303e3158e8",
          "step": 110
        },
        {
          "prefix_length": 202,
          "prefix_token_ids_sha256": "caaf76e296539c51fbfdf26fd41bdcfe9f86e60a0431111f9657651789286a30",
          "step": 111
        },
        {
          "prefix_length": 203,
          "prefix_token_ids_sha256": "fbb13f7d12827ff2371d652243df58d1c65d8805a46cf7993e7c53c3521d3c43",
          "step": 112
        },
        {
          "prefix_length": 204,
          "prefix_token_ids_sha256": "370d9cea7ef4be1903d8b7318a9d8e731fa3df31ed3602f4f0341b70eb93bb95",
          "step": 113
        },
        {
          "prefix_length": 205,
          "prefix_token_ids_sha256": "adbca31ef42a483677feee3acd40753d43d6ca96ecd50b0fc2669a639165b067",
          "step": 114
        },
        {
          "prefix_length": 206,
          "prefix_token_ids_sha256": "5c690af0d9217cd9f90d9e1850540fea3a50ba6be5ea380eaf6044ef13af3f90",
          "step": 115
        },
        {
          "prefix_length": 207,
          "prefix_token_ids_sha256": "57c7244d3efaaa6f8f97bc15523eae987bf3ce91f281ad65be36217042d33795",
          "step": 116
        },
        {
          "prefix_length": 208,
          "prefix_token_ids_sha256": "5c30fc0df9bde512e5ac440c468123d0d266303777e04d5a56a0eec09df1abdb",
          "step": 117
        },
        {
          "prefix_length": 209,
          "prefix_token_ids_sha256": "fb103da240eb947db0eb4c789da77007e9d4ef5a5a22dedfd0a12dfa3ec7a96c",
          "step": 118
        },
        {
          "prefix_length": 210,
          "prefix_token_ids_sha256": "e0f7f3844f8624565fe731e2bf01bdeb7f9bc4fbf62bc722e31dfc46f3da3f44",
          "step": 119
        },
        {
          "prefix_length": 211,
          "prefix_token_ids_sha256": "7dd53fc5c761ce8946e11fac40a69bc544d3eb23c3c3bb99c6cc3d1fbdfac0ab",
          "step": 120
        },
        {
          "prefix_length": 212,
          "prefix_token_ids_sha256": "715bc25d78992d2378193ac95dd0ec922d510baf6397dcf4db419a2ea712da79",
          "step": 121
        },
        {
          "prefix_length": 213,
          "prefix_token_ids_sha256": "6440636871293331d0cd908fc14d6249b1e3d76abd55fb4fd0a40382fa18570c",
          "step": 122
        },
        {
          "prefix_length": 214,
          "prefix_token_ids_sha256": "5417782111d872097eb42b0a2ead865f7aeed0ea8561aa6d117ed6800b1fab7e",
          "step": 123
        },
        {
          "prefix_length": 215,
          "prefix_token_ids_sha256": "591b67facb725727621b166f6791e8022695d67d84fd4882dbdfe2844edd3693",
          "step": 124
        },
        {
          "prefix_length": 216,
          "prefix_token_ids_sha256": "e4844903f6b92c31adb9d273411bb5419ebcb4b5fff0c739874dc457c4a4a594",
          "step": 125
        },
        {
          "prefix_length": 217,
          "prefix_token_ids_sha256": "b906248d876dff5897f83ecbf9b34dd8949eeba9587ce88acbe78c6c9d4fb92e",
          "step": 126
        },
        {
          "prefix_length": 218,
          "prefix_token_ids_sha256": "16e102bd02ecf936e079a98bfce4bd24300643c893dbd87aaaa09f17ba9ed77d",
          "step": 127
        },
        {
          "prefix_length": 219,
          "prefix_token_ids_sha256": "66f03345ee12b4b719e647204d7a7e67f4af6d62590053e1fe97a6705113819e",
          "step": 128
        },
        {
          "prefix_length": 220,
          "prefix_token_ids_sha256": "671e0e0bb4ba57c7bac839be8d5948d3b643739b9ba1a98d0498caa305aa7ce3",
          "step": 129
        },
        {
          "prefix_length": 221,
          "prefix_token_ids_sha256": "afa7536c201a0a0b37c59b296c5942b0d38849a07b1bdd226acf384dd1fac186",
          "step": 130
        },
        {
          "prefix_length": 222,
          "prefix_token_ids_sha256": "8ff9477fade4aed64a93f4df741b09108578397b7cd1a7eb05d94814b5ff812b",
          "step": 131
        },
        {
          "prefix_length": 223,
          "prefix_token_ids_sha256": "49e6ef743346d0acad5c7bfa92db5161309fa157f632a4478775185d8232b644",
          "step": 132
        },
        {
          "prefix_length": 224,
          "prefix_token_ids_sha256": "9bacf2b0928b54289c79abfccd69b45fe63f517cfd5ed16541374adef694b9af",
          "step": 133
        },
        {
          "prefix_length": 225,
          "prefix_token_ids_sha256": "6a4617636093a7ad5a7c2e9dbfc1fb3579ad286ed7819eae218a03a3ad8cee49",
          "step": 134
        },
        {
          "prefix_length": 226,
          "prefix_token_ids_sha256": "69e3fa0a9537b9e9c5c9e8cd9a61f9248e69fe44924a45257192e24e8b50c95c",
          "step": 135
        },
        {
          "prefix_length": 227,
          "prefix_token_ids_sha256": "50261e1080be7633c566747f060d15a553d434645796ec1e3abe31906d071dcc",
          "step": 136
        },
        {
          "prefix_length": 228,
          "prefix_token_ids_sha256": "b8e2186f15d9f55885f79fabdb3b9d3369c62463f5c4f5f281fc282efa5ebfb7",
          "step": 137
        },
        {
          "prefix_length": 229,
          "prefix_token_ids_sha256": "7f61b2e6f927845ba66f79d67122f7930a8ec5224c2f2f1fd4d1059e74b7e843",
          "step": 138
        },
        {
          "prefix_length": 230,
          "prefix_token_ids_sha256": "ce726ca9ee323c28aac1bc3ff5058250bc898d697db7b882cd01021d1040efe3",
          "step": 139
        },
        {
          "prefix_length": 231,
          "prefix_token_ids_sha256": "056abd0d723fcdfd2f22793fd31663649378cf3124ad52832ad0e0fa2660b76f",
          "step": 140
        },
        {
          "prefix_length": 232,
          "prefix_token_ids_sha256": "15f2efc079176d3642b7f59f03a8e4e4f277c512d99f52488274852b819a8777",
          "step": 141
        },
        {
          "prefix_length": 233,
          "prefix_token_ids_sha256": "2b5ce3d8dd2105919e65ebbea490b4ee00827c2d5fdb12cb904e3314cab8a68a",
          "step": 142
        },
        {
          "prefix_length": 234,
          "prefix_token_ids_sha256": "0150d254ba6dde57d69599556a48177b959e01237f917bb0c388254c8680dfe4",
          "step": 143
        },
        {
          "prefix_length": 235,
          "prefix_token_ids_sha256": "fea95310032fc517a63beec3c093fb29e9b82402b85c7135f7a20677e884805c",
          "step": 144
        },
        {
          "prefix_length": 236,
          "prefix_token_ids_sha256": "b228ebf4213223bd9b37a1d61d7bcd78c6947d3dc27deeaa496c29e4f7c988d6",
          "step": 145
        },
        {
          "prefix_length": 237,
          "prefix_token_ids_sha256": "95e4f4483355272c0952aadc22842e2b70028d46bc03c7942e2bfdf13bbc6c44",
          "step": 146
        },
        {
          "prefix_length": 238,
          "prefix_token_ids_sha256": "3fe9b71101bc7146b8e6f5c8c6fc7fb23d8dc3781c1429fc44a5ea32eb18620c",
          "step": 147
        },
        {
          "prefix_length": 239,
          "prefix_token_ids_sha256": "08bc19983d43ab97636373bdc67a0d1bc38e931fc23158ff5b9bcb1ae4462282",
          "step": 148
        },
        {
          "prefix_length": 240,
          "prefix_token_ids_sha256": "c3f692928345e77b2c8855819e15f0b5c41e9a35756fecfcbbba91254a0b5eb8",
          "step": 149
        },
        {
          "prefix_length": 241,
          "prefix_token_ids_sha256": "a09881d1df151da32d9fb9554410cf20f5445b3a87f591b0af1650654fef1ae0",
          "step": 150
        },
        {
          "prefix_length": 242,
          "prefix_token_ids_sha256": "97125b6c7828fcd411c1d9037552f628e8094c6cf47d8216d31d47fad6da167b",
          "step": 151
        },
        {
          "prefix_length": 243,
          "prefix_token_ids_sha256": "9526ac6195c886b329002748a44683bae62280fb3dec5aa945a64d4858fa4a4c",
          "step": 152
        },
        {
          "prefix_length": 244,
          "prefix_token_ids_sha256": "159ad502b5e6635ea2fb25346d7c9d3a014890a28f5980a7aadd136f61cd52d8",
          "step": 153
        },
        {
          "prefix_length": 245,
          "prefix_token_ids_sha256": "dccb2323554e7bab19cefc6f0b273959f010ed157520dbc03d6796b6fe0913f7",
          "step": 154
        },
        {
          "prefix_length": 246,
          "prefix_token_ids_sha256": "77c34d12173b18c232a041777ab1dc33cd1ae45d35e7113d8f521ca5740328d5",
          "step": 155
        },
        {
          "prefix_length": 247,
          "prefix_token_ids_sha256": "045604135cc441e1d1c6be3a02cedbe3329e834f1223465b8c448b5840775e6a",
          "step": 156
        },
        {
          "prefix_length": 248,
          "prefix_token_ids_sha256": "df50959ac68f68c86258870891beb42651333956c7efe1e13998077a8b7915fc",
          "step": 157
        },
        {
          "prefix_length": 249,
          "prefix_token_ids_sha256": "3cf2123c3af11c34932dc28539fae9dded950a18aded6e92e014415f955df166",
          "step": 158
        },
        {
          "prefix_length": 250,
          "prefix_token_ids_sha256": "e52ac43a49e4db59e17872c250a90a609617961e185ff69a0a138670099fbbfe",
          "step": 159
        },
        {
          "prefix_length": 251,
          "prefix_token_ids_sha256": "05315666c7c13222f53581f4245e042d2ed4b799c25e3c10386236b691a88c41",
          "step": 160
        },
        {
          "prefix_length": 252,
          "prefix_token_ids_sha256": "fa5ae39f9004227a0d413aec13557846b700a93e86b2a9a8bb99e3a2d9231435",
          "step": 161
        },
        {
          "prefix_length": 253,
          "prefix_token_ids_sha256": "b3eacf7d5c16f34afd8cf741c65bee4dee408d762e61043e0af455e22492d5b4",
          "step": 162
        },
        {
          "prefix_length": 254,
          "prefix_token_ids_sha256": "3d1672eb6e3a797ddc0c361e2f6c7714fe92560668f7f84cf5c3725bdb4d3e98",
          "step": 163
        },
        {
          "prefix_length": 255,
          "prefix_token_ids_sha256": "87af9e159cadefbd7105df408fd8054361baa148781d5ea71e887631551269dc",
          "step": 164
        },
        {
          "prefix_length": 256,
          "prefix_token_ids_sha256": "c344fbfdc78d863290a6a3c9610b5ac323bd9e78fdbd6e060105eb3f203ba022",
          "step": 165
        },
        {
          "prefix_length": 257,
          "prefix_token_ids_sha256": "a9ceeef8b122dcd28736d5dcb153ff14d77ddae1749078691f9f2e42ab2b114a",
          "step": 166
        },
        {
          "prefix_length": 258,
          "prefix_token_ids_sha256": "8bb1ed5c078c6dd77d3a24729e32889c273f2164a6720e4e417b0c4c89b765e3",
          "step": 167
        },
        {
          "prefix_length": 259,
          "prefix_token_ids_sha256": "07db7a20bb4487a1e93196089b4b16297c16e607cec52acb80de9ace6b5779ed",
          "step": 168
        },
        {
          "prefix_length": 260,
          "prefix_token_ids_sha256": "af555920b647c34e17425ebedfd38a3d2e8867fe1aaca6c3e6badab0bafffa26",
          "step": 169
        },
        {
          "prefix_length": 261,
          "prefix_token_ids_sha256": "a7dafd2f6f3b3c441193ed9a4b9dc639873afb3d972203304a65282135f30406",
          "step": 170
        },
        {
          "prefix_length": 262,
          "prefix_token_ids_sha256": "c271e00d3e2bd04defdb2980ce4cb30801b645c943c1da195f71e6cf5cc825f4",
          "step": 171
        },
        {
          "prefix_length": 263,
          "prefix_token_ids_sha256": "60941e9ba6e3715eb8acee9abe84b1c0386c3e6bd608f28254d95e306871056b",
          "step": 172
        },
        {
          "prefix_length": 264,
          "prefix_token_ids_sha256": "e76cbbfd099836a884061f6a72bd597a871387440bbe2c546f70652c1dd481e2",
          "step": 173
        },
        {
          "prefix_length": 265,
          "prefix_token_ids_sha256": "5db7d4c7c96aeab06a8d70ff5768f5142215d08048042b67393dd5bcd9ef8b72",
          "step": 174
        },
        {
          "prefix_length": 266,
          "prefix_token_ids_sha256": "7e023a5915567391cd0230905d89c467f48ad4f2ca2f81a125423186dff50ab4",
          "step": 175
        },
        {
          "prefix_length": 267,
          "prefix_token_ids_sha256": "accba7e30c030b36b2adcecfe568c07e299d91ba3b625d9857e82dfc44c30af0",
          "step": 176
        },
        {
          "prefix_length": 268,
          "prefix_token_ids_sha256": "8589f30e4b9adffd4b6472b5728dd67f5dd767e04e00820df4b9338795867353",
          "step": 177
        },
        {
          "prefix_length": 269,
          "prefix_token_ids_sha256": "643879767ce5090da443ca500e592277b6a62ce0acf75950f68c90f98fba4a40",
          "step": 178
        }
      ],
      "generated_answer": "55",
      "generated_token_ids": [
        4612,
        2398,
        461,
        1128,
        1932,
        404,
        1932,
        58,
        10,
        49,
        46,
        48175,
        674,
        864,
        3434,
        286,
        264,
        5811,
        1791,
        3442,
        330,
        264,
        30095,
        46,
        10,
        50,
        46,
        428,
        2107,
        5626,
        269,
        49,
        48,
        48,
        44,
        10,
        51,
        46,
        26036,
        286,
        269,
        49,
        48,
        48,
        305,
        269,
        53,
        48,
        46,
        10,
        52,
        46,
        48175,
        582,
        10293,
        7349,
        1541,
        269,
        49,
        53,
        46,
        10,
        53,
        46,
        5547,
        57702,
        7349,
        1541,
        6072,
        376,
        2360,
        376,
        1541,
        10293,
        44,
        563,
        305,
        269,
        49,
        53,
        514,
        402,
        328,
        269,
        51,
        48,
        46,
        10,
        54,
        46,
        661,
        1543,
        44,
        48175,
        674,
        269,
        49,
        53,
        318,
        2023,
        41,
        425,
        269,
        51,
        48,
        318,
        27466,
        29976,
        41,
        328,
        269,
        52,
        53,
        46,
        10,
        55,
        46,
        1798,
        1134,
        836,
        1097,
        2360,
        908,
        5811,
        48175,
        3442,
        44,
        358,
        9034,
        264,
        3353,
        1791,
        674,
        502,
        264,
        2107,
        286,
        264,
        30095,
        58,
        10,
        523,
        36,
        49,
        48,
        48,
        318,
        43491,
        2107,
        41,
        410,
        269,
        52,
        53,
        318,
        16921,
        1791,
        674,
        41,
        328,
        269,
        53,
        53,
        10,
        2862,
        44,
        48175,
        3442,
        374,
        2979,
        269,
        53,
        53,
        302,
        8595,
        264,
        30095,
        46,
        65508
      ],
      "generated_tokens": 179,
      "hit_max_new_tokens": false,
      "nonempty_text": true,
      "repetition_onset": null,
      "substantive_text": "Let's solve this problem step by step:\n1. Betty has only half of the money she needs for the wallet.\n2. The cost costs $100,\n3. Half of $100 is $50.\n4. Betty's parents gave her $15.\n5. Her grandparents gave her twice as much as her parents, which is $15 x 2 = $30.\n6. In total, Betty has $15 (from) + $30 (grandparents) = $45.\n7. To find out how much more money Betty needs, we subtract the amount she has from the cost of the wallet:\n   $100 (wallet cost) - $45 (amount she has) = $55\nTherefore, Betty needs an additional $55 to buy the wallet.",
      "teacher_answer": "55",
      "teacher_answer_match": true,
      "teacher_text": "Let's solve this problem step by step:\n1. Betty has only half of the money she needs for the wallet.\n2. The wallet costs $100.\n3. Half of $100 is $50.\n4. Betty's parents gave her $15.\n5. Her grandparents gave her twice as much as her parents, which is $15 x 2 = $30.\n6. In total, Betty has $15 (parents) + $30 (grandparents) = $45.\n7. To find out how much more money Betty needs, we subtract the amount she has from the cost of the wallet:\n   $100 (wallet cost) - $45 (amount she has) = $55\nTherefore, Betty needs an additional $55 to buy the wallet.<|end_turn|>",
      "teacher_valid_answer_tokens": 179,
      "text": "Let's solve this problem step by step:\n1. Betty has only half of the money she needs for the wallet.\n2. The cost costs $100,\n3. Half of $100 is $50.\n4. Betty's parents gave her $15.\n5. Her grandparents gave her twice as much as her parents, which is $15 x 2 = $30.\n6. In total, Betty has $15 (from) + $30 (grandparents) = $45.\n7. To find out how much more money Betty needs, we subtract the amount she has from the cost of the wallet:\n   $100 (wallet cost) - $45 (amount she has) = $55\nTherefore, Betty needs an additional $55 to buy the wallet.<|end_turn|>"
    },
    {
      "ended_naturally": true,
      "example_id": 3,
      "fallback_allowed": true,
      "first_32_teacher_token_match_fraction": 0.96875,
      "full_prefix_lengths": [
        84,
        85,
        86,
        87,
        88,
        89,
        90,
        91,
        92,
        93,
        94,
        95,
        96,
        97,
        98,
        99,
        100,
        101,
        102,
        103,
        104,
        105,
        106,
        107,
        108,
        109,
        110,
        111,
        112,
        113,
        114,
        115,
        116,
        117,
        118,
        119,
        120,
        121,
        122,
        123,
        124,
        125,
        126,
        127,
        128,
        129,
        130,
        131,
        132,
        133,
        134,
        135,
        136,
        137,
        138,
        139,
        140,
        141,
        142,
        143,
        144,
        145,
        146,
        147,
        148,
        149,
        150,
        151,
        152,
        153,
        154,
        155,
        156,
        157,
        158,
        159,
        160,
        161,
        162,
        163,
        164,
        165,
        166,
        167,
        168,
        169,
        170,
        171,
        172,
        173,
        174,
        175,
        176,
        177,
        178,
        179,
        180,
        181,
        182,
        183,
        184,
        185,
        186,
        187,
        188,
        189,
        190,
        191,
        192,
        193,
        194,
        195,
        196,
        197,
        198,
        199,
        200,
        201,
        202,
        203,
        204,
        205,
        206,
        207,
        208,
        209,
        210,
        211,
        212,
        213,
        214,
        215,
        216,
        217,
        218,
        219,
        220,
        221,
        222,
        223,
        224,
        225,
        226,
        227,
        228,
        229,
        230,
        231,
        232,
        233,
        234,
        235,
        236,
        237,
        238,
        239,
        240,
        241,
        242,
        243,
        244,
        245,
        246,
        247,
        248,
        249,
        250,
        251,
        252,
        253,
        254,
        255,
        256,
        257,
        258,
        259,
        260,
        261,
        262,
        263,
        264,
        265,
        266,
        267,
        268,
        269,
        270,
        271,
        272,
        273,
        274,
        275,
        276,
        277,
        278,
        279,
        280,
        281,
        282,
        283,
        284,
        285,
        286,
        287,
        288,
        289,
        290,
        291,
        292,
        293,
        294,
        295,
        296,
        297,
        298,
        299,
        300,
        301,
        302,
        303,
        304,
        305,
        306,
        307,
        308,
        309,
        310,
        311,
        312,
        313,
        314,
        315,
        316,
        317,
        318,
        319,
        320,
        321,
        322,
        323,
        324,
        325,
        326,
        327,
        328,
        329,
        330,
        331,
        332,
        333,
        334,
        335,
        336,
        337,
        338,
        339,
        340,
        341,
        342,
        343,
        344,
        345,
        346,
        347,
        348,
        349,
        350,
        351,
        352,
        353,
        354,
        355,
        356,
        357,
        358,
        359,
        360,
        361,
        362,
        363,
        364,
        365,
        366,
        367,
        368,
        369,
        370,
        371,
        372,
        373,
        374,
        375,
        376,
        377,
        378,
        379,
        380,
        381,
        382,
        383,
        384,
        385,
        386,
        387,
        388,
        389,
        390,
        391,
        392,
        393,
        394,
        395,
        396,
        397,
        398,
        399,
        400,
        401,
        402,
        403,
        404,
        405,
        406,
        407,
        408,
        409,
        410,
        411,
        412,
        413,
        414,
        415,
        416,
        417,
        418,
        419,
        420,
        421,
        422,
        423,
        424,
        425,
        426,
        427,
        428,
        429,
        430,
        431,
        432,
        433
      ],
      "full_prefix_traces": [
        {
          "prefix_length": 84,
          "prefix_token_ids_sha256": "64adc6281ad8e34a89b94706af73bf604ee8aab05955d36266612efbc0b1a734",
          "step": 0
        },
        {
          "prefix_length": 85,
          "prefix_token_ids_sha256": "b7cf889999dac9f50fceec403da84d9ef2254788cafa7065471e0eb65e31b1ff",
          "step": 1
        },
        {
          "prefix_length": 86,
          "prefix_token_ids_sha256": "27c64f46a19e8b8da8b3a63d2275e5c70b7afe4a76537d7846232a2aa610cd07",
          "step": 2
        },
        {
          "prefix_length": 87,
          "prefix_token_ids_sha256": "30171adfed6572e842d34c050867d0dcf417b31afc7a02475437baaa13e68ccd",
          "step": 3
        },
        {
          "prefix_length": 88,
          "prefix_token_ids_sha256": "1c9e93daf6b691c8c39590f086e88231c969a9347c2ff3de59a9daf336e7eb7e",
          "step": 4
        },
        {
          "prefix_length": 89,
          "prefix_token_ids_sha256": "a9d27506d9dbf71a56f53ad1a4eb8e4d530cd0d78ba259bc0395703ddd6f1e5f",
          "step": 5
        },
        {
          "prefix_length": 90,
          "prefix_token_ids_sha256": "000ff498d6860d140057e1d712ecce902e346bc5ef5ad54ec7af942814abaf5b",
          "step": 6
        },
        {
          "prefix_length": 91,
          "prefix_token_ids_sha256": "2194ce38f2c5322e524c898810efea7038ff561bc71760b24b57624f5ad6d91c",
          "step": 7
        },
        {
          "prefix_length": 92,
          "prefix_token_ids_sha256": "6f14170124b1b04d3e02c00216dc7426891027a5db23fb7824e4cdcc19d27d7f",
          "step": 8
        },
        {
          "prefix_length": 93,
          "prefix_token_ids_sha256": "8c0be8c8a28f4f7168528ac83e611a87e908310e094df3566741acccbcbd5037",
          "step": 9
        },
        {
          "prefix_length": 94,
          "prefix_token_ids_sha256": "9d43157af47399aa121ad22dfdc48398009748d9a49109558adf02def2c26731",
          "step": 10
        },
        {
          "prefix_length": 95,
          "prefix_token_ids_sha256": "a8bff2da294f04871d18eb360b62aa35ce9e3b72b41dac08544a083fe846eaa9",
          "step": 11
        },
        {
          "prefix_length": 96,
          "prefix_token_ids_sha256": "984599830e196ecbced82fea232b2dee66455ee07227820d21b3addca2d4d8ee",
          "step": 12
        },
        {
          "prefix_length": 97,
          "prefix_token_ids_sha256": "39c0fbe1a739dc4262bbf1d2063389e383630ce1273605bbbcf8847294817f23",
          "step": 13
        },
        {
          "prefix_length": 98,
          "prefix_token_ids_sha256": "9e14568b5bdbd15c49a5a72eab5bab7acd639f0ff7d0f6debfd3aee74ed6212b",
          "step": 14
        },
        {
          "prefix_length": 99,
          "prefix_token_ids_sha256": "6e8db0b557c7f310e3ae1ccb0ab8a2570b8a0f0e11bc1ea43746f85e67dcda68",
          "step": 15
        },
        {
          "prefix_length": 100,
          "prefix_token_ids_sha256": "1425ca12f4e9c80acacfa9d2ed5a657d535306efa069994f2c898bf2a5de1040",
          "step": 16
        },
        {
          "prefix_length": 101,
          "prefix_token_ids_sha256": "986cd54f8e2d287616612576422d8261c97fc86b32fd5144041eeade03837690",
          "step": 17
        },
        {
          "prefix_length": 102,
          "prefix_token_ids_sha256": "af19a06f0a908ac4f81a24eb10830b6da53634c52ae29770a5696b71ff601112",
          "step": 18
        },
        {
          "prefix_length": 103,
          "prefix_token_ids_sha256": "7671ec84996a34822e96036b3da8e4e72f48fc1f79ea6304f64122f728f073a5",
          "step": 19
        },
        {
          "prefix_length": 104,
          "prefix_token_ids_sha256": "5cc2af05817d8b71b633d36092896fb4e53e3ae6bad791e581cb24b92fb030ff",
          "step": 20
        },
        {
          "prefix_length": 105,
          "prefix_token_ids_sha256": "ae239cbbb5c801384371122972f11bbd8fae1bd90ce45ea54306b608cdb878df",
          "step": 21
        },
        {
          "prefix_length": 106,
          "prefix_token_ids_sha256": "9792a67d7ed5eaee0ba8b4ebe50fa8d2fe229c3bc602239f6fbc04a5ca5de735",
          "step": 22
        },
        {
          "prefix_length": 107,
          "prefix_token_ids_sha256": "73a9e6a23f075065b3475eb4c641b8d45d7fa6ac542c12b3350e1406347c62f8",
          "step": 23
        },
        {
          "prefix_length": 108,
          "prefix_token_ids_sha256": "a11cb9400108f6fca332ab5516c583c9c5c5a6f19c8d3582d6c92fe63be488dd",
          "step": 24
        },
        {
          "prefix_length": 109,
          "prefix_token_ids_sha256": "11dc486cd485d2a58e9c5ad0fa6728f95bc4e0c8cdf662b2a92097dc186a5f48",
          "step": 25
        },
        {
          "prefix_length": 110,
          "prefix_token_ids_sha256": "17c541fd708405fd43db5f76526987e27fb0311d84ccdb75fb2c551a19dee503",
          "step": 26
        },
        {
          "prefix_length": 111,
          "prefix_token_ids_sha256": "4c2a4e32fc7bbf946298e0fdef1b007e7d774c1c91615b20c6f0b821d7d54f97",
          "step": 27
        },
        {
          "prefix_length": 112,
          "prefix_token_ids_sha256": "fa6ab504612f44c7e7dada06d7d89ea7633243ac15cfcc999da2cb5623682a7c",
          "step": 28
        },
        {
          "prefix_length": 113,
          "prefix_token_ids_sha256": "cd445667fa789fb9b1cc59c7191184766114b9341346656eb9a9e6afc3f60768",
          "step": 29
        },
        {
          "prefix_length": 114,
          "prefix_token_ids_sha256": "414728bd968b27ee22e5ebc8b7fd464e9a2e2764ae84e283b4c9709fc37dfdb0",
          "step": 30
        },
        {
          "prefix_length": 115,
          "prefix_token_ids_sha256": "08b70fd83dd6d2ad5281f2ec5ead898a9e3a492d4cffc29b14b4ea3d1248743b",
          "step": 31
        },
        {
          "prefix_length": 116,
          "prefix_token_ids_sha256": "ee029acb31f552a2922af8f17bdfe9c74edad744ed1164d1c43dc224a48a5445",
          "step": 32
        },
        {
          "prefix_length": 117,
          "prefix_token_ids_sha256": "0de416139b0aed889ce603d6a3a43352eb6587ab2038155df249fac0db033999",
          "step": 33
        },
        {
          "prefix_length": 118,
          "prefix_token_ids_sha256": "b262d788525cdafbdbe526d612d7c737f80e9337b86450b851639a40bf9eaf14",
          "step": 34
        },
        {
          "prefix_length": 119,
          "prefix_token_ids_sha256": "21ad8c903315a123b9cab1a6590051c23d6da9ce5b8ba4ef3655a5678f313b1d",
          "step": 35
        },
        {
          "prefix_length": 120,
          "prefix_token_ids_sha256": "a915f0f399b4bca5a86c66402e1f91f18b1f90177a21b8c04699f39b0a2b1c62",
          "step": 36
        },
        {
          "prefix_length": 121,
          "prefix_token_ids_sha256": "6ef9d7f36250c5ed3e4657887be08caf4d8afcc8426b45b28e4578ad67532ed1",
          "step": 37
        },
        {
          "prefix_length": 122,
          "prefix_token_ids_sha256": "3b6a43698436c91355c6ccdb121cd671bb4eb23ba99eecdc271ee84278f10876",
          "step": 38
        },
        {
          "prefix_length": 123,
          "prefix_token_ids_sha256": "5505bb5ef36b6efb23ea864bd9b091ff7e4cbf837fd78e6f02ddabe74b6185f5",
          "step": 39
        },
        {
          "prefix_length": 124,
          "prefix_token_ids_sha256": "c7f3b463796d03f5e93176725f7140af600b4ec4ae33d0bfd3c846b50ee07169",
          "step": 40
        },
        {
          "prefix_length": 125,
          "prefix_token_ids_sha256": "34e0d451ee835cdc5e7ed8abf7efc8273bef20241150a8ac0db68d1f88db6b3c",
          "step": 41
        },
        {
          "prefix_length": 126,
          "prefix_token_ids_sha256": "d451737506884e4238c270db678e706a97c8e679cbab0d4121f8df9210aec43d",
          "step": 42
        },
        {
          "prefix_length": 127,
          "prefix_token_ids_sha256": "945d9c6e9dc7aa2287a1c009832814f9e0d8f4e44b054c7988feaa36db06410d",
          "step": 43
        },
        {
          "prefix_length": 128,
          "prefix_token_ids_sha256": "66d009285938a3ea615849d46666f33ab5458e3c39440054702a5d9a04903ea8",
          "step": 44
        },
        {
          "prefix_length": 129,
          "prefix_token_ids_sha256": "30e98dcb06dba94aea0d91a5799b322cc08b56643b991a484bc6de5c2ef368ce",
          "step": 45
        },
        {
          "prefix_length": 130,
          "prefix_token_ids_sha256": "010d77dd65c14b61b31fa62b1c30ec4b171c0a9c69de03ecaf991f2b51b246f6",
          "step": 46
        },
        {
          "prefix_length": 131,
          "prefix_token_ids_sha256": "f9a31c76e7f8e6f4fe920cb62cb3d71ed35207b747cafcb70d60ebb0e01c6374",
          "step": 47
        },
        {
          "prefix_length": 132,
          "prefix_token_ids_sha256": "c9a8a3fb84f0bb4a332146ed800efcb9649e26f009e37d5b048e465749fd93c9",
          "step": 48
        },
        {
          "prefix_length": 133,
          "prefix_token_ids_sha256": "98e05273670e7001640bd534cbd1349fe5590f3a318c50b3853320c9f8b16c61",
          "step": 49
        },
        {
          "prefix_length": 134,
          "prefix_token_ids_sha256": "ed9446078e9e263eab39c5871930ddd2dd7b844778474e82cd995997c323dc92",
          "step": 50
        },
        {
          "prefix_length": 135,
          "prefix_token_ids_sha256": "456ccc237541be587893cf63d78dee28eaced372cae856c2afd15e45a56b6c9d",
          "step": 51
        },
        {
          "prefix_length": 136,
          "prefix_token_ids_sha256": "5bd4a10a6bb31f05bc460cdf22c9a6a33b04a4b49c2261c297891f50f1673143",
          "step": 52
        },
        {
          "prefix_length": 137,
          "prefix_token_ids_sha256": "f74fe31cb0693c3ddb1485bc9d84c064a600ddbb15a56de3e986311657c94d54",
          "step": 53
        },
        {
          "prefix_length": 138,
          "prefix_token_ids_sha256": "0b8ea9795b65d7e624458d839a9d2fd91ac7c8003de010d097c47af4e359906f",
          "step": 54
        },
        {
          "prefix_length": 139,
          "prefix_token_ids_sha256": "3109b4e4f87cc9822ef13f829bb2f88dbf0ce315b052c5f4364cfbc9fc2f4bc8",
          "step": 55
        },
        {
          "prefix_length": 140,
          "prefix_token_ids_sha256": "ba46aa2c3314c8095132dd46da1540ac395d7573355c3f5b1bea83ac15baaec9",
          "step": 56
        },
        {
          "prefix_length": 141,
          "prefix_token_ids_sha256": "c12d5d400ea404178d72bbf2379220edae108d7b93fd4795119a3f9a066be5fa",
          "step": 57
        },
        {
          "prefix_length": 142,
          "prefix_token_ids_sha256": "a1bb6d9f8b5b6f2cd777ebb8b2a22b3f8f09fe8cdf3f695d64d40e98761962d1",
          "step": 58
        },
        {
          "prefix_length": 143,
          "prefix_token_ids_sha256": "3d571d5c4526321d6b728dc314b8e79b7e8b5d38d3234c304a27346b0e56dc88",
          "step": 59
        },
        {
          "prefix_length": 144,
          "prefix_token_ids_sha256": "5cfddab391157625b6f15ccc2607f86c4c3cf721d8aeb2ef88f2ffc227cce5a3",
          "step": 60
        },
        {
          "prefix_length": 145,
          "prefix_token_ids_sha256": "8f0f0532c77199eada166db0c11495e9786220bb42e1b0b82701cdd81204c80f",
          "step": 61
        },
        {
          "prefix_length": 146,
          "prefix_token_ids_sha256": "cbc9b9b78e73a0feee316e3c80b116e51e250d4df8431b3029c39783996e863d",
          "step": 62
        },
        {
          "prefix_length": 147,
          "prefix_token_ids_sha256": "9b9ad9d03cab389ae7feb592e0e63a09df4aea646b49dac7efb2090392433572",
          "step": 63
        },
        {
          "prefix_length": 148,
          "prefix_token_ids_sha256": "9a1995e2b323f7dab2a1e0afe89a56a051a8d4a2f20b584bf73bc25e391a721a",
          "step": 64
        },
        {
          "prefix_length": 149,
          "prefix_token_ids_sha256": "10b4e21c728565c9dadc9d1e8d2cb3ed2b049db022603cef175900a9c1054f6b",
          "step": 65
        },
        {
          "prefix_length": 150,
          "prefix_token_ids_sha256": "b36a844a06ed8c399dd051719981d37f7766bb13d31fe7507bef38c33591094d",
          "step": 66
        },
        {
          "prefix_length": 151,
          "prefix_token_ids_sha256": "9378c5f11f59ffbb138763afab69aafd0348b2e5d60b5766107588896a346020",
          "step": 67
        },
        {
          "prefix_length": 152,
          "prefix_token_ids_sha256": "c83941116ad50751aa578f79d410c66430425756ee6d2c89120bff066ca8605a",
          "step": 68
        },
        {
          "prefix_length": 153,
          "prefix_token_ids_sha256": "940cdd05af2d1d1a08df5842bcdffc3116589d69745605f0aef763b2ed978ba8",
          "step": 69
        },
        {
          "prefix_length": 154,
          "prefix_token_ids_sha256": "60827fa0244e44f26f8785e18258bf1f4330832675f95e2c5ec752f5e6bf68a6",
          "step": 70
        },
        {
          "prefix_length": 155,
          "prefix_token_ids_sha256": "f422c1a375bffc45401861d55d14eac13eb3da577d107e9f49d824cc4aba7e41",
          "step": 71
        },
        {
          "prefix_length": 156,
          "prefix_token_ids_sha256": "d8079434e68edc90f08e01714ccf0e786abe1621f6be4c21f2da72a5f5128375",
          "step": 72
        },
        {
          "prefix_length": 157,
          "prefix_token_ids_sha256": "5a1012cfbb4fa7be6a6702d2bbf3009e16eba291f9b01399fc2979dc8da81c1d",
          "step": 73
        },
        {
          "prefix_length": 158,
          "prefix_token_ids_sha256": "7edba063e68686f4010839fe6b9ead518e7c612ae3ee743eab4b5f944ce5ec15",
          "step": 74
        },
        {
          "prefix_length": 159,
          "prefix_token_ids_sha256": "f630697264f5f0fe654c51bc7cfbf8f1da73fc2595c7adbda9ed65acefd5a864",
          "step": 75
        },
        {
          "prefix_length": 160,
          "prefix_token_ids_sha256": "dd5e7f84127f107006f5ae8e41dce8f22f8c8fcbc8de0c65434a2176d660bc24",
          "step": 76
        },
        {
          "prefix_length": 161,
          "prefix_token_ids_sha256": "b71c4719a81e49abe5b3a369e3d9167720be5982b970d7e71675f4aa2fe31bbb",
          "step": 77
        },
        {
          "prefix_length": 162,
          "prefix_token_ids_sha256": "bf63099b164af1d4ab2dc7e1ae1380d46b02875f1b3ba8adf4e5d456225e1912",
          "step": 78
        },
        {
          "prefix_length": 163,
          "prefix_token_ids_sha256": "b1d0245b7d5bd3fbd6075ff7b35db4d0c3203a8e04b9e86d532958be419613a8",
          "step": 79
        },
        {
          "prefix_length": 164,
          "prefix_token_ids_sha256": "afacab382f79b29bbb7c73ed4977379e22ac79ed523a9aafa79daea648abe0b7",
          "step": 80
        },
        {
          "prefix_length": 165,
          "prefix_token_ids_sha256": "f14b33a9407be0b131db8980472ccf2cac52e10ca3f2c75c0e7c636d55cf52e4",
          "step": 81
        },
        {
          "prefix_length": 166,
          "prefix_token_ids_sha256": "35e4f2737231d276d07300ec37c8ea51e5baa294134e6c8c49bbbba9a1111d33",
          "step": 82
        },
        {
          "prefix_length": 167,
          "prefix_token_ids_sha256": "42f16803bcc1502e5c977ae9f5f22a9f508483e7d514cd74441afbde873ba54a",
          "step": 83
        },
        {
          "prefix_length": 168,
          "prefix_token_ids_sha256": "a3022b07a889e7da2defdbebd5a857844fb6e9e6634ac7fd99b4187c014caa2a",
          "step": 84
        },
        {
          "prefix_length": 169,
          "prefix_token_ids_sha256": "dede495e15112f4da2538f419f119e440893cd397ced4e82233e3b74d78a44f7",
          "step": 85
        },
        {
          "prefix_length": 170,
          "prefix_token_ids_sha256": "f342129aca30c7e508ad61b0eb66b637165c869c0e201a6aa15df6858a7c3aa4",
          "step": 86
        },
        {
          "prefix_length": 171,
          "prefix_token_ids_sha256": "5253277bba69f3c81d59d077d7586d5e120d8a0e45f5dcd8c1180822b552fa1b",
          "step": 87
        },
        {
          "prefix_length": 172,
          "prefix_token_ids_sha256": "406f708dc9a2e184c3abbccbad69b7d19a0c2811fa2766f762990535491f31b7",
          "step": 88
        },
        {
          "prefix_length": 173,
          "prefix_token_ids_sha256": "006c73fadfab09e5a00cc70f80c73a54e3be1be37e6a8a6587a201ade0eba9f6",
          "step": 89
        },
        {
          "prefix_length": 174,
          "prefix_token_ids_sha256": "d67123648ce61fdc8f4457a42a294013988b1de0e6cfd8a2595254f4e2194f01",
          "step": 90
        },
        {
          "prefix_length": 175,
          "prefix_token_ids_sha256": "6f91ebf6ac9f5421dbc859bb8c3812bfc9c820618c578996461c888fc2980b56",
          "step": 91
        },
        {
          "prefix_length": 176,
          "prefix_token_ids_sha256": "cf58a2348f6112819b6657f89293d4c125f9b26e3c8c13f779c55c959825bc3a",
          "step": 92
        },
        {
          "prefix_length": 177,
          "prefix_token_ids_sha256": "d88f45b9595afc4940dcd6417f97c637f834d4760039aa2f010da720012344e5",
          "step": 93
        },
        {
          "prefix_length": 178,
          "prefix_token_ids_sha256": "333e15242e02134839e37d19da2ae3610974116a18490f244f6e2aefad110f34",
          "step": 94
        },
        {
          "prefix_length": 179,
          "prefix_token_ids_sha256": "ae0fa6e02a53fcd016bd6e892e5236dd0d6ee10d23ac041228030bba1541950c",
          "step": 95
        },
        {
          "prefix_length": 180,
          "prefix_token_ids_sha256": "baa9c9c80811bd071357ffa8b4ebaea0ba2efcd3373ec407c4886f733d6d817b",
          "step": 96
        },
        {
          "prefix_length": 181,
          "prefix_token_ids_sha256": "e5df20e81f2a3b207f9f4ab2e384d9b69e97980290fe427331c73677b71d7457",
          "step": 97
        },
        {
          "prefix_length": 182,
          "prefix_token_ids_sha256": "82b5ab62941f2fe5081a8d57f118f0a1e362c1ad063028c6e5b3931cf0e96223",
          "step": 98
        },
        {
          "prefix_length": 183,
          "prefix_token_ids_sha256": "04a7d5f0bf69ab627388168c042c7cb852d828b3330ddf5d074bcb6957a9b357",
          "step": 99
        },
        {
          "prefix_length": 184,
          "prefix_token_ids_sha256": "44d403002b17e434f3d7b0c2dc8ec5ef90345385012febb79cd4f8c854390dc9",
          "step": 100
        },
        {
          "prefix_length": 185,
          "prefix_token_ids_sha256": "78845a93c1ed68863a44c6fcbffbba056bbc685f88c8d5e925fb7be8232f46ed",
          "step": 101
        },
        {
          "prefix_length": 186,
          "prefix_token_ids_sha256": "37c44325a0b4694a3c3c3373056d6ff2c6add48203d0be9000ba3cb6f9e875aa",
          "step": 102
        },
        {
          "prefix_length": 187,
          "prefix_token_ids_sha256": "55b9018590581813115d9e9776bde1d564d17fdcb3db51d2040592dc97b2289a",
          "step": 103
        },
        {
          "prefix_length": 188,
          "prefix_token_ids_sha256": "ef44af47459d487141da35b9698ff58b96bf398c0d76268d59dc024d77385b5b",
          "step": 104
        },
        {
          "prefix_length": 189,
          "prefix_token_ids_sha256": "c376c609b5d43d0d4b5df15b725d642dbfafa01a4e923a3eed20f4a4beac7884",
          "step": 105
        },
        {
          "prefix_length": 190,
          "prefix_token_ids_sha256": "5709a385d232252faa4b29deeb7ef7a744e77aca9c22b98d517c5b4727331e9a",
          "step": 106
        },
        {
          "prefix_length": 191,
          "prefix_token_ids_sha256": "f6af7b757e0cc2a6dd1e0de7d67df36f6f489e46f7cc0aa092e5c42a411001b2",
          "step": 107
        },
        {
          "prefix_length": 192,
          "prefix_token_ids_sha256": "82d425541ec1e4d761f7e52bad62b7704d3a59cae818a9a5e957db581bc363b3",
          "step": 108
        },
        {
          "prefix_length": 193,
          "prefix_token_ids_sha256": "217dbb2d4b380c5d8ed30ef446ebaa504c0fa34251fd40d4bcf91c7447eade99",
          "step": 109
        },
        {
          "prefix_length": 194,
          "prefix_token_ids_sha256": "c6e802623dd2a83613a16bcddd2f1cdec4ede9327e68c02c60c0b0c4f124b348",
          "step": 110
        },
        {
          "prefix_length": 195,
          "prefix_token_ids_sha256": "a8c2425188c461b6923b15cb1aaad43f68523be7795b3ce4879a742a4b221ffa",
          "step": 111
        },
        {
          "prefix_length": 196,
          "prefix_token_ids_sha256": "cfb52e87a0d6dba61763eb29646176aac057e8ff920eb8a07a5777eef829efe4",
          "step": 112
        },
        {
          "prefix_length": 197,
          "prefix_token_ids_sha256": "fb5ced0b895211499009cbeec9ffbf94b4044981768585469dc16d21dd2b3bb1",
          "step": 113
        },
        {
          "prefix_length": 198,
          "prefix_token_ids_sha256": "8abf9023d87102346f65776e5c37f5ee1e5803a287fc281156788320e2c48d41",
          "step": 114
        },
        {
          "prefix_length": 199,
          "prefix_token_ids_sha256": "6db0de667edb6e67b6a07a1498dd7d049120b4c00d3d91c7f46cff5440fcf8fe",
          "step": 115
        },
        {
          "prefix_length": 200,
          "prefix_token_ids_sha256": "d725a67321ebd4ab000f766eddbd86461e68fd5c05882d5902b3f054e219ee75",
          "step": 116
        },
        {
          "prefix_length": 201,
          "prefix_token_ids_sha256": "93a2a519d40314fbb5c4106894cc5a853974189790328de9106603d14c7d5a7b",
          "step": 117
        },
        {
          "prefix_length": 202,
          "prefix_token_ids_sha256": "b06e37aa7777b16c489a790fc943e8038338e77bb0f9717bc554c97bf03da1af",
          "step": 118
        },
        {
          "prefix_length": 203,
          "prefix_token_ids_sha256": "54db73e5014ca1db2d83c9d313015dc28330466c12ab1b2e5d6a5786f28ffdee",
          "step": 119
        },
        {
          "prefix_length": 204,
          "prefix_token_ids_sha256": "0cab9412278d6bb57062ce76b9e8429c175821f8a24798d501cc5a180eba71e6",
          "step": 120
        },
        {
          "prefix_length": 205,
          "prefix_token_ids_sha256": "8bf3d3ae430a210df62b88300831619883b2f029073791d1da66102c399a9add",
          "step": 121
        },
        {
          "prefix_length": 206,
          "prefix_token_ids_sha256": "017daa695ed6fc63028bf61b0b0a2f561407c397a1978096718f97338a4e4f07",
          "step": 122
        },
        {
          "prefix_length": 207,
          "prefix_token_ids_sha256": "f1685a395c2cc72509c4b0a9bff348c01dc0b6805d0bb7c091de7324208f890f",
          "step": 123
        },
        {
          "prefix_length": 208,
          "prefix_token_ids_sha256": "99215a427b6a9b602bb27b397f0ae1d4f6e9150985b24e72cf95b8118362a5b1",
          "step": 124
        },
        {
          "prefix_length": 209,
          "prefix_token_ids_sha256": "8f0518293e7ef825b519baef80ddfb6c90a5a77f5382ab5b3b0db0f2a0e7697d",
          "step": 125
        },
        {
          "prefix_length": 210,
          "prefix_token_ids_sha256": "0ea2da9c098d1ddc0d58f1f491c975282802fc4338c6f2d7fbedf6d222a34e03",
          "step": 126
        },
        {
          "prefix_length": 211,
          "prefix_token_ids_sha256": "0751ef0cb65be21f805ca103cd800769acab311eadaa8d84f880b01b382f357b",
          "step": 127
        },
        {
          "prefix_length": 212,
          "prefix_token_ids_sha256": "e17ca59f9d6f4b74ecbb49df640e864ad423906a9ff97b20d7b08093add61414",
          "step": 128
        },
        {
          "prefix_length": 213,
          "prefix_token_ids_sha256": "45eb6408382d4cb2f110c49a8f2100fe396962c6e121ad650d770144b1eab8e4",
          "step": 129
        },
        {
          "prefix_length": 214,
          "prefix_token_ids_sha256": "161274fb97ec05e7e06766831ec82e5a7314a2cbec12efb7665b85772e3666eb",
          "step": 130
        },
        {
          "prefix_length": 215,
          "prefix_token_ids_sha256": "1da755b1ba1986714e9edbd20d1e90c2c3774a599da740b517a55873f8884b3a",
          "step": 131
        },
        {
          "prefix_length": 216,
          "prefix_token_ids_sha256": "2c46789d07826898fcfedfed16e954cdadfb63180a492794c4ff5072ad7bcd69",
          "step": 132
        },
        {
          "prefix_length": 217,
          "prefix_token_ids_sha256": "4afa56208e0d44ebff808e25b051a51bb35a33cd27c0821c2b37cef7a0a8914d",
          "step": 133
        },
        {
          "prefix_length": 218,
          "prefix_token_ids_sha256": "a29d617d13db445b95e3308c414e7c5e9de33f3c7f7e720f759bea210316e5c1",
          "step": 134
        },
        {
          "prefix_length": 219,
          "prefix_token_ids_sha256": "66b081dd2863c379dad36e210261bad9d3a471e0f366533a1e44a73c7076b913",
          "step": 135
        },
        {
          "prefix_length": 220,
          "prefix_token_ids_sha256": "259cb26bc13ef76f4d7b449a484aad706ebc1365838e8d928761845b6cbe82bc",
          "step": 136
        },
        {
          "prefix_length": 221,
          "prefix_token_ids_sha256": "c3e46da6ff17804c3f7e134b66f73af3f203cd6753d86233a472f596d6262f57",
          "step": 137
        },
        {
          "prefix_length": 222,
          "prefix_token_ids_sha256": "ed7d7dbcdc6abaeb747b82f9edfaa7367d3787f549800ca3d12d17b58dce5460",
          "step": 138
        },
        {
          "prefix_length": 223,
          "prefix_token_ids_sha256": "99344a3d2483271d8d78ce14372b80efd9e830a852a4731bd07a00f2f94cac83",
          "step": 139
        },
        {
          "prefix_length": 224,
          "prefix_token_ids_sha256": "d427b068d3d1ab4664a1773248a3e3263b484c09c5a08465ef110487aa58fcf9",
          "step": 140
        },
        {
          "prefix_length": 225,
          "prefix_token_ids_sha256": "0d9e62694af313eb2707aef5d896800c3287b505a41d01ce20f6f1936226175f",
          "step": 141
        },
        {
          "prefix_length": 226,
          "prefix_token_ids_sha256": "2f838faa24fb560e7980e7b6ff85f4fcff7b256f594791c0306c1ea0d2c5972d",
          "step": 142
        },
        {
          "prefix_length": 227,
          "prefix_token_ids_sha256": "6d61ae3372f9689a288222116df56ba4d6ae0d51001ee1b0f6295234f9611e8b",
          "step": 143
        },
        {
          "prefix_length": 228,
          "prefix_token_ids_sha256": "576303faa92a5243ef6f854dea1b7766fe66e94f8f918d83fa868ed8364ab6b8",
          "step": 144
        },
        {
          "prefix_length": 229,
          "prefix_token_ids_sha256": "e9a8c70c73fd8cbf977aa9a33aecdb1f1351f07c112535832d6c2185337beafc",
          "step": 145
        },
        {
          "prefix_length": 230,
          "prefix_token_ids_sha256": "2afdbc90be24f4097706c42d269c595fadf2e3ad74922489e46d5857118d7faf",
          "step": 146
        },
        {
          "prefix_length": 231,
          "prefix_token_ids_sha256": "6db0c2c681c38c260c3f618c60ea956414a01de2560535b9363d1dd8a4473d9a",
          "step": 147
        },
        {
          "prefix_length": 232,
          "prefix_token_ids_sha256": "bb0340c915f748ca83dcc374d6d3670e65b9bd02911b63ceb11ba8775e820bb9",
          "step": 148
        },
        {
          "prefix_length": 233,
          "prefix_token_ids_sha256": "5f6b4b8ac625da33251a62d5c0a0b71ce02b6a376c9607d1ecc7fb90df52c888",
          "step": 149
        },
        {
          "prefix_length": 234,
          "prefix_token_ids_sha256": "8c9d01d3d3cc84d80644a0d53438b777e1fc6034fd50a1b0a00689e5e886ccc2",
          "step": 150
        },
        {
          "prefix_length": 235,
          "prefix_token_ids_sha256": "93f69d88491cad687715ff5b3a93a75f5ce0999ee853456212c8373b42e4b501",
          "step": 151
        },
        {
          "prefix_length": 236,
          "prefix_token_ids_sha256": "e57dbc28994d22a4e3122bbd4cec1a386eec09102afe9383f5907966247932cb",
          "step": 152
        },
        {
          "prefix_length": 237,
          "prefix_token_ids_sha256": "78cdb80aaf6df4c30801967d6a35392ea726654932e6b65e9936ef46095b476d",
          "step": 153
        },
        {
          "prefix_length": 238,
          "prefix_token_ids_sha256": "a068fb46c636630dd373b04f17c596402fd966d69cf867ede0368b45bfbf1afc",
          "step": 154
        },
        {
          "prefix_length": 239,
          "prefix_token_ids_sha256": "a7bcdc526874271923dcb64c5722b1e9d3b262c82047cc5e49ec1486132fab3b",
          "step": 155
        },
        {
          "prefix_length": 240,
          "prefix_token_ids_sha256": "651fe869b226fecfa0d2ac5f241f2f39b6cef9d4d132c6fe1238f3826f5d9de1",
          "step": 156
        },
        {
          "prefix_length": 241,
          "prefix_token_ids_sha256": "2d5c691944b8ef29860239cbd79b7b414f5f788e781035cae6957a6d89eea6fa",
          "step": 157
        },
        {
          "prefix_length": 242,
          "prefix_token_ids_sha256": "31ac14bde41b893810b6491e17d7b1ab99c93ff265d2d36679342addf4f3a166",
          "step": 158
        },
        {
          "prefix_length": 243,
          "prefix_token_ids_sha256": "4f94866946bf0e161c979943d9ac2e8c7bc6075b1bfb80639d2510965cc260fa",
          "step": 159
        },
        {
          "prefix_length": 244,
          "prefix_token_ids_sha256": "b8bd55060250124cd90440583e8934b032946b259b0e1177f935803faa6e794b",
          "step": 160
        },
        {
          "prefix_length": 245,
          "prefix_token_ids_sha256": "c6bca51e5a981b4239933fa915a467ffc9f95b5fd2be76280bb0878b417bf822",
          "step": 161
        },
        {
          "prefix_length": 246,
          "prefix_token_ids_sha256": "f5c290a092ced534920468ba4505617cb2d0c70cd3436d5067daaf0c12da6d25",
          "step": 162
        },
        {
          "prefix_length": 247,
          "prefix_token_ids_sha256": "4b346e2bec8830062ec3560797ae6aa07745da8622757254182caee825437c14",
          "step": 163
        },
        {
          "prefix_length": 248,
          "prefix_token_ids_sha256": "9a7cb22048663c195c0cddd2ed43c73c5c8cdfc166277920ce8987c5584d1093",
          "step": 164
        },
        {
          "prefix_length": 249,
          "prefix_token_ids_sha256": "18ecc1d2c1ba7c9a38c58a58799bcd3326f579f83856ff3221ffd21bf7883a39",
          "step": 165
        },
        {
          "prefix_length": 250,
          "prefix_token_ids_sha256": "539020f18ed8068dbb23db1e515ffc70c92db65a0df9230b5df3309439f454ed",
          "step": 166
        },
        {
          "prefix_length": 251,
          "prefix_token_ids_sha256": "04f12bcff4099425ab4ea5923a48916c7c57b8dd249e582aa4b464e55511d06c",
          "step": 167
        },
        {
          "prefix_length": 252,
          "prefix_token_ids_sha256": "a7dbff89146643259dc6537c9d7b940c2baec85a6971b846e8f857ace4a327ba",
          "step": 168
        },
        {
          "prefix_length": 253,
          "prefix_token_ids_sha256": "51b18f135d5818a1dbff8779aefd7a2f8093ecd220a1fb3f79138aa83e1e007f",
          "step": 169
        },
        {
          "prefix_length": 254,
          "prefix_token_ids_sha256": "222cd6a6b716ce8388611b3038bd09fae263fe5de7721b69258a5d261de96049",
          "step": 170
        },
        {
          "prefix_length": 255,
          "prefix_token_ids_sha256": "2d8bcbdf67ec75f53b1eb1bcbb74036c6d9f8a0b2c06aa1600552dee54559f01",
          "step": 171
        },
        {
          "prefix_length": 256,
          "prefix_token_ids_sha256": "8abba10833116b551eb1a820f8f731b91e2d67444039a1a0cdb183240682343a",
          "step": 172
        },
        {
          "prefix_length": 257,
          "prefix_token_ids_sha256": "2fe3de499b64c0762189add59c98bb461faa7138700d63a6f449e108d001255f",
          "step": 173
        },
        {
          "prefix_length": 258,
          "prefix_token_ids_sha256": "c57a6327476f4ded7cd12023cf556245111658fc50e3d80f4f1f08eb60ebb920",
          "step": 174
        },
        {
          "prefix_length": 259,
          "prefix_token_ids_sha256": "8822997019d41d9af8c406030ec607f3bfed7ad2acfc5677e4984242aef36c19",
          "step": 175
        },
        {
          "prefix_length": 260,
          "prefix_token_ids_sha256": "a443ba3dbd953bba952ca3f8c4177e2a6811f98030c78e4b902289aacc6b4be8",
          "step": 176
        },
        {
          "prefix_length": 261,
          "prefix_token_ids_sha256": "e215db2cf21733749543fd3bd387bab8edd54ddbf74f3ff4c7a14d17a0c61dd4",
          "step": 177
        },
        {
          "prefix_length": 262,
          "prefix_token_ids_sha256": "17ea1e72f1d9861948ece05b1017a2dc7867f661f9e2660da05efe9ff65ba876",
          "step": 178
        },
        {
          "prefix_length": 263,
          "prefix_token_ids_sha256": "0f5350392c3c976c1cf8f4bcf9f0ea7faf131e4d14e45115defd21fdf94971eb",
          "step": 179
        },
        {
          "prefix_length": 264,
          "prefix_token_ids_sha256": "ed00114ab7284e6e06647473d73e9f9889c59e2cd7ae7581f65864e45959b509",
          "step": 180
        },
        {
          "prefix_length": 265,
          "prefix_token_ids_sha256": "dda3623b41a647ad806e592f8fa965405810b5b175d43e7e1be2973af52b3e03",
          "step": 181
        },
        {
          "prefix_length": 266,
          "prefix_token_ids_sha256": "5a032e7c724d4709e8c8928b34fc88ae489207dd459c72727423c1c3d7d81201",
          "step": 182
        },
        {
          "prefix_length": 267,
          "prefix_token_ids_sha256": "67a24e1f3e89e00ed445bfa22c7ff13552566ece5596a5002b93343f24c807e5",
          "step": 183
        },
        {
          "prefix_length": 268,
          "prefix_token_ids_sha256": "9f855e532bf775bc6016da9a41ae1155f1e2cf8cdc5ba0b387a924c30cbadc24",
          "step": 184
        },
        {
          "prefix_length": 269,
          "prefix_token_ids_sha256": "051d4fbe06c3226c35ca41da49101ef63ac8545b9c456ed8194f06c3f7cbc3d2",
          "step": 185
        },
        {
          "prefix_length": 270,
          "prefix_token_ids_sha256": "afc066d91c839d63d3f6e80be7174ff6fdd72ea7a7ba1b68494f2fa73ed12818",
          "step": 186
        },
        {
          "prefix_length": 271,
          "prefix_token_ids_sha256": "41adec88083f8e67ff26992a4f1539f0652c098c1d124e830d67508e4edf34cd",
          "step": 187
        },
        {
          "prefix_length": 272,
          "prefix_token_ids_sha256": "649b16e63107ef5ace031a10baf842a1a89739e34feadb26ef32a0fb021c6f1b",
          "step": 188
        },
        {
          "prefix_length": 273,
          "prefix_token_ids_sha256": "b5a3208078c414506a39e7b59ad355625de923cd4064fd4bd3791653d3a09031",
          "step": 189
        },
        {
          "prefix_length": 274,
          "prefix_token_ids_sha256": "e482f9bba18c9a58f346cfd299801d89aec08283102617bec925be4957162e71",
          "step": 190
        },
        {
          "prefix_length": 275,
          "prefix_token_ids_sha256": "72fd1c78362f002ed2ddb71ad4e8b4b58ee4ae6b947806c375e77813df46b5ba",
          "step": 191
        },
        {
          "prefix_length": 276,
          "prefix_token_ids_sha256": "1eb949d2df0a327b0db99843f2f7296ad1788db7e492bec08c45952bd90fcce2",
          "step": 192
        },
        {
          "prefix_length": 277,
          "prefix_token_ids_sha256": "8cbf35a414a9c03f1c05d9cf682cbb5b2f9379a03c71ba21c6af21346378e4eb",
          "step": 193
        },
        {
          "prefix_length": 278,
          "prefix_token_ids_sha256": "9e76d725e2b916db35ac3febd5468c084c9caafd0c5f12662f39f9a82fec36d6",
          "step": 194
        },
        {
          "prefix_length": 279,
          "prefix_token_ids_sha256": "ed9e1db68467935d84aaabf2a251ebd4da48f6d71ba92013aed7abde40581557",
          "step": 195
        },
        {
          "prefix_length": 280,
          "prefix_token_ids_sha256": "feeb6d14d017d003f89bc1209769a7e07bf0ead802e60a4f627a97b5376d4fc6",
          "step": 196
        },
        {
          "prefix_length": 281,
          "prefix_token_ids_sha256": "2866447cac50fb8e8c3aebe6537d27267e1f5e70a5b36e21251f145520613548",
          "step": 197
        },
        {
          "prefix_length": 282,
          "prefix_token_ids_sha256": "15f26223561bb71f82f300a9ea88fc93c7e6ec7452d2e48e917e2fc4be993086",
          "step": 198
        },
        {
          "prefix_length": 283,
          "prefix_token_ids_sha256": "d555fec4eb140e3c1a07506ba841f9234975712c276f7432ad8e3cf74194428c",
          "step": 199
        },
        {
          "prefix_length": 284,
          "prefix_token_ids_sha256": "57b7c57101c4147c7dfb36750171af222bca0099f0fdf73ce25c617a3e5dbfcd",
          "step": 200
        },
        {
          "prefix_length": 285,
          "prefix_token_ids_sha256": "aad0edeffeb72c59e03595b19799e851776a03faead907b085cec917aeebfc62",
          "step": 201
        },
        {
          "prefix_length": 286,
          "prefix_token_ids_sha256": "9b660df98b9e40f160e78eeb26997567200f086d9cec8a9e256a8f2114a42cdb",
          "step": 202
        },
        {
          "prefix_length": 287,
          "prefix_token_ids_sha256": "34a7a2446d0bc0bc8bca2e490713a4f63af36306882974bf29537a3c8f9e38b2",
          "step": 203
        },
        {
          "prefix_length": 288,
          "prefix_token_ids_sha256": "02b147e63686073f767ff88d3525b2f978079b56d0d28d708b8b8bb846dfd0c0",
          "step": 204
        },
        {
          "prefix_length": 289,
          "prefix_token_ids_sha256": "38a55ec900578427986dc9f0746689694098fe68d80ec30530c8a5f778142e81",
          "step": 205
        },
        {
          "prefix_length": 290,
          "prefix_token_ids_sha256": "3fc4446eba080c434a70fe608ea9ae3f12d67135f784981d722d0f2c3d43e17a",
          "step": 206
        },
        {
          "prefix_length": 291,
          "prefix_token_ids_sha256": "a3ed139060e80741b5a9e901fd324e9f4c0def33094691c2b71f7eef73689291",
          "step": 207
        },
        {
          "prefix_length": 292,
          "prefix_token_ids_sha256": "78d33731046d036960bb18bb8717cd531e109f8738221fb24c13b39224145d54",
          "step": 208
        },
        {
          "prefix_length": 293,
          "prefix_token_ids_sha256": "473e2cf09dec30ff18cac46a52e2fc3f8a3ba22329b896082f368d9dda69a93a",
          "step": 209
        },
        {
          "prefix_length": 294,
          "prefix_token_ids_sha256": "c866263a813709192de817b99333c1284be570503893808ec79f473ce3bbc6dc",
          "step": 210
        },
        {
          "prefix_length": 295,
          "prefix_token_ids_sha256": "db7a480b2f4466017ffabd836bfe3477b7d5e2bee6d8e43dc862877fa59caca5",
          "step": 211
        },
        {
          "prefix_length": 296,
          "prefix_token_ids_sha256": "4be5f6328c430cea16d3d456c377eee73a03ab874466515c68f6c52b75029b00",
          "step": 212
        },
        {
          "prefix_length": 297,
          "prefix_token_ids_sha256": "7a30af9ba1ab31b429483a59ae059e29686d067f2f917d18efb4f2abc3be06f8",
          "step": 213
        },
        {
          "prefix_length": 298,
          "prefix_token_ids_sha256": "20bc0aba6f48ac27753f4a4b35bc661b4671c25ac61c1154a565518831bdbc16",
          "step": 214
        },
        {
          "prefix_length": 299,
          "prefix_token_ids_sha256": "367bff96d446e3e5f4abaaf4dcc8594c6274c626ea69f490dbb491e9c87283af",
          "step": 215
        },
        {
          "prefix_length": 300,
          "prefix_token_ids_sha256": "d2912bf4ba9415fd48b4cb17489023ada3cdc77593771639a6f1dba06661aa90",
          "step": 216
        },
        {
          "prefix_length": 301,
          "prefix_token_ids_sha256": "99e24139ef88c5006762e2ddde38bd6efc1d6d5bd2d3a4a56c9fd08488a6fb40",
          "step": 217
        },
        {
          "prefix_length": 302,
          "prefix_token_ids_sha256": "7825800e0c2a0549d10db3fca4655def8f35fc9565c26bbab82bd5606ca0addc",
          "step": 218
        },
        {
          "prefix_length": 303,
          "prefix_token_ids_sha256": "aa2d39cf982f7571d2f81224cb327e0cd9bcc8925eadf42fced4906cf43b5bd7",
          "step": 219
        },
        {
          "prefix_length": 304,
          "prefix_token_ids_sha256": "4606dd9f3b64bccb6f57ecef832c39155bf34bca45c231923a1ac306b1ad2351",
          "step": 220
        },
        {
          "prefix_length": 305,
          "prefix_token_ids_sha256": "ad8930d1c0d310c5dd2fef3026fda28881232e60ef44d864ab81d985dee6170e",
          "step": 221
        },
        {
          "prefix_length": 306,
          "prefix_token_ids_sha256": "a30ffdbc80893e45bdad41118d345763daa0a324f9e776d64a7c553c573cb26e",
          "step": 222
        },
        {
          "prefix_length": 307,
          "prefix_token_ids_sha256": "78142803e7d072e62344d95d0548ac9ffc8a6093665efe1cfc347275589d13cb",
          "step": 223
        },
        {
          "prefix_length": 308,
          "prefix_token_ids_sha256": "f98192529b773c1f018be809b1618ace8d956d2b81dc6f2c658b99eeb450a3e5",
          "step": 224
        },
        {
          "prefix_length": 309,
          "prefix_token_ids_sha256": "54ce1167a3de2cf01c9804240b6a9b13bae0436e60378fbee6e039e5480fc6a3",
          "step": 225
        },
        {
          "prefix_length": 310,
          "prefix_token_ids_sha256": "ce29af4be0102f7e3b6b67d340eb6968ad15793a3e4920f7c268ad416a460679",
          "step": 226
        },
        {
          "prefix_length": 311,
          "prefix_token_ids_sha256": "6da8f6ec909694dc49960a3cdf83149a9f68dc44d57c132a1c05a946b5f9b413",
          "step": 227
        },
        {
          "prefix_length": 312,
          "prefix_token_ids_sha256": "b8cb782520253877036d0a140186b2b1fa9e123ca95176d127f4da4abc8b261f",
          "step": 228
        },
        {
          "prefix_length": 313,
          "prefix_token_ids_sha256": "544626c56de06ebdc4bfe2c928efd6ef4e33f8c9166b0a09f39d3892e92e5630",
          "step": 229
        },
        {
          "prefix_length": 314,
          "prefix_token_ids_sha256": "84fa272367f2d4dfb1f97dac672ac178a3c04fec07bf2dc258c8d04d0d406581",
          "step": 230
        },
        {
          "prefix_length": 315,
          "prefix_token_ids_sha256": "72f05456e5ec0796cb1fd11f7186d82ab77de3c65e947b00a823aca5aafd99f2",
          "step": 231
        },
        {
          "prefix_length": 316,
          "prefix_token_ids_sha256": "302e4c07ee93a2ebf2a57fdfa07c2a7714fa63814c9bc7c6cfd0eea623d2afb7",
          "step": 232
        },
        {
          "prefix_length": 317,
          "prefix_token_ids_sha256": "686161803dbdcfca57bfb6a8cf09391da5ecc2c05e29f8bb6036ef66ed093267",
          "step": 233
        },
        {
          "prefix_length": 318,
          "prefix_token_ids_sha256": "39b3699d81a103ebedd58b08299df846e96d8c59e1fce5a16f8ea1f9ff7ecd75",
          "step": 234
        },
        {
          "prefix_length": 319,
          "prefix_token_ids_sha256": "2ee530261bdebf7a5f54ac964a333b914c21f2e5054097ccc937237a5d5164a6",
          "step": 235
        },
        {
          "prefix_length": 320,
          "prefix_token_ids_sha256": "9c04aca0eae93bb32d71303f29245e5aca21f1b75106498398fe0d52b2d0a8d6",
          "step": 236
        },
        {
          "prefix_length": 321,
          "prefix_token_ids_sha256": "30782dc9b6cd3142dc671c91df80f37660689227da414376bcfae7dd8d3570ec",
          "step": 237
        },
        {
          "prefix_length": 322,
          "prefix_token_ids_sha256": "24202891514854d0063812e77b65cb259c148c3259b5d81fd5f71931a9cee70a",
          "step": 238
        },
        {
          "prefix_length": 323,
          "prefix_token_ids_sha256": "7be30d987e23e71253ed7bda6bd0d7575b56b50fd96c83c23c54efaf4b268000",
          "step": 239
        },
        {
          "prefix_length": 324,
          "prefix_token_ids_sha256": "92cd8a7f4fdbb9ce0fe0028d91047e55eca20ed0c672004daaf7c48138a09d28",
          "step": 240
        },
        {
          "prefix_length": 325,
          "prefix_token_ids_sha256": "a79baf082ba291f0e61d8d7960fe171c712b14083c92053eed734f5690153d59",
          "step": 241
        },
        {
          "prefix_length": 326,
          "prefix_token_ids_sha256": "fc36211beb3e566e2515e11e055efe27879ad20a39420cf2c3ed60c28f1040cd",
          "step": 242
        },
        {
          "prefix_length": 327,
          "prefix_token_ids_sha256": "5dcccab377fb5cc59bc8fcc9a2d0efb4dbbcc81be0f210eee7d0db7030fbb933",
          "step": 243
        },
        {
          "prefix_length": 328,
          "prefix_token_ids_sha256": "42b5083f77dea3e177327bd8698cf0521b71d43fe594c3679e9d682590d2bb90",
          "step": 244
        },
        {
          "prefix_length": 329,
          "prefix_token_ids_sha256": "c521994913b30d285650bdd5a5e9744d95a5fd7bec5fa4f730079ebdcc63276b",
          "step": 245
        },
        {
          "prefix_length": 330,
          "prefix_token_ids_sha256": "9b0423493185e946871303c5664afbe58b600fe82c986d248a4e9cd61559f75c",
          "step": 246
        },
        {
          "prefix_length": 331,
          "prefix_token_ids_sha256": "f1cb6554622d182b17d9423c8337890884a03178d2bbde70e387c7678fad610b",
          "step": 247
        },
        {
          "prefix_length": 332,
          "prefix_token_ids_sha256": "a1833fc698bdb5b4a2b9f87728093590d217dbb1b06bca860fd3416dc8d4fcde",
          "step": 248
        },
        {
          "prefix_length": 333,
          "prefix_token_ids_sha256": "7938f1674f21a5f184f202b8f502ce73e98ffb061aecfdd4f0ddc6c66aff0352",
          "step": 249
        },
        {
          "prefix_length": 334,
          "prefix_token_ids_sha256": "fd528c9cf8fa74caa6cf6f20bdabb89e1e320bd67ca6aa6dd34d6760a97da959",
          "step": 250
        },
        {
          "prefix_length": 335,
          "prefix_token_ids_sha256": "2ad053f6eb04c34133868919805cc36b342ab0c61e010440ef168816800cf2f7",
          "step": 251
        },
        {
          "prefix_length": 336,
          "prefix_token_ids_sha256": "27bc35d68001cb8c9fb9adf097137e8ee9a59bcfc2a6ef97992caf696abf3be3",
          "step": 252
        },
        {
          "prefix_length": 337,
          "prefix_token_ids_sha256": "33317528d2fda472587ace6cf2f7d9067b43750b07f47e6f351142464544820e",
          "step": 253
        },
        {
          "prefix_length": 338,
          "prefix_token_ids_sha256": "2fbeaa2383ccdb6ab8128141e1b3c656d88b440e9c44198b322b203aa44e07d8",
          "step": 254
        },
        {
          "prefix_length": 339,
          "prefix_token_ids_sha256": "a54e83edfb9b7f50be0ee5bf88909054ed14cca6070f7a384c54d92f68770be0",
          "step": 255
        },
        {
          "prefix_length": 340,
          "prefix_token_ids_sha256": "631ffb776d611d4fd9cf9177ceab5fd30151fb5416937a335f32de10e5921be2",
          "step": 256
        },
        {
          "prefix_length": 341,
          "prefix_token_ids_sha256": "631616ed4507197d252cbd6d7bd3a15c08eb57127ae2544b6c94ad2d9e19f2bf",
          "step": 257
        },
        {
          "prefix_length": 342,
          "prefix_token_ids_sha256": "8d8e9a3900743be10749452ad85fdceb087f692e98abb0f901ad644b63a80b58",
          "step": 258
        },
        {
          "prefix_length": 343,
          "prefix_token_ids_sha256": "828a52955e0498e18545c59ef9a27cdef07a97f5eb792405f2e7d81c52ecfc93",
          "step": 259
        },
        {
          "prefix_length": 344,
          "prefix_token_ids_sha256": "af3ad2ac31af0087348518a0e304dd91d5a4ddbb09fc2d0eba90db6a8d6c9c32",
          "step": 260
        },
        {
          "prefix_length": 345,
          "prefix_token_ids_sha256": "05ad50e0197296c6e262d37cd402b468c5cc5b13d18af47f4c40e5e97d81f611",
          "step": 261
        },
        {
          "prefix_length": 346,
          "prefix_token_ids_sha256": "6ac62c6cb09b8f6c88eedae8f3f681ba02f31915e992a9a9f7a02768f9e49af8",
          "step": 262
        },
        {
          "prefix_length": 347,
          "prefix_token_ids_sha256": "1dfb451f19376f672c245d234630507d2616071f31475d2665aa284e0b65cfc0",
          "step": 263
        },
        {
          "prefix_length": 348,
          "prefix_token_ids_sha256": "c42fdd21b868055b6bb277c7c033667b027f19df68d41bac27af5e71af53a908",
          "step": 264
        },
        {
          "prefix_length": 349,
          "prefix_token_ids_sha256": "9fd8f2dff9915c6bae0c55d2a7581b476bb7a36a2e4dbd18b79b2985c440561d",
          "step": 265
        },
        {
          "prefix_length": 350,
          "prefix_token_ids_sha256": "d221bbfb8b4497f32386dff900999a585cc85c6b21cd7d4e3608df6715035949",
          "step": 266
        },
        {
          "prefix_length": 351,
          "prefix_token_ids_sha256": "bd0bb2ffef389e3855c9597d3fc0cbda8b0d81f4cb5e48858cc4594e6e40f9ce",
          "step": 267
        },
        {
          "prefix_length": 352,
          "prefix_token_ids_sha256": "ce93f0e1681c70dae0b143e201a2c7653262896369dc1bbe58c55b04e2bbc661",
          "step": 268
        },
        {
          "prefix_length": 353,
          "prefix_token_ids_sha256": "5568edc409fbef0d5e756ecf31547f44fdd62d4ba2e5948ee146c1159407f17b",
          "step": 269
        },
        {
          "prefix_length": 354,
          "prefix_token_ids_sha256": "1d22bb7eb8d12f6ee40a2c33dae89615b97269d8eeaf8992c6816f312fba14c4",
          "step": 270
        },
        {
          "prefix_length": 355,
          "prefix_token_ids_sha256": "6d9a5f9da49db714db400bf448ed3d160f2e0c923bd888bb070e11b542ac71d0",
          "step": 271
        },
        {
          "prefix_length": 356,
          "prefix_token_ids_sha256": "233b8b13ef57af3ff780ec680f45170de9941883923044d94d86db51b5b3a617",
          "step": 272
        },
        {
          "prefix_length": 357,
          "prefix_token_ids_sha256": "242cd7ada7c141349b364efe5b2eeb170b6d61c48220665c76da20d3bb576d97",
          "step": 273
        },
        {
          "prefix_length": 358,
          "prefix_token_ids_sha256": "4c7000c61d1dd8038b58e7753468aa08736baee030a76e32067fa689c5900f10",
          "step": 274
        },
        {
          "prefix_length": 359,
          "prefix_token_ids_sha256": "825d65ab9dfba22217e217a4ad4c2e8fa4c049f9a40aa4dc56f314271afe4b82",
          "step": 275
        },
        {
          "prefix_length": 360,
          "prefix_token_ids_sha256": "aeb7d4407751930156f58a562dbe9a6e87cc0615754090f68af419ec78d4c4c4",
          "step": 276
        },
        {
          "prefix_length": 361,
          "prefix_token_ids_sha256": "16d0d6227449283632be70a7ea3cb20c9646aa40fe1d02f439f38f280d144b61",
          "step": 277
        },
        {
          "prefix_length": 362,
          "prefix_token_ids_sha256": "4debd873e7ef373dee6b3cc729941dd66a939c26b95a287af8631038652419a5",
          "step": 278
        },
        {
          "prefix_length": 363,
          "prefix_token_ids_sha256": "3f5c3e611d57ad846b2eb087891d727ad86920d88e95bf3bf3965c2fff2580e4",
          "step": 279
        },
        {
          "prefix_length": 364,
          "prefix_token_ids_sha256": "9f895840c058705105f79648fd1f4003956618503efb4ac68bbd5acad32d18d7",
          "step": 280
        },
        {
          "prefix_length": 365,
          "prefix_token_ids_sha256": "44419e3a7793306e5eafb1b286ea993c94085700e68dc781a0aae4a91b9592bf",
          "step": 281
        },
        {
          "prefix_length": 366,
          "prefix_token_ids_sha256": "deeaf6b84ee86ee49d65567ad0610d86e8bc0d4837f94bd8aa42f00c9353dab2",
          "step": 282
        },
        {
          "prefix_length": 367,
          "prefix_token_ids_sha256": "ea89714089b32dcbefaca9a60143d9a32c5ab73607bcca9b82ef68827e63c5a9",
          "step": 283
        },
        {
          "prefix_length": 368,
          "prefix_token_ids_sha256": "96471bc4cf55b343da9836c4522964e234eca6755710cc058dcfd1fdc022a588",
          "step": 284
        },
        {
          "prefix_length": 369,
          "prefix_token_ids_sha256": "86d0c8cd3788369597ec296064cb7f38b3bc7f8b5b7a6f8a519d393b5b5a7e4a",
          "step": 285
        },
        {
          "prefix_length": 370,
          "prefix_token_ids_sha256": "b38866fd12989116b5c8fe4aebc88f54a012f0145fccf2665987d8a81aed41ab",
          "step": 286
        },
        {
          "prefix_length": 371,
          "prefix_token_ids_sha256": "f2c4e9a021df2c24ef543a81d9d1d8b84630222b16c006def045b0952defecab",
          "step": 287
        },
        {
          "prefix_length": 372,
          "prefix_token_ids_sha256": "cbef53cc7cb42e83eff40ff96977acc5ec07f2fdcedf80fb70426da7ab2a1b6b",
          "step": 288
        },
        {
          "prefix_length": 373,
          "prefix_token_ids_sha256": "a1de50220ce79d417ea8bf1b9b0cdfce4794c17fdf53709865710ccaa2fc5415",
          "step": 289
        },
        {
          "prefix_length": 374,
          "prefix_token_ids_sha256": "25e6c3b555bcee24d119fee7ddc4f1c30cf36715d5872d02eca7c7b47eae3cb8",
          "step": 290
        },
        {
          "prefix_length": 375,
          "prefix_token_ids_sha256": "d1251ff00c5695220332e30c371b1e8a5c4b245ac6e6939dc5aa5fdae0e082a9",
          "step": 291
        },
        {
          "prefix_length": 376,
          "prefix_token_ids_sha256": "eed9bb461de7bf03056f0ec657c65bd55c6aafa430cf4e8f55b411d780e00b28",
          "step": 292
        },
        {
          "prefix_length": 377,
          "prefix_token_ids_sha256": "49a6e26a8dc2724545ac4fb0f9cb9ac99618f24b8e7f59d2057158f2def39433",
          "step": 293
        },
        {
          "prefix_length": 378,
          "prefix_token_ids_sha256": "b5ddc59b866c7ed5e113c017b446697c57c8419ff4b439a9c12a9a9d886ae0e9",
          "step": 294
        },
        {
          "prefix_length": 379,
          "prefix_token_ids_sha256": "b42327c1de19644ee87bf92d0157943fd827e53ece62d548803abf70399e67f3",
          "step": 295
        },
        {
          "prefix_length": 380,
          "prefix_token_ids_sha256": "5f4880165024b54cf5e35e73c080929b549f6c0780d84c492e3df76824f5de90",
          "step": 296
        },
        {
          "prefix_length": 381,
          "prefix_token_ids_sha256": "435cc4446f4c2023b7dad25920bd22f6cb5ac2bdb5f44131a1115346f0bd4c5b",
          "step": 297
        },
        {
          "prefix_length": 382,
          "prefix_token_ids_sha256": "c643e6cc0560ddb647171024766db80a6fb1c99547e75e0c1739eea3ccd6b5de",
          "step": 298
        },
        {
          "prefix_length": 383,
          "prefix_token_ids_sha256": "fe98ad770584926654f8b925c984cbe9639ab263f66eb751f14ea7f2e971bb55",
          "step": 299
        },
        {
          "prefix_length": 384,
          "prefix_token_ids_sha256": "1f27fbb39c0f354e60413e287735b4223c749d6e110b65a8cc1c33e56a5e5b99",
          "step": 300
        },
        {
          "prefix_length": 385,
          "prefix_token_ids_sha256": "03020d5c00b8ad12b107e06d48dfe60f82e2b4bb6d08de9fa9f10dba1d7a66fe",
          "step": 301
        },
        {
          "prefix_length": 386,
          "prefix_token_ids_sha256": "f34532747bc2129572431c7466ce6dcf6a2790511f391fc871430a394c20a302",
          "step": 302
        },
        {
          "prefix_length": 387,
          "prefix_token_ids_sha256": "abf320bcdffc3e98877543397c6ebf07e1b07472642610c03dbcc4cb4b059deb",
          "step": 303
        },
        {
          "prefix_length": 388,
          "prefix_token_ids_sha256": "3c81eef86665a4fee44dacb2f03beae37ca5945614c7ece411daef9c2f71e54b",
          "step": 304
        },
        {
          "prefix_length": 389,
          "prefix_token_ids_sha256": "289b7540073685f0a483e9c426a8e2877819cf73b86fa40b281ff261611b7d0d",
          "step": 305
        },
        {
          "prefix_length": 390,
          "prefix_token_ids_sha256": "3c2217500d2a0198ee654cdf0af8bc7e760d08c50ff3e0a6c39a024f8d5131de",
          "step": 306
        },
        {
          "prefix_length": 391,
          "prefix_token_ids_sha256": "15495fc21836f3178a62159659ee799aa94663a379eb90179e7a77593c096c71",
          "step": 307
        },
        {
          "prefix_length": 392,
          "prefix_token_ids_sha256": "520938ea58c7f7b4f7b6fb7dbf6d1e69e273e9dc2bd88a2996bb5d2fbd416917",
          "step": 308
        },
        {
          "prefix_length": 393,
          "prefix_token_ids_sha256": "ee0467557187b5ce213fa69628a18b071ecafd756810041a559edfccc9fcd66f",
          "step": 309
        },
        {
          "prefix_length": 394,
          "prefix_token_ids_sha256": "f154483ee813d1eb5be9018032bd6e8e47ad5b1084c3c65df56003364b08a7f8",
          "step": 310
        },
        {
          "prefix_length": 395,
          "prefix_token_ids_sha256": "b9f50a4b0fa5d7e136d172f366e28ec58d8555bc0d94decea0cdcecdbf135c36",
          "step": 311
        },
        {
          "prefix_length": 396,
          "prefix_token_ids_sha256": "03b3c3ab78d00ac5c804f00d5e0fc2ddf3549f9be17e9f93af6fb6fb57987f49",
          "step": 312
        },
        {
          "prefix_length": 397,
          "prefix_token_ids_sha256": "1b869863b0e52f844663082c94e467b310e95da165b0e3e6c46497b2765b34ed",
          "step": 313
        },
        {
          "prefix_length": 398,
          "prefix_token_ids_sha256": "d3022f493098fd0bbc622a87cf7991d471257fb0f18144520f7e013d9b1cdd26",
          "step": 314
        },
        {
          "prefix_length": 399,
          "prefix_token_ids_sha256": "5cd39fb70bfb0c34a6f290f990f8e165a201b5d7f9e6724588ee2d47871d7bcc",
          "step": 315
        },
        {
          "prefix_length": 400,
          "prefix_token_ids_sha256": "4c2a09c2e95f8a6b8d774b63cefe120670a73d6c81a4e88a9ec5dc375d4e77f9",
          "step": 316
        },
        {
          "prefix_length": 401,
          "prefix_token_ids_sha256": "8a582efaa573c223cfa555ae1d78402aeb2b4e3a28abc7690b6a61e42dec150e",
          "step": 317
        },
        {
          "prefix_length": 402,
          "prefix_token_ids_sha256": "92e7a48fb76ffbe920022e562c553846a1f562031c979cc69a48cade0adf44cc",
          "step": 318
        },
        {
          "prefix_length": 403,
          "prefix_token_ids_sha256": "44cbaad9ae1201a238397818503dcb76b0581246403c8ac1ca38db871ba51ffb",
          "step": 319
        },
        {
          "prefix_length": 404,
          "prefix_token_ids_sha256": "21cea592033da2f1fccaf730e85e987e25c05da65400bc4859cf8d324607a200",
          "step": 320
        },
        {
          "prefix_length": 405,
          "prefix_token_ids_sha256": "79be2bbf492476fd9c7698eb3dca75f08ef7defeb9733f14f3407950ea9440f0",
          "step": 321
        },
        {
          "prefix_length": 406,
          "prefix_token_ids_sha256": "9e9f3ac1459c76746c226a90852fb0667da066d64541d6787225a61f45bb0877",
          "step": 322
        },
        {
          "prefix_length": 407,
          "prefix_token_ids_sha256": "4e342c24df90c07a6135d13fcb8867363a2e7af204bfc3455270690de3e3655d",
          "step": 323
        },
        {
          "prefix_length": 408,
          "prefix_token_ids_sha256": "0e715088d68b276c99e8e7fcb45f74411ed5009f6c078d7694d6ea69d03eece6",
          "step": 324
        },
        {
          "prefix_length": 409,
          "prefix_token_ids_sha256": "1e0b02bf6b174982ceb036fe93d121a8c66732a5498c0574646127b5bd3e8e25",
          "step": 325
        },
        {
          "prefix_length": 410,
          "prefix_token_ids_sha256": "63a754c7b7c778fc52310eec524fa2ae364de672e239ec6b5f7459e29ae0db74",
          "step": 326
        },
        {
          "prefix_length": 411,
          "prefix_token_ids_sha256": "2b777c0bf0d0441facfd0067b0e88b7db5640883c81e7964d3edf8fdf84e9c91",
          "step": 327
        },
        {
          "prefix_length": 412,
          "prefix_token_ids_sha256": "df98e437e0aafbd649503f50c70705130a0f05e8b2d89b6b2181a190cb4f82b3",
          "step": 328
        },
        {
          "prefix_length": 413,
          "prefix_token_ids_sha256": "58b3a68f564902a9e68b87ebea9772b295aff64f4997137a9dd47d0e90fac10a",
          "step": 329
        },
        {
          "prefix_length": 414,
          "prefix_token_ids_sha256": "176cc386833397d43cd31180615edd052b9362b33a919d8565f2a772e8fab325",
          "step": 330
        },
        {
          "prefix_length": 415,
          "prefix_token_ids_sha256": "eecf9a74bac3e3c42a83dd1170307e3ec9106966c7b60f1f2020706c02ff03fc",
          "step": 331
        },
        {
          "prefix_length": 416,
          "prefix_token_ids_sha256": "2718b9838407ba1223f7bc6ac25a0c97e0e6569cb1ea2d654de5caf49fd5546b",
          "step": 332
        },
        {
          "prefix_length": 417,
          "prefix_token_ids_sha256": "379217637ca8fd818122bf2e59fe53366b73f31518e3525b046881150d53b83f",
          "step": 333
        },
        {
          "prefix_length": 418,
          "prefix_token_ids_sha256": "b1a7755408675e95daddbfdbd75b7291974b5655f071cebae292071bfcab13a6",
          "step": 334
        },
        {
          "prefix_length": 419,
          "prefix_token_ids_sha256": "f53452f5ad90b31177f305c49663d204608f619b384dc25aade6bc52143f7322",
          "step": 335
        },
        {
          "prefix_length": 420,
          "prefix_token_ids_sha256": "f3cc8d035ef783cfe757ae95c170d5a5ad394ba033763f35395a61f7f0256874",
          "step": 336
        },
        {
          "prefix_length": 421,
          "prefix_token_ids_sha256": "bbb9c0f41dae11d2c03089df5ecd1c945df63fd17372d802343d54eabd21f7df",
          "step": 337
        },
        {
          "prefix_length": 422,
          "prefix_token_ids_sha256": "b0922a713067bac79917a370cf6e34534cec39d32a3f0c78839247e991311759",
          "step": 338
        },
        {
          "prefix_length": 423,
          "prefix_token_ids_sha256": "f23575989169785c270a80a76c26d6fa408164ecc0628dacb2b62a8f1e872513",
          "step": 339
        },
        {
          "prefix_length": 424,
          "prefix_token_ids_sha256": "30bda12c5bec943445ea4b4ddfd79adcc4765134c92b74c81dfab85b4d23e1bf",
          "step": 340
        },
        {
          "prefix_length": 425,
          "prefix_token_ids_sha256": "882633432ac1bc25944afb6df70cd560801a65b7e3f153ae70511ad035997e60",
          "step": 341
        },
        {
          "prefix_length": 426,
          "prefix_token_ids_sha256": "30fff20838e1d6945c2b368a379203c3fad56c86ee9c46008db109cf6c377391",
          "step": 342
        },
        {
          "prefix_length": 427,
          "prefix_token_ids_sha256": "f03541d95d784fbaa77e43d8d8a5b630a36f84fb48939d3bbfb821d7fba05908",
          "step": 343
        },
        {
          "prefix_length": 428,
          "prefix_token_ids_sha256": "e428151f78f9d03bb6e7d59d87f7e040c4f2b725db82b8c605b727a51664fe31",
          "step": 344
        },
        {
          "prefix_length": 429,
          "prefix_token_ids_sha256": "8797284f83ca87578bd9dc8850c565ea1fd6ef747d5d8d6e68dbda5082e26010",
          "step": 345
        },
        {
          "prefix_length": 430,
          "prefix_token_ids_sha256": "8b50b8b329ae7b08ce10e340eb00bcd6c2ac6a153f96bc5ddcd46c9af4625a4f",
          "step": 346
        },
        {
          "prefix_length": 431,
          "prefix_token_ids_sha256": "081abeb87804064dc5ab25e4f43d8e55c9215ac3e38c2946bcee20bf13b9c413",
          "step": 347
        },
        {
          "prefix_length": 432,
          "prefix_token_ids_sha256": "62c588f87c493f335ee56bd0fc34dd7898bc770812f3cbcee54057d052292376",
          "step": 348
        },
        {
          "prefix_length": 433,
          "prefix_token_ids_sha256": "b7ab131fb54d97da4b3d04e359223a72cb5a20a494b23803be7c9a1c2ca9b7ea",
          "step": 349
        }
      ],
      "generated_answer": "48",
      "generated_token_ids": [
        1401,
        2952,
        1097,
        1523,
        7963,
        59476,
        1489,
        1924,
        21786,
        44,
        358,
        1079,
        302,
        922,
        907,
        2756,
        58,
        10,
        49,
        46,
        6917,
        1097,
        1523,
        7963,
        59476,
        674,
        3161,
        1924,
        46,
        10,
        50,
        46,
        9078,
        1097,
        1523,
        7963,
        1791,
        674,
        29066,
        46,
        10,
        51,
        46,
        6917,
        1097,
        1523,
        7963,
        1791,
        1924,
        7069,
        46,
        10,
        52,
        46,
        6917,
        1097,
        1523,
        7963,
        1791,
        674,
        1775,
        302,
        1924,
        46,
        10,
        53,
        46,
        9078,
        1097,
        1523,
        7963,
        1791,
        1489,
        1924,
        21786,
        46,
        10,
        3931,
        345,
        58,
        6917,
        1097,
        1523,
        7963,
        59476,
        674,
        3161,
        1924,
        46,
        10,
        37496,
        863,
        305,
        7173,
        259,
        345,
        50,
        48,
        45,
        3796,
        3544,
        46,
        11387,
        24258,
        44,
        1791,
        1924,
        345,
        50,
        7963,
        46,
        10325,
        44,
        1791,
        1924,
        6072,
        376,
        1523,
        7963,
        376,
        29066,
        44,
        10,
        2553,
        44,
        264,
        1543,
        786,
        286,
        7963,
        1791,
        674,
        1924,
        731,
        3176,
        305,
        58,
        10,
        49,
        50,
        318,
        13318,
        24258,
        41,
        425,
        345,
        50,
        318,
        43599,
        41,
        328,
        402,
        52,
        7963,
        10,
        3931,
        402,
        58,
        9078,
        1097,
        1523,
        7963,
        1791,
        1924,
        29066,
        46,
        10,
        8080,
        24258,
        44,
        59476,
        1924,
        345,
        50,
        7963,
        46,
        10,
        3931,
        532,
        58,
        6917,
        1097,
        1523,
        7963,
        1791,
        1924,
        7069,
        46,
        10,
        24895,
        44,
        1791,
        1924,
        1924,
        345,
        50,
        7963,
        46,
        10325,
        44,
        1791,
        1924,
        6072,
        376,
        1523,
        7963,
        376,
        29066,
        46,
        10,
        2553,
        44,
        264,
        786,
        286,
        7963,
        1791,
        1924,
        7069,
        305,
        58,
        10,
        50,
        514,
        345,
        50,
        328,
        402,
        52,
        7963,
        10,
        3931,
        643,
        58,
        6917,
        1097,
        1523,
        7963,
        1791,
        674,
        1775,
        302,
        1924,
        46,
        10,
        37496,
        863,
        305,
        7173,
        259,
        345,
        50,
        48,
        45,
        3796,
        3544,
        46,
        4110,
        674,
        3161,
        1924,
        402,
        52,
        7963,
        46,
        10,
        2553,
        44,
        264,
        786,
        286,
        7963,
        1791,
        674,
        1775,
        302,
        1924,
        305,
        58,
        10,
        49,
        50,
        48,
        318,
        402,
        52,
        328,
        1160,
        54,
        7963,
        10,
        3931,
        742,
        58,
        9078,
        1097,
        1523,
        7963,
        1791,
        1489,
        1924,
        21786,
        46,
        10,
        37496,
        863,
        8448,
        302,
        1924,
        3434,
        286,
        264,
        3891,
        7963,
        21786,
        46,
        10,
        2553,
        44,
        264,
        786,
        286,
        7963,
        1791,
        1489,
        1924,
        21786,
        305,
        58,
        10,
        57,
        54,
        1255,
        402,
        328,
        643,
        56,
        7963,
        10,
        2862,
        44,
        59476,
        1489,
        1924,
        643,
        56,
        7963,
        21786,
        46,
        65508
      ],
      "generated_tokens": 350,
      "hit_max_new_tokens": false,
      "nonempty_text": true,
      "repetition_onset": null,
      "substantive_text": "To determine how many pages Julie should read tomorrow, we need to first these steps:\n1. Calculate how many pages Julie has already read.\n2. Determine how many pages she has yesterday.\n3. Calculate how many pages she read today.\n4. Calculate how many pages she has left to read.\n5. Determine how many pages she should read tomorrow.\nStep 1: Calculate how many pages Julie has already read.\nJulie is reading a 120-page book. Yesterday, she read 12 pages. Today, she read twice as many pages as yesterday,\nSo, the total number of pages she has read so far is:\n12 (yesterday) + 12 (today) = 24 pages\nStep 2: Determine how many pages she read yesterday.\nYesterday, Julie read 12 pages.\nStep 3: Calculate how many pages she read today.\nToday, she read read 12 pages. Today, she read twice as many pages as yesterday.\nSo, the number of pages she read today is:\n2 x 12 = 24 pages\nStep 4: Calculate how many pages she has left to read.\nJulie is reading a 120-page book. She has already read 24 pages.\nSo, the number of pages she has left to read is:\n120 ( 24 = 96 pages\nStep 5: Determine how many pages she should read tomorrow.\nJulie wants to read half of the remaining pages tomorrow.\nSo, the number of pages she should read tomorrow is:\n96 / 2 = 48 pages\nTherefore, Julie should read 48 pages tomorrow.",
      "teacher_answer": "48",
      "teacher_answer_match": true,
      "teacher_text": "To determine how many pages Julie should read tomorrow, we need to follow these steps:\n1. Calculate how many pages Julie has already read.\n2. Determine how many pages she read yesterday.\n3. Calculate how many pages she read today.\n4. Calculate how many pages she has left to read.\n5. Determine how many pages she should read tomorrow.\nStep 1: Calculate how many pages Julie has already read.\nJulie is reading a 120-page book. Yesterday, she read 12 pages. Today, she read twice as many pages as yesterday.\nSo, the total number of pages she has read so far is:\n12 (yesterday) + 12 (today) = 24 pages\nStep 2: Determine how many pages she read yesterday.\nYesterday, Julie read 12 pages.\nStep 3: Calculate how many pages she read today.\nYesterday, Julie read 12 pages. Today, she read twice as many pages as yesterday.\nSo, the number of pages she read today is:\n2 x 12 = 24 pages\nStep 4: Calculate how many pages she has left to read.\nJulie is reading a 120-page book. She has already read 24 pages.\nSo, the number of pages she has left to read is:\n120 - 24 = 96 pages\nStep 5: Determine how many pages she should read tomorrow.\nJulie wants to read half of the remaining pages tomorrow.\nSo, the number of pages she should read tomorrow is:\n96 / 2 = 48 pages\nTherefore, Julie should read 48 pages tomorrow.<|end_turn|>",
      "teacher_valid_answer_tokens": 350,
      "text": "To determine how many pages Julie should read tomorrow, we need to first these steps:\n1. Calculate how many pages Julie has already read.\n2. Determine how many pages she has yesterday.\n3. Calculate how many pages she read today.\n4. Calculate how many pages she has left to read.\n5. Determine how many pages she should read tomorrow.\nStep 1: Calculate how many pages Julie has already read.\nJulie is reading a 120-page book. Yesterday, she read 12 pages. Today, she read twice as many pages as yesterday,\nSo, the total number of pages she has read so far is:\n12 (yesterday) + 12 (today) = 24 pages\nStep 2: Determine how many pages she read yesterday.\nYesterday, Julie read 12 pages.\nStep 3: Calculate how many pages she read today.\nToday, she read read 12 pages. Today, she read twice as many pages as yesterday.\nSo, the number of pages she read today is:\n2 x 12 = 24 pages\nStep 4: Calculate how many pages she has left to read.\nJulie is reading a 120-page book. She has already read 24 pages.\nSo, the number of pages she has left to read is:\n120 ( 24 = 96 pages\nStep 5: Determine how many pages she should read tomorrow.\nJulie wants to read half of the remaining pages tomorrow.\nSo, the number of pages she should read tomorrow is:\n96 / 2 = 48 pages\nTherefore, Julie should read 48 pages tomorrow.<|end_turn|>"
    },
    {
      "ended_naturally": true,
      "example_id": 4,
      "fallback_allowed": true,
      "first_32_teacher_token_match_fraction": 1.0,
      "full_prefix_lengths": [
        54,
        55,
        56,
        57,
        58,
        59,
        60,
        61,
        62,
        63,
        64,
        65,
        66,
        67,
        68,
        69,
        70,
        71,
        72,
        73,
        74,
        75,
        76,
        77,
        78,
        79,
        80,
        81,
        82,
        83,
        84,
        85,
        86,
        87,
        88,
        89,
        90,
        91,
        92,
        93,
        94,
        95,
        96,
        97,
        98,
        99,
        100,
        101,
        102,
        103,
        104,
        105,
        106,
        107,
        108,
        109,
        110,
        111,
        112,
        113,
        114,
        115,
        116,
        117,
        118,
        119,
        120,
        121,
        122,
        123,
        124,
        125,
        126,
        127,
        128,
        129,
        130,
        131,
        132,
        133,
        134,
        135,
        136,
        137,
        138,
        139,
        140,
        141,
        142,
        143,
        144,
        145,
        146
      ],
      "full_prefix_traces": [
        {
          "prefix_length": 54,
          "prefix_token_ids_sha256": "028f0439aa832188c5537f43da5290a0945921d74dc409837a0040900b9c10a8",
          "step": 0
        },
        {
          "prefix_length": 55,
          "prefix_token_ids_sha256": "2a2034424d79431dc0aa265560c3ce304831b162ef99a3cd6eaf98d8c652da99",
          "step": 1
        },
        {
          "prefix_length": 56,
          "prefix_token_ids_sha256": "5dd9ba08223b086218269b5d40cbbb7c1ee1ae23c0c5b82451443a7c5c22e447",
          "step": 2
        },
        {
          "prefix_length": 57,
          "prefix_token_ids_sha256": "a35d8d026ad01ba6957a694e55f4d129a5ff1404df3ccfee4693d2434cd61e30",
          "step": 3
        },
        {
          "prefix_length": 58,
          "prefix_token_ids_sha256": "bd0ed01eaecea67400286de7f62b2bdfc492aefe86b6d70755ba73a9022d53b7",
          "step": 4
        },
        {
          "prefix_length": 59,
          "prefix_token_ids_sha256": "433da5e4be67506e2e1738850cbda9dc34eb4fbf35c89755e4294342cf12103c",
          "step": 5
        },
        {
          "prefix_length": 60,
          "prefix_token_ids_sha256": "86914d5f74da8de7b30c989d5ee383df5ddb618bb095c9257b6654e0cd0d2c35",
          "step": 6
        },
        {
          "prefix_length": 61,
          "prefix_token_ids_sha256": "32562033a1d149f2201c150b0364feb4db4087e3d11187a9a4bac2e8903b1e34",
          "step": 7
        },
        {
          "prefix_length": 62,
          "prefix_token_ids_sha256": "afc56bad16fcc35e4b7530547cbcd2787fedb6bcebe25b42665a5b28ec71068e",
          "step": 8
        },
        {
          "prefix_length": 63,
          "prefix_token_ids_sha256": "6914db38e2d951cba21af37acae42a7db602d3acf2041ee5926a8aa521b0d7aa",
          "step": 9
        },
        {
          "prefix_length": 64,
          "prefix_token_ids_sha256": "e30112fe7e7ceb762b4efa0486e17a5a1dfa6f33f8ac58a84d3610a047a46c61",
          "step": 10
        },
        {
          "prefix_length": 65,
          "prefix_token_ids_sha256": "301e8b6932b8802fbc65c7580b91768da3ca5036aadf443384518878c866155c",
          "step": 11
        },
        {
          "prefix_length": 66,
          "prefix_token_ids_sha256": "a8827935ca32790e571ac0976376252773abffbcba1e25e2fad8d5ee8c96cdd4",
          "step": 12
        },
        {
          "prefix_length": 67,
          "prefix_token_ids_sha256": "6122b2e707b9c46900fd6fb430b94f9f50b6364063ee63e6db97fdbe8106519b",
          "step": 13
        },
        {
          "prefix_length": 68,
          "prefix_token_ids_sha256": "9e2129c81f256fcd4a1ad98635b1507f7547eb4844a41f06da3774759bf159c3",
          "step": 14
        },
        {
          "prefix_length": 69,
          "prefix_token_ids_sha256": "0be3480f1d2b042aafb26629c6a7b8b80a4a9795641629eb08ad4d4208788d3a",
          "step": 15
        },
        {
          "prefix_length": 70,
          "prefix_token_ids_sha256": "f0dfc7aaba8813e66971c9f309a90ecc124fb5bd962051a956bb9143faa27ac9",
          "step": 16
        },
        {
          "prefix_length": 71,
          "prefix_token_ids_sha256": "f5570a996f846b2d17e02b94175ec505c73f9c8ae6014cc9208b48fecf046eae",
          "step": 17
        },
        {
          "prefix_length": 72,
          "prefix_token_ids_sha256": "05d41ba770246cf5dda0a165e3c3152ca2848599bf1f50a47be869128d72bdc0",
          "step": 18
        },
        {
          "prefix_length": 73,
          "prefix_token_ids_sha256": "9f0ab70344597575a3264d7ffeacf31cfba7302d3e9149bb198aba67aab5f76b",
          "step": 19
        },
        {
          "prefix_length": 74,
          "prefix_token_ids_sha256": "8b37d8db5771618349ba687e8fac80f882d78db6365f84b9c8367a40a5faa4df",
          "step": 20
        },
        {
          "prefix_length": 75,
          "prefix_token_ids_sha256": "e0ee801c3c452c03321264a101e15e0e67644d06ba6c39d8416ee54f4187f93f",
          "step": 21
        },
        {
          "prefix_length": 76,
          "prefix_token_ids_sha256": "5514bdcdac450c32c5c2e282bc0e12cab16a7be99e3dc2caae7ad65ad4555366",
          "step": 22
        },
        {
          "prefix_length": 77,
          "prefix_token_ids_sha256": "8341c663572bfaf8a934bf55bbb27569d94112217caefb2961b01ef64bce7c31",
          "step": 23
        },
        {
          "prefix_length": 78,
          "prefix_token_ids_sha256": "4961c53889e338e6903c6c1e300a35542752da660d98258c84333590e3aa6750",
          "step": 24
        },
        {
          "prefix_length": 79,
          "prefix_token_ids_sha256": "959b9d6e33c3cc5220440cd5132675bfdd607b4d5bda6a116d068568ff489d43",
          "step": 25
        },
        {
          "prefix_length": 80,
          "prefix_token_ids_sha256": "183feffc7232783ac37067a55a7a250f58afa2fb48f13aae3c7a73f60d23d19b",
          "step": 26
        },
        {
          "prefix_length": 81,
          "prefix_token_ids_sha256": "551e10f5ff0544f625d6c2b1864dd0e83f02cec4ef2dbb073471cfd9d59ae264",
          "step": 27
        },
        {
          "prefix_length": 82,
          "prefix_token_ids_sha256": "15ac678e738938a2faa18911d8e7b2277bcb035743b01159fee10464481c1368",
          "step": 28
        },
        {
          "prefix_length": 83,
          "prefix_token_ids_sha256": "97e8a64b56b6002891b46087823c6c0834cf1d82be62a380a90178b416fd0131",
          "step": 29
        },
        {
          "prefix_length": 84,
          "prefix_token_ids_sha256": "1e05a627c606cdd395e4d79cf58e98bb793d33ebbbe0426d8bc271407e7fd95e",
          "step": 30
        },
        {
          "prefix_length": 85,
          "prefix_token_ids_sha256": "2bb57da6f6140163f7c2d32ddae884069a152eaf83083c6cf67deac49089ac30",
          "step": 31
        },
        {
          "prefix_length": 86,
          "prefix_token_ids_sha256": "ea3992e5c6fb1f0f618b69762236d3433ba7c6ea4c9ec84d3818ae0ba079b122",
          "step": 32
        },
        {
          "prefix_length": 87,
          "prefix_token_ids_sha256": "5028b3f7fa45f24d0d11814b58cf8a6f27488a8cbe5c49291c215067b3fbf2f3",
          "step": 33
        },
        {
          "prefix_length": 88,
          "prefix_token_ids_sha256": "f81cd67a471a0a75e192081efd7690da453f5bbb2c983be694ee0b2b759d32f0",
          "step": 34
        },
        {
          "prefix_length": 89,
          "prefix_token_ids_sha256": "e9f4b2e8c696a0b945dc03dc97db91fbe8896e8c295c851fe5f3a222cda985ac",
          "step": 35
        },
        {
          "prefix_length": 90,
          "prefix_token_ids_sha256": "023912c264b9cec17899c1e3e9062d10a6ba7a7a1d84ebdf85dd6f043d226e6f",
          "step": 36
        },
        {
          "prefix_length": 91,
          "prefix_token_ids_sha256": "690603b91c397a83989fd6e772a60daf3027de96ef7e4fbdd5e45c45e6c66a54",
          "step": 37
        },
        {
          "prefix_length": 92,
          "prefix_token_ids_sha256": "b4a0ead31e0016a76555b4af3e6e3019eca82c648f17b2d02cfeabc25ee14a70",
          "step": 38
        },
        {
          "prefix_length": 93,
          "prefix_token_ids_sha256": "6636673333dc668301462a43304128fcaeccc235b028bdb92b829da55a67fa74",
          "step": 39
        },
        {
          "prefix_length": 94,
          "prefix_token_ids_sha256": "d1f745bf62f6c46b6480d870299dad8965892ad47b97f81a28e1e756d0585d7d",
          "step": 40
        },
        {
          "prefix_length": 95,
          "prefix_token_ids_sha256": "6abc089973ec0916cb19c3b28984da72f4a2261ea5c243204142b9fa4b11b49b",
          "step": 41
        },
        {
          "prefix_length": 96,
          "prefix_token_ids_sha256": "0da77a75dd64b4b3ef2c0241d80fb3eec99e7e2992cdbeefa94dd9baf9df9ec8",
          "step": 42
        },
        {
          "prefix_length": 97,
          "prefix_token_ids_sha256": "b47602b0cebb4cb05b0f58858c1475aa3e4db6e989f1163bbe2b77a0ebdb6d69",
          "step": 43
        },
        {
          "prefix_length": 98,
          "prefix_token_ids_sha256": "ea8359ca841657719c5ec5ef0e93f58962a98a0517a5d88539380545e44e2aca",
          "step": 44
        },
        {
          "prefix_length": 99,
          "prefix_token_ids_sha256": "3b5827acbae1b4a9e75edab2c5b78f775fa9ed9b30cfbaa90bb0b2d75a45b101",
          "step": 45
        },
        {
          "prefix_length": 100,
          "prefix_token_ids_sha256": "a33dd0169dee708ceda24625643547d088a37ce3f08f4cff1eb9e9c173b71a41",
          "step": 46
        },
        {
          "prefix_length": 101,
          "prefix_token_ids_sha256": "92d3003322e6b1a7ec5e202e901c05c408e4f10933f415a365e8f331f103eda0",
          "step": 47
        },
        {
          "prefix_length": 102,
          "prefix_token_ids_sha256": "1b7a9ce624d3dc442072c1eafcd27db5680773b341826703db6e927024789115",
          "step": 48
        },
        {
          "prefix_length": 103,
          "prefix_token_ids_sha256": "eb3862054b93c9a46b4376c81077501fc46046d9eef71987ea297e76ba988096",
          "step": 49
        },
        {
          "prefix_length": 104,
          "prefix_token_ids_sha256": "8e50ccb6ad29f92f1c8c1e2f05030ef5bfd272922ecaabbf14a506e770dbf395",
          "step": 50
        },
        {
          "prefix_length": 105,
          "prefix_token_ids_sha256": "6c66afcd351e1942d7db250b132b4530aaa51dbb431c1334bf578565209aed88",
          "step": 51
        },
        {
          "prefix_length": 106,
          "prefix_token_ids_sha256": "4568b5c7046f404b3aefe5ff092dfe5778b6a7b546973619c853144ed2f17a0f",
          "step": 52
        },
        {
          "prefix_length": 107,
          "prefix_token_ids_sha256": "08b85a1dbcd4abb688175e4ee0af06d88632bd5ed5ce42061c764f28b8a048f3",
          "step": 53
        },
        {
          "prefix_length": 108,
          "prefix_token_ids_sha256": "d3647d6a31eee2be1a1474fa399bca85dcbc0a74c2351c96025b2311282f868b",
          "step": 54
        },
        {
          "prefix_length": 109,
          "prefix_token_ids_sha256": "8c0bdf693fb7befe79cd8a49338c0ebe09ec74e63c3d002b597db66ae10cfa65",
          "step": 55
        },
        {
          "prefix_length": 110,
          "prefix_token_ids_sha256": "dc21b04c2306cdc68b86c1e88045efc4e0ac1ab58a62b2c3a18f234887b8b512",
          "step": 56
        },
        {
          "prefix_length": 111,
          "prefix_token_ids_sha256": "94f4979407b1119ca8496fa86020c3c5b0cc799c761aaf996e40e05b48ef6f44",
          "step": 57
        },
        {
          "prefix_length": 112,
          "prefix_token_ids_sha256": "740cec3773c917a1f9a0bd010d0f1c4a470e1d49066dd2cb06449709b65971f4",
          "step": 58
        },
        {
          "prefix_length": 113,
          "prefix_token_ids_sha256": "73ac5f365478b4646417cac99a6c19c585cb63edea3da3b6dd86c80980220705",
          "step": 59
        },
        {
          "prefix_length": 114,
          "prefix_token_ids_sha256": "257fc1802da3cd5a254957ccc4e5c509b9bdaa196f83cb0bc01c7457a6fc1fd9",
          "step": 60
        },
        {
          "prefix_length": 115,
          "prefix_token_ids_sha256": "05a9395023d8ed746022a45e724e5ce21109b99f59f024ac3eb24792697286f5",
          "step": 61
        },
        {
          "prefix_length": 116,
          "prefix_token_ids_sha256": "a9c1fab75386634dd066b1dc51f492ef80f485259239c70d946215c8f5bdc9ed",
          "step": 62
        },
        {
          "prefix_length": 117,
          "prefix_token_ids_sha256": "8023ee6eebfdbbb817b6a90efe80e60cbf4fa9ea018a3fd6dfe9975f42b69d1f",
          "step": 63
        },
        {
          "prefix_length": 118,
          "prefix_token_ids_sha256": "41ac76f79444c79b87c09595a0a0be34dcca9052818d0e896ce4028b62f4056f",
          "step": 64
        },
        {
          "prefix_length": 119,
          "prefix_token_ids_sha256": "428bcb8d016ee65c5a929f286d2960c2e1387c887e9be88b22df78bc239f0835",
          "step": 65
        },
        {
          "prefix_length": 120,
          "prefix_token_ids_sha256": "f944fc469ebfe90b87709af40d6d6f87f4f2f16d96793d08a35af12153864f3d",
          "step": 66
        },
        {
          "prefix_length": 121,
          "prefix_token_ids_sha256": "fb3dc1393abd57511706d6ebb597e6a0cc3f2b5f7986a52abb8b560f246bf227",
          "step": 67
        },
        {
          "prefix_length": 122,
          "prefix_token_ids_sha256": "6f2311835e6ee6d1d9b7752e7794e17ff7bd1a5db2801927f75ea1fc46d0aa6a",
          "step": 68
        },
        {
          "prefix_length": 123,
          "prefix_token_ids_sha256": "082e7345764910443babe2f6e3c230147ec33f7a40ad2b61434c5752fa5a09c9",
          "step": 69
        },
        {
          "prefix_length": 124,
          "prefix_token_ids_sha256": "ffe40de8ca31271a5e5f710c11d0e260f9a7cb56ce90511233bc811817c03079",
          "step": 70
        },
        {
          "prefix_length": 125,
          "prefix_token_ids_sha256": "6cf8b0a1ced8b9080c31b104c5734e33b53facff035b5fcd90dcf762eb363fe6",
          "step": 71
        },
        {
          "prefix_length": 126,
          "prefix_token_ids_sha256": "a87d4b813440b4d0c423722f95c271534426a8b3e4e7f172690c1cfbb8228158",
          "step": 72
        },
        {
          "prefix_length": 127,
          "prefix_token_ids_sha256": "3abffc3cefddce919b63156d7bbdaa30555ed760098be9084e2829ece5e1b7e6",
          "step": 73
        },
        {
          "prefix_length": 128,
          "prefix_token_ids_sha256": "ebbd6de08a719b1666b1158c39a6ffd82acc73624ecc3ecb10d528c21536f143",
          "step": 74
        },
        {
          "prefix_length": 129,
          "prefix_token_ids_sha256": "bbdc4f1334dbebc3fdfae5c8e349b9205c663c1dd5839cb692b7a10e156f6ea7",
          "step": 75
        },
        {
          "prefix_length": 130,
          "prefix_token_ids_sha256": "19703604b65bba78ade025b663101b09c82fc2430893544da22410c4361eda39",
          "step": 76
        },
        {
          "prefix_length": 131,
          "prefix_token_ids_sha256": "b55afd6be0d307095994951ad47bb71cdf592a7ac411cee64cdce79f24060239",
          "step": 77
        },
        {
          "prefix_length": 132,
          "prefix_token_ids_sha256": "32f1fb0614cdf407935334e9809ad5c8d1bef01e3894ea591ba3047574a4dfe3",
          "step": 78
        },
        {
          "prefix_length": 133,
          "prefix_token_ids_sha256": "a35dd073c745d7b2bd74a97169766517981be0c243131c777d717f8ceabf84b0",
          "step": 79
        },
        {
          "prefix_length": 134,
          "prefix_token_ids_sha256": "6c7f7cc880736b478a6e4f53778b07714df5e1361189f6f67be7c93c01f9d36b",
          "step": 80
        },
        {
          "prefix_length": 135,
          "prefix_token_ids_sha256": "f2c77644767723df2d4ca0afe45a1dc0b4ae005defa023af315867cef404eff3",
          "step": 81
        },
        {
          "prefix_length": 136,
          "prefix_token_ids_sha256": "e6a16eeb3285650ee3540a701d0344275af4b63b0d0fa9f611c7a97f26fcb60b",
          "step": 82
        },
        {
          "prefix_length": 137,
          "prefix_token_ids_sha256": "955f5daa11d425740f6c350a301eb4f3cb904dd109952e78f36e479de776e751",
          "step": 83
        },
        {
          "prefix_length": 138,
          "prefix_token_ids_sha256": "aa1610736887182c5d388708e0c2c76ed53bfb2ca6b74bceabdd05c4fa3efd3c",
          "step": 84
        },
        {
          "prefix_length": 139,
          "prefix_token_ids_sha256": "59c6089936175e02ca2576a600262fdf1e7d8e337bc871b6f53c0174432b4bc1",
          "step": 85
        },
        {
          "prefix_length": 140,
          "prefix_token_ids_sha256": "973c4cc1252182c33a8a48f1cbdecde451da8369ccc223d5033068a43cabedf8",
          "step": 86
        },
        {
          "prefix_length": 141,
          "prefix_token_ids_sha256": "dadffae87e17aa42654923175328f0260754cb5964d9510404f8da07139b4279",
          "step": 87
        },
        {
          "prefix_length": 142,
          "prefix_token_ids_sha256": "ff98806ac82eeb700b150a2afa5489ff8ebfecc004fa4f0129314c8a9d2f6628",
          "step": 88
        },
        {
          "prefix_length": 143,
          "prefix_token_ids_sha256": "3b6a72efdc5b9805381c05e9fdfc05843e832d083e301a9012c069ff90bb525d",
          "step": 89
        },
        {
          "prefix_length": 144,
          "prefix_token_ids_sha256": "2708b5be54bb55adc8deaf00e45dd9127ffc6a68ae7483cf9b4eb88bcc6b3820",
          "step": 90
        },
        {
          "prefix_length": 145,
          "prefix_token_ids_sha256": "39ac4c9be9649fe8abce7fdb9d22b366c5c9f24e6d1efb383052abe51a796f80",
          "step": 91
        },
        {
          "prefix_length": 146,
          "prefix_token_ids_sha256": "7d8f5daccbe214a339c89a70d4cc183ac13678d5edc86d5ccf9146a7b8e1b94d",
          "step": 92
        }
      ],
      "generated_answer": "156",
      "generated_token_ids": [
        1401,
        2861,
        264,
        786,
        286,
        7963,
        12822,
        18376,
        291,
        259,
        4287,
        44,
        358,
        1079,
        302,
        7045,
        264,
        786,
        286,
        7963,
        757,
        18376,
        725,
        5233,
        404,
        264,
        786,
        286,
        8713,
        291,
        259,
        4287,
        46,
        301,
        53460,
        725,
        5233,
        58,
        532,
        7963,
        10,
        790,
        7692,
        291,
        259,
        4287,
        328,
        742,
        50,
        8713,
        301,
        53460,
        7963,
        725,
        4287,
        328,
        48081,
        725,
        5233,
        514,
        743,
        7692,
        291,
        259,
        4287,
        10,
        61,
        532,
        7963,
        514,
        742,
        50,
        8713,
        10,
        61,
        345,
        53,
        54,
        7963,
        301,
        2862,
        44,
        12822,
        18376,
        345,
        53,
        54,
        7963,
        291,
        259,
        4287,
        46,
        65508
      ],
      "generated_tokens": 93,
      "hit_max_new_tokens": false,
      "nonempty_text": true,
      "repetition_onset": null,
      "substantive_text": "To calculate the number of pages James writes in a year, we need to multiply the number of pages he writes per week by the number of weeks in a year.\n\nPages per week: 3 pages\nWeeks in a year = 52 weeks\n\nPages pages per year = Pages per week x Weeks in a year\n= 3 pages x 52 weeks\n= 156 pages\n\nTherefore, James writes 156 pages in a year.",
      "teacher_answer": "156",
      "teacher_answer_match": true,
      "teacher_text": "To calculate the number of pages James writes in a year, we need to multiply the number of pages he writes per week by the number of weeks in a year.\n\nPages per week = 3 pages\nWeeks in a year = 52 weeks\n\nTotal pages per year = Pages per week x Weeks in a year\n= 3 pages x 52 weeks\n= 156 pages\n\nTherefore, James writes 156 pages in a year.<|end_turn|>",
      "teacher_valid_answer_tokens": 93,
      "text": "To calculate the number of pages James writes in a year, we need to multiply the number of pages he writes per week by the number of weeks in a year.\n\nPages per week: 3 pages\nWeeks in a year = 52 weeks\n\nPages pages per year = Pages per week x Weeks in a year\n= 3 pages x 52 weeks\n= 156 pages\n\nTherefore, James writes 156 pages in a year.<|end_turn|>"
    },
    {
      "ended_naturally": true,
      "example_id": 5,
      "fallback_allowed": true,
      "first_32_teacher_token_match_fraction": 0.9375,
      "full_prefix_lengths": [
        93,
        94,
        95,
        96,
        97,
        98,
        99,
        100,
        101,
        102,
        103,
        104,
        105,
        106,
        107,
        108,
        109,
        110,
        111,
        112,
        113,
        114,
        115,
        116,
        117,
        118,
        119,
        120,
        121,
        122,
        123,
        124,
        125,
        126,
        127,
        128,
        129,
        130,
        131,
        132,
        133,
        134,
        135,
        136,
        137,
        138,
        139,
        140,
        141,
        142,
        143,
        144,
        145,
        146,
        147,
        148,
        149,
        150,
        151,
        152,
        153,
        154,
        155,
        156,
        157,
        158,
        159,
        160,
        161,
        162,
        163,
        164,
        165,
        166,
        167,
        168,
        169,
        170,
        171,
        172,
        173,
        174,
        175,
        176,
        177,
        178,
        179,
        180,
        181,
        182,
        183,
        184,
        185,
        186,
        187,
        188,
        189,
        190,
        191,
        192,
        193,
        194,
        195,
        196,
        197,
        198,
        199,
        200,
        201,
        202,
        203,
        204,
        205,
        206,
        207,
        208,
        209,
        210,
        211,
        212,
        213,
        214,
        215,
        216,
        217,
        218,
        219,
        220,
        221,
        222,
        223,
        224,
        225,
        226,
        227,
        228,
        229,
        230,
        231,
        232,
        233,
        234,
        235,
        236,
        237,
        238,
        239,
        240,
        241,
        242,
        243,
        244,
        245,
        246,
        247,
        248,
        249,
        250,
        251,
        252,
        253,
        254,
        255,
        256,
        257,
        258,
        259,
        260,
        261,
        262,
        263,
        264,
        265,
        266,
        267,
        268,
        269,
        270,
        271,
        272,
        273,
        274,
        275,
        276,
        277,
        278,
        279,
        280,
        281,
        282,
        283,
        284,
        285,
        286,
        287,
        288,
        289,
        290,
        291,
        292,
        293,
        294,
        295,
        296,
        297,
        298,
        299
      ],
      "full_prefix_traces": [
        {
          "prefix_length": 93,
          "prefix_token_ids_sha256": "c898dd34fc1ca5b26a92f3c55a57ad54e99e832d756964e239ce926df5a267bd",
          "step": 0
        },
        {
          "prefix_length": 94,
          "prefix_token_ids_sha256": "cee468958bababe01814eb09c6d1ed39b7ff925a07d1f1161e65a5836583557a",
          "step": 1
        },
        {
          "prefix_length": 95,
          "prefix_token_ids_sha256": "2211dfd24914beec703d048ac879c6552c8657460d778b26e0ff7b6ead60e848",
          "step": 2
        },
        {
          "prefix_length": 96,
          "prefix_token_ids_sha256": "d4eae5720cb50f61870e694c226f393bb95395a1ecd5321232b051011e5979ef",
          "step": 3
        },
        {
          "prefix_length": 97,
          "prefix_token_ids_sha256": "069c0620ff48173a796741f2cefad17cc3751a42558f7396fc95bc7c6c98138e",
          "step": 4
        },
        {
          "prefix_length": 98,
          "prefix_token_ids_sha256": "014cb95b6c1018e5376907f85aefc18e29b34031f6b13d01dad249aa0f8f96c9",
          "step": 5
        },
        {
          "prefix_length": 99,
          "prefix_token_ids_sha256": "88e9a4c99d76bbbee0312ab5a5a2010bd845488a7be578c8f2d4f1f1b38b0f5e",
          "step": 6
        },
        {
          "prefix_length": 100,
          "prefix_token_ids_sha256": "8dcbf7ff4fcf8c5a1476c5f824a6a4f78c6b10f5aa7635526024bbcad040abe1",
          "step": 7
        },
        {
          "prefix_length": 101,
          "prefix_token_ids_sha256": "d39e032052ae15fb599a5293bb3a4fefdf816f5ad1e3c76f996d78a20b5ac2ea",
          "step": 8
        },
        {
          "prefix_length": 102,
          "prefix_token_ids_sha256": "2820d1ea5e15975cb007047c85c4b8573b0de3e0b589f8a2365db93ac009892c",
          "step": 9
        },
        {
          "prefix_length": 103,
          "prefix_token_ids_sha256": "e2a6294a7c486ecbc2c4e250b77e07fcc1fb31b3c2a18c5c571d7d691e5c2549",
          "step": 10
        },
        {
          "prefix_length": 104,
          "prefix_token_ids_sha256": "6aa106608eab49f87befe9c4a2af236564d718a2e7f13ef923e4dc2274030f21",
          "step": 11
        },
        {
          "prefix_length": 105,
          "prefix_token_ids_sha256": "3fdb85e8f753e1765dc5bd0d08b73eceaa92bedd346bdf642bd3e94bd271e306",
          "step": 12
        },
        {
          "prefix_length": 106,
          "prefix_token_ids_sha256": "b776b842062846e74f5627a0bef7adc02e4ebd07782d6495782a0cbe8e3d5686",
          "step": 13
        },
        {
          "prefix_length": 107,
          "prefix_token_ids_sha256": "af9676e0667ed6b3de24c5fec3da16c132871935aa9a3350f35b6e708804a01f",
          "step": 14
        },
        {
          "prefix_length": 108,
          "prefix_token_ids_sha256": "24fbd010b3cf1a67654749f6e7f8487b395f66918e60900682b0d494e8f2a918",
          "step": 15
        },
        {
          "prefix_length": 109,
          "prefix_token_ids_sha256": "b57befb1ae487d7985bb68ee11012730405bdb78fb83efeb5a5a5ff5d2c33200",
          "step": 16
        },
        {
          "prefix_length": 110,
          "prefix_token_ids_sha256": "8a12e7932cf0a19c2a40631fc8cb0ca859366108bbc97a279ebb76a9d1fbeab5",
          "step": 17
        },
        {
          "prefix_length": 111,
          "prefix_token_ids_sha256": "7c813987d497b3aafae75893ab405f4c296fba0c536505620230bb1435c0d1fc",
          "step": 18
        },
        {
          "prefix_length": 112,
          "prefix_token_ids_sha256": "9c2dbadca0f1c7f0b79bca3d98b910e4ad508e648c29d8e8ffc642a300cae346",
          "step": 19
        },
        {
          "prefix_length": 113,
          "prefix_token_ids_sha256": "57dc586fb0f2bde8bfb91eb5eca1fa9afa7d77f443a6b5b86dceb6a9aa8650a6",
          "step": 20
        },
        {
          "prefix_length": 114,
          "prefix_token_ids_sha256": "6e69ae586ac3cde805004f45a1ca2c58b1ee8f5efcebf7ed657062a1fcfc8a81",
          "step": 21
        },
        {
          "prefix_length": 115,
          "prefix_token_ids_sha256": "9d2e3707bccbcef251d14eb1df576b236c3cf92992aad367d4120642fb87139f",
          "step": 22
        },
        {
          "prefix_length": 116,
          "prefix_token_ids_sha256": "3db7f8d4538f13f93778ac418e4ea35377f891a37efc4d267bb3bd180f7853a8",
          "step": 23
        },
        {
          "prefix_length": 117,
          "prefix_token_ids_sha256": "74fe224b418004bfaf0b06944002e9eca336927f371829036c58a017578fb5f4",
          "step": 24
        },
        {
          "prefix_length": 118,
          "prefix_token_ids_sha256": "2cd7e3ba9a3790737b3845b41f0ea11af8e3e089161fb709a39c83180a138d2c",
          "step": 25
        },
        {
          "prefix_length": 119,
          "prefix_token_ids_sha256": "45620d699f6f7a3b02a9aaa144635a5dda61ba9a0fc963df33f23fe6bf6c5953",
          "step": 26
        },
        {
          "prefix_length": 120,
          "prefix_token_ids_sha256": "ea682dc1b2f2616e743f02913aba2f5bd06f7f5e46067c1a2c9b1d732c630c40",
          "step": 27
        },
        {
          "prefix_length": 121,
          "prefix_token_ids_sha256": "d1a7ace75e06548544dde98a49e3113bab0ef62e6c3662070961e4d1d9be827b",
          "step": 28
        },
        {
          "prefix_length": 122,
          "prefix_token_ids_sha256": "9cb4c501807d1bf78cbd02f68485cdaeac19e2d239e210bc63db4c8a4a8121c0",
          "step": 29
        },
        {
          "prefix_length": 123,
          "prefix_token_ids_sha256": "11a61ea30d3d69fb2bf480dcdc6e2cd222440f51f0fd0a8396aeb584ea53fa2f",
          "step": 30
        },
        {
          "prefix_length": 124,
          "prefix_token_ids_sha256": "9830f2cd074f6450f9d83e0156b1f02980a18198b541c53bb48313bae27009e2",
          "step": 31
        },
        {
          "prefix_length": 125,
          "prefix_token_ids_sha256": "ce73468695a73710d18974f738390ee33566ae415d34258df981dd52d2103a83",
          "step": 32
        },
        {
          "prefix_length": 126,
          "prefix_token_ids_sha256": "e317c15076171b34ec6f2ebb6c8d6512d1bc6efaee1e2e59ce8742f5a49234de",
          "step": 33
        },
        {
          "prefix_length": 127,
          "prefix_token_ids_sha256": "768055207c01c4ae531321b2dcc9d27de8b9c18a3cb3af0ad3f7e55fe006dc9d",
          "step": 34
        },
        {
          "prefix_length": 128,
          "prefix_token_ids_sha256": "2e9a8586fae236e2c611319be6595c3256f23cade19f3c372c61027f6e8bd056",
          "step": 35
        },
        {
          "prefix_length": 129,
          "prefix_token_ids_sha256": "9fd06c132aecac4eb44d462c21cf02ff69a4ed9eb6c175460ec28e055d2e6eb3",
          "step": 36
        },
        {
          "prefix_length": 130,
          "prefix_token_ids_sha256": "32c9d5bde6890663fdb37fc7e274ab6874ef1ffff21f392926129fd747e652e8",
          "step": 37
        },
        {
          "prefix_length": 131,
          "prefix_token_ids_sha256": "c9401cb4c681e807aac2e573a3aa312e546f4eabd1ea68979d8cfb3d926a5b01",
          "step": 38
        },
        {
          "prefix_length": 132,
          "prefix_token_ids_sha256": "087d3f74ac3ff6c32e2ee1a5c08d6bb688883878fd13cbf50abfcc2a86aa25ea",
          "step": 39
        },
        {
          "prefix_length": 133,
          "prefix_token_ids_sha256": "5c222a3aaf55bcc0923d52a7fd9eaa9eceb4f6dcdc9ddba5a84f45663261f756",
          "step": 40
        },
        {
          "prefix_length": 134,
          "prefix_token_ids_sha256": "ac810647794f40cde667de33134702a4b9f67bbaa354441454022692abf306e5",
          "step": 41
        },
        {
          "prefix_length": 135,
          "prefix_token_ids_sha256": "77119f7fd144b59cbf85e4c5d6d6d774b837e98a1a4a283a289b732619fdf33b",
          "step": 42
        },
        {
          "prefix_length": 136,
          "prefix_token_ids_sha256": "d6ad2e45c3320b50afb893c1434c7473842ba4d867e8ab983cac71a679749ffc",
          "step": 43
        },
        {
          "prefix_length": 137,
          "prefix_token_ids_sha256": "b063963f7c1cc52eabadc39461cc689d31449c5a2dd1d30a334f7c8a9436478e",
          "step": 44
        },
        {
          "prefix_length": 138,
          "prefix_token_ids_sha256": "a1564afc298d2b7e52f89968ce6ada42d9dbd0253fa5fe5898635d86c6244f87",
          "step": 45
        },
        {
          "prefix_length": 139,
          "prefix_token_ids_sha256": "5b69cac20168b1e8037826cce8a25b692d0200c3d13c5953e3c3f35e5cb3d179",
          "step": 46
        },
        {
          "prefix_length": 140,
          "prefix_token_ids_sha256": "1d52100a5975ae3b0f94d2f05a226d0278b1fd25301ca0227bd2fc8d670e0133",
          "step": 47
        },
        {
          "prefix_length": 141,
          "prefix_token_ids_sha256": "f7b98cb44fa0a0e52682c4425685023d19517e2e7d0c6ee409ef20aac0508f1c",
          "step": 48
        },
        {
          "prefix_length": 142,
          "prefix_token_ids_sha256": "d0b3d5026fb3695a20a24886bfa1b651d8aef8578a9e81b6be3a319cf682cbde",
          "step": 49
        },
        {
          "prefix_length": 143,
          "prefix_token_ids_sha256": "0f8327a63de7b796ee881b6cde733533a87f10161796e5a93d4b8cc7130b3509",
          "step": 50
        },
        {
          "prefix_length": 144,
          "prefix_token_ids_sha256": "2747b0454a5c927341ca428af451af8bcb5804633db465afc5a6cf8332ee80b3",
          "step": 51
        },
        {
          "prefix_length": 145,
          "prefix_token_ids_sha256": "d151d859fdbb138ee6a050743f6c42030351714a8df24ac4e4702545860afa2f",
          "step": 52
        },
        {
          "prefix_length": 146,
          "prefix_token_ids_sha256": "e62b64bc07dea964ab5ad90488044b045661f5349bf354aa9e7aee76fe0b1819",
          "step": 53
        },
        {
          "prefix_length": 147,
          "prefix_token_ids_sha256": "93cfa53adc4fa9301e0eae306ebf530ae1464e713379c2625c5097cd05c8c1d2",
          "step": 54
        },
        {
          "prefix_length": 148,
          "prefix_token_ids_sha256": "29680775443be7c0aaa64d40f316e4ff16aa29c8befb14b783e4c4fdf4745273",
          "step": 55
        },
        {
          "prefix_length": 149,
          "prefix_token_ids_sha256": "7877524dd0095a599bdb0a6a88f14258978219d1ae2c3f253cd3db8fabf21379",
          "step": 56
        },
        {
          "prefix_length": 150,
          "prefix_token_ids_sha256": "c9b1fb95b0a4ce0d12365935dacca16fccfa5dbd605ea49520aa7d6f148f8fd3",
          "step": 57
        },
        {
          "prefix_length": 151,
          "prefix_token_ids_sha256": "7ec5d91a38c45b5b99c6f1740ad7b068e2fbcec3e98cba778df5bd86a060f2c9",
          "step": 58
        },
        {
          "prefix_length": 152,
          "prefix_token_ids_sha256": "779c95166e24025a878bd9987adf7789dd9f2848bb4b8617081eff6bf098a629",
          "step": 59
        },
        {
          "prefix_length": 153,
          "prefix_token_ids_sha256": "6078d728059ebd392fefcfc9e19917a16372132006ed9c5c8c4ef46b50a55b90",
          "step": 60
        },
        {
          "prefix_length": 154,
          "prefix_token_ids_sha256": "47e2157b98b41c367b312e99b933d7cd6236ec8e8afc4d7c17fc15fb054ef75c",
          "step": 61
        },
        {
          "prefix_length": 155,
          "prefix_token_ids_sha256": "981c1ff2d899367766a088ab886a1a4ef9fa6fbf66b91425cc6a796b077329a6",
          "step": 62
        },
        {
          "prefix_length": 156,
          "prefix_token_ids_sha256": "f92afaba86800b9dd3e02d675f019e9cca3b0a2d6e77a9f47af3d998e3295d80",
          "step": 63
        },
        {
          "prefix_length": 157,
          "prefix_token_ids_sha256": "e95a72abde054129f997577cc74b414577388b37e2963352b8b4145baea11f31",
          "step": 64
        },
        {
          "prefix_length": 158,
          "prefix_token_ids_sha256": "526fcfa5a020d7f4917d1c6bf98e2576c4273c37d91d2b88df50ad783f77a3fa",
          "step": 65
        },
        {
          "prefix_length": 159,
          "prefix_token_ids_sha256": "7d0f2b065638505c3b98d78e60f6c5accf98dfe50e10186069fbe0e390d49bc4",
          "step": 66
        },
        {
          "prefix_length": 160,
          "prefix_token_ids_sha256": "6061a1101aa51c5b66834dcf56b8328f40fa3a2f49aef3cf6041a0c66603eae8",
          "step": 67
        },
        {
          "prefix_length": 161,
          "prefix_token_ids_sha256": "35bcd7fb034694ece1f0a055157550798bb1b68ff3bc3a0fc966571c3f0e5d0c",
          "step": 68
        },
        {
          "prefix_length": 162,
          "prefix_token_ids_sha256": "9e254e66f721020a32ef13e199537b06ffb3900d959a4d9511449a7f8471697f",
          "step": 69
        },
        {
          "prefix_length": 163,
          "prefix_token_ids_sha256": "94cdbf62577d8ebeda8eebdff6b28e6c4f9849b0255152a311ad357877038fe4",
          "step": 70
        },
        {
          "prefix_length": 164,
          "prefix_token_ids_sha256": "5687d020fdd15d85f7389eb3f1007c1ed67ba34fd58034b9f124786aef475c83",
          "step": 71
        },
        {
          "prefix_length": 165,
          "prefix_token_ids_sha256": "2731fa619de0e13ed1d8b851f7805c52ffa285fac1c74d04f6edc104f263f75e",
          "step": 72
        },
        {
          "prefix_length": 166,
          "prefix_token_ids_sha256": "030e13d36c37d5bdeb868232ec5362ad1b2e252c8e9b7e8ad224015345bf8eb0",
          "step": 73
        },
        {
          "prefix_length": 167,
          "prefix_token_ids_sha256": "ad6426fe82f8e4a40b3bb5d0e9a278232486a82ac8dcdfafe526bcf337cb84de",
          "step": 74
        },
        {
          "prefix_length": 168,
          "prefix_token_ids_sha256": "788b3e18d0a040250ecba4479a4c52fb2625a7fe8aaf241512176a65e64c1bdc",
          "step": 75
        },
        {
          "prefix_length": 169,
          "prefix_token_ids_sha256": "21975d3d40390689060a07c0a3b08d770a726e846af32571ef5b530f94be19b3",
          "step": 76
        },
        {
          "prefix_length": 170,
          "prefix_token_ids_sha256": "86ca67aaa3408f8ca12eb120f02ac74872fea033bfd0fbb5a97de38e5ae4df5d",
          "step": 77
        },
        {
          "prefix_length": 171,
          "prefix_token_ids_sha256": "ffc2b84281dd5ac70d32701102d3e2e522bc3ad80f81685ca87db5d4343515bc",
          "step": 78
        },
        {
          "prefix_length": 172,
          "prefix_token_ids_sha256": "3c248819ec3b5497d916071a47c03a7604efb75db9ada9ad12a6becf32711e8e",
          "step": 79
        },
        {
          "prefix_length": 173,
          "prefix_token_ids_sha256": "d43d4842ebc687f5802782808ccbf1d3c8920b12619e44563924ecefca7f8725",
          "step": 80
        },
        {
          "prefix_length": 174,
          "prefix_token_ids_sha256": "b8411410cff97860ef0f649feba7d6af9520eab6fd2ff69ce94523cb56f7c00a",
          "step": 81
        },
        {
          "prefix_length": 175,
          "prefix_token_ids_sha256": "ad3722259a9a1d7cbe3ac6eb8fc7213cb65b89d65959164fa598a918947a18d8",
          "step": 82
        },
        {
          "prefix_length": 176,
          "prefix_token_ids_sha256": "a3b20280b8f1aa31b63fa73671872ae49e39c926105efffd6078b8e74fb8d184",
          "step": 83
        },
        {
          "prefix_length": 177,
          "prefix_token_ids_sha256": "ce3a1d2464a99d3c74ca34f4031fcb040063c320ee0c80e076b4e5928ad7cbab",
          "step": 84
        },
        {
          "prefix_length": 178,
          "prefix_token_ids_sha256": "bef0ea52d0d2933f3a1b860ae367a4fe016bb96d9d35265819554b9282971940",
          "step": 85
        },
        {
          "prefix_length": 179,
          "prefix_token_ids_sha256": "896565812d11bfbd43ec4a69b968e9ab5c2cb828649cd2d8e6baa2bbeb3438a3",
          "step": 86
        },
        {
          "prefix_length": 180,
          "prefix_token_ids_sha256": "b3af3e7d2a3c86884a0ce9d9f963ce013f93e534d61dcd29de1f461e03567057",
          "step": 87
        },
        {
          "prefix_length": 181,
          "prefix_token_ids_sha256": "fa13f8d6442bd254c68f4c17ebd18b277d2c59768a0c245b29bfe913375aac14",
          "step": 88
        },
        {
          "prefix_length": 182,
          "prefix_token_ids_sha256": "ba2b1ae11aa43fb2a1df2e23857a9977b7fd2f73d85dd2840384a80b658eda63",
          "step": 89
        },
        {
          "prefix_length": 183,
          "prefix_token_ids_sha256": "5d4afbe1694af5c1b3c74b7f60751bdf4a0a90369444c03529f188f5180c589c",
          "step": 90
        },
        {
          "prefix_length": 184,
          "prefix_token_ids_sha256": "afaae1521b93aef8da9ba8654e020a9125478b1f82ce09ebf280f6cc2ce5babf",
          "step": 91
        },
        {
          "prefix_length": 185,
          "prefix_token_ids_sha256": "83b27be3f3b0dcdd39a36854e570456de4ea7e0d6cf3b5dfbe60b5abf1f16970",
          "step": 92
        },
        {
          "prefix_length": 186,
          "prefix_token_ids_sha256": "dae4162e1bdbf08682d675e4bc5f6e84987718807fc0e3900cc7cdb1ef2ec7e9",
          "step": 93
        },
        {
          "prefix_length": 187,
          "prefix_token_ids_sha256": "f5f0160a77088619450ed000c93042c0ae0e7575b35fc09be945bde266cbb328",
          "step": 94
        },
        {
          "prefix_length": 188,
          "prefix_token_ids_sha256": "f7b0c365300dbb2864cb9d8c0f093ad4588d5bf4fef50a75ad67f1195460f969",
          "step": 95
        },
        {
          "prefix_length": 189,
          "prefix_token_ids_sha256": "b8e16f85733af589ae7371f98231aabaada8daae5745892ee481d9f011002582",
          "step": 96
        },
        {
          "prefix_length": 190,
          "prefix_token_ids_sha256": "b5aab89fcd83644e664d8988324115db41f99d0b7dcb74adac6f2d08e8768a62",
          "step": 97
        },
        {
          "prefix_length": 191,
          "prefix_token_ids_sha256": "81891b0d4e051b604be165a5ff2c0e32d04daeeacfc63762b06d1497c85e33d4",
          "step": 98
        },
        {
          "prefix_length": 192,
          "prefix_token_ids_sha256": "d2cc846e1fef125b52bcb66a69075370d28d310dfa78ce0db301c37afd549524",
          "step": 99
        },
        {
          "prefix_length": 193,
          "prefix_token_ids_sha256": "93c9904fb4c5607f81a1ccd22b75a5ccff99c19f5682a8f5db13014b7d5e012b",
          "step": 100
        },
        {
          "prefix_length": 194,
          "prefix_token_ids_sha256": "9a89d931d87680a2e03d5936bc2fd4b16b7f8407c3544f3a9fb68115c33bb008",
          "step": 101
        },
        {
          "prefix_length": 195,
          "prefix_token_ids_sha256": "135aa850868f220f241693acc0b5b0c12eab65e962063eb56f06125b76f8dee4",
          "step": 102
        },
        {
          "prefix_length": 196,
          "prefix_token_ids_sha256": "a3639ab4257e40c548125cab3898278bde14ab848fa2068dd71e2f2993e73508",
          "step": 103
        },
        {
          "prefix_length": 197,
          "prefix_token_ids_sha256": "ec039c53cee25d09547b5c9f0e7090222a5cdd7f891f08c284e818e7155d75e0",
          "step": 104
        },
        {
          "prefix_length": 198,
          "prefix_token_ids_sha256": "6baa9201753152b261f409bd1e9b4ad7e5e06ed4268cccd00a83bcbfe535f185",
          "step": 105
        },
        {
          "prefix_length": 199,
          "prefix_token_ids_sha256": "5f38aa1b7105176bc6d3d654994af1cfce5ef176b645a150b70b9fea9ba72e0f",
          "step": 106
        },
        {
          "prefix_length": 200,
          "prefix_token_ids_sha256": "0be911469a64461fe22a15e833f53c4a5b8e2c9b31454dc723d6392e355e6ae4",
          "step": 107
        },
        {
          "prefix_length": 201,
          "prefix_token_ids_sha256": "fde2be6e87a919b16ab750f197519c4e070c2ad86f75e59f4a3253c6875c5d15",
          "step": 108
        },
        {
          "prefix_length": 202,
          "prefix_token_ids_sha256": "96c2d19f198dee6983f9ff3c20f0f873304f2b41cd31439b0869b26c86dbfe77",
          "step": 109
        },
        {
          "prefix_length": 203,
          "prefix_token_ids_sha256": "3a9d56461a937632c4ab5291ca26845e37f0938884a9995747e10df339e1bf14",
          "step": 110
        },
        {
          "prefix_length": 204,
          "prefix_token_ids_sha256": "bde061dba4308e9e339221550758f4f87851e7e7a3134c8c07c4968f5d5f92b0",
          "step": 111
        },
        {
          "prefix_length": 205,
          "prefix_token_ids_sha256": "6b9f675fc97f1295dc955928965c64a18ba4e3d1bf000145dfc9f7056314341f",
          "step": 112
        },
        {
          "prefix_length": 206,
          "prefix_token_ids_sha256": "f464f386ab6e9b95029750043dc7a71fddd0edfe48295e23de9f634507717517",
          "step": 113
        },
        {
          "prefix_length": 207,
          "prefix_token_ids_sha256": "bffa3280abdf6b41a810a7f2674391024d9a2e1201cacbb624aa649f238bb302",
          "step": 114
        },
        {
          "prefix_length": 208,
          "prefix_token_ids_sha256": "151e629d9efbf85b00e05969e343e123afcab3abf0840b4e8d9af917c58c8a28",
          "step": 115
        },
        {
          "prefix_length": 209,
          "prefix_token_ids_sha256": "2d73405adaabe5ba9d0e1bb31488d4ec1ca7ff357ce6cdafdf769d189906caeb",
          "step": 116
        },
        {
          "prefix_length": 210,
          "prefix_token_ids_sha256": "6101dc269850dac4892cb1de5a50a017c8d0b7d32b19350b9081a3380b713f3e",
          "step": 117
        },
        {
          "prefix_length": 211,
          "prefix_token_ids_sha256": "596e1fd2ee2c6af6a669d6ab8d6d1c36ee4bbccce8d85474c13532fe1f2cab36",
          "step": 118
        },
        {
          "prefix_length": 212,
          "prefix_token_ids_sha256": "a2180267673c720729efe56d4c0f1560c354a03e059bacf14c7bb1e30954d97f",
          "step": 119
        },
        {
          "prefix_length": 213,
          "prefix_token_ids_sha256": "ac70c88017d7ae4b25ef0ada27a9487ceafa22a58a0fd7be7b4699ee06d91444",
          "step": 120
        },
        {
          "prefix_length": 214,
          "prefix_token_ids_sha256": "4090ff1db2c236a5f84fbd4d1bb3e9e25fc8e2e00e735c8c2d244b6824828c46",
          "step": 121
        },
        {
          "prefix_length": 215,
          "prefix_token_ids_sha256": "85d9954cadb962211fb8c52195cf4413ded9af866bf99ee97b06331d0aa2bcf1",
          "step": 122
        },
        {
          "prefix_length": 216,
          "prefix_token_ids_sha256": "225eae0ac37ced331a6f616c3f20f870e693c655398a82a897341e5492703665",
          "step": 123
        },
        {
          "prefix_length": 217,
          "prefix_token_ids_sha256": "99c2666e7ff1476829e1b734e8317b47ef097c953032e0434b59a38a426a2c19",
          "step": 124
        },
        {
          "prefix_length": 218,
          "prefix_token_ids_sha256": "0213bc034cdb0f240e1ddc9bdc1fb186bd26758dda035801969d56068db8bc17",
          "step": 125
        },
        {
          "prefix_length": 219,
          "prefix_token_ids_sha256": "2dfd3dbd91cc232f24cc3c5557462a161c991f8a87e4c0ac063cc7181ea4fa2f",
          "step": 126
        },
        {
          "prefix_length": 220,
          "prefix_token_ids_sha256": "d79ac54d8286a8c6a31161027877e1a7d6399efafb2fb78e151cdd98db7754f8",
          "step": 127
        },
        {
          "prefix_length": 221,
          "prefix_token_ids_sha256": "6a9d4b4c3c3a821cd5e7b4a20d0cc129bcc9e6e1cbd48d123c45dbf28ec553b4",
          "step": 128
        },
        {
          "prefix_length": 222,
          "prefix_token_ids_sha256": "cd9ce84f107d747c78614d819f7f7ac0b51cc5a90deaed939753e3ad98024484",
          "step": 129
        },
        {
          "prefix_length": 223,
          "prefix_token_ids_sha256": "80d0a6622fbcb3b577fa7a80f472f6bb0c028019c7bb9a773eb20c439fbc8c38",
          "step": 130
        },
        {
          "prefix_length": 224,
          "prefix_token_ids_sha256": "ad9d2601e319e583e64dd11a1b2d2d7e32946669fd648a04396e95edffd42ab7",
          "step": 131
        },
        {
          "prefix_length": 225,
          "prefix_token_ids_sha256": "94259a01849f83c07573d098274260adb52ff43be485791b37fbb7fb4404bd9a",
          "step": 132
        },
        {
          "prefix_length": 226,
          "prefix_token_ids_sha256": "ffb19bc8fe562e2705fe88ecfd956d49a61ebbddf31b846711b3dbf02806d0c4",
          "step": 133
        },
        {
          "prefix_length": 227,
          "prefix_token_ids_sha256": "8f53c52905c606960f388e64378416098d47dbb3bc0cf651fa868401c17730dc",
          "step": 134
        },
        {
          "prefix_length": 228,
          "prefix_token_ids_sha256": "ffa1536ffdfbf5b32c3416fd24603d0261a99abd42bacb7a32f8841cc999a611",
          "step": 135
        },
        {
          "prefix_length": 229,
          "prefix_token_ids_sha256": "2ded0f3e52ae97addab2e575b167cf6e3828271abcb8ce2605c2e8b923cd1ec2",
          "step": 136
        },
        {
          "prefix_length": 230,
          "prefix_token_ids_sha256": "4bc6060c04f573ab79c5f40b9410551b3ddce55882a16c7cc837dfa311739981",
          "step": 137
        },
        {
          "prefix_length": 231,
          "prefix_token_ids_sha256": "da953c95fb7e970ce02d41a1a439b2a7afea8cb985837234bacc49ed180b55cd",
          "step": 138
        },
        {
          "prefix_length": 232,
          "prefix_token_ids_sha256": "9051f6bf6c763f3f1116f1a57e17dbb8b1778f5fb7d19a2fdf1dff679d4bab9d",
          "step": 139
        },
        {
          "prefix_length": 233,
          "prefix_token_ids_sha256": "3c3a99a321584f81d2df9f3ab88bc58d75e096220c5b92abc710c8ce5a23f7bb",
          "step": 140
        },
        {
          "prefix_length": 234,
          "prefix_token_ids_sha256": "811cd1d30a7747ae39f2f227951859018a93f998ef851e88cd57617285eab640",
          "step": 141
        },
        {
          "prefix_length": 235,
          "prefix_token_ids_sha256": "a0bd805f97603a90e80ef7b7f5582e4dff91e5c1e9a1f13cf58ce6dd4127461c",
          "step": 142
        },
        {
          "prefix_length": 236,
          "prefix_token_ids_sha256": "294506fb9add737b0746a87f19a604bd1a60c29a47981209db072fc59501c001",
          "step": 143
        },
        {
          "prefix_length": 237,
          "prefix_token_ids_sha256": "f102960d96345419878e21835d797cd30ef4db8eea01012acde267e42adf9403",
          "step": 144
        },
        {
          "prefix_length": 238,
          "prefix_token_ids_sha256": "cd5056c5ae89991a6756697ff10665dd69c948a81daa4b2ca71fef477a1f868b",
          "step": 145
        },
        {
          "prefix_length": 239,
          "prefix_token_ids_sha256": "0d395d8d2075c18e7f2ad2e16f8b664fa92b72ed9e7b08855a3cf0c2b0ad4873",
          "step": 146
        },
        {
          "prefix_length": 240,
          "prefix_token_ids_sha256": "f046ad3f6514dca8d2aea8ffd2a6c9a61390b15f708464ed0acc13214b0a34bc",
          "step": 147
        },
        {
          "prefix_length": 241,
          "prefix_token_ids_sha256": "601d44b533be5ce79e9c0062ba5d4fd3a64a268b61394c9bed080b8d8302954f",
          "step": 148
        },
        {
          "prefix_length": 242,
          "prefix_token_ids_sha256": "e8205ecb75ebf6f6c8cf4da6b7ff605d870cb623463857b52ca24009bf02a24d",
          "step": 149
        },
        {
          "prefix_length": 243,
          "prefix_token_ids_sha256": "261bedbcfafddfb8b5aa6693f9392e99c8d4a7dcb6385fb2eb23ce559cd71e0b",
          "step": 150
        },
        {
          "prefix_length": 244,
          "prefix_token_ids_sha256": "dd666a872234e3079cb782f0863f99b4cef38c697e314467ee43654267dcb3ef",
          "step": 151
        },
        {
          "prefix_length": 245,
          "prefix_token_ids_sha256": "cb846932586daa4c65c937b636d1d158f3c0a22b813b915a99c650456f03b24a",
          "step": 152
        },
        {
          "prefix_length": 246,
          "prefix_token_ids_sha256": "d2ee69824ba36c5b53e9c6a530e75f324a7a49543bf798f38429ee77ee07324a",
          "step": 153
        },
        {
          "prefix_length": 247,
          "prefix_token_ids_sha256": "7f3560e6ee55d5f8c26fb3f2076d7591a6ef8a208fb3bef5f589d067ca66c4cf",
          "step": 154
        },
        {
          "prefix_length": 248,
          "prefix_token_ids_sha256": "40eeba87b08c0c03a470c2c33481ccb271ec8fa9d2997a37ceeeeddeee64c450",
          "step": 155
        },
        {
          "prefix_length": 249,
          "prefix_token_ids_sha256": "6a5369610490b21370781a48360221e29194663c739cbe97f8a3becef94a6213",
          "step": 156
        },
        {
          "prefix_length": 250,
          "prefix_token_ids_sha256": "a35ff6825419c10829b2516c7281337f9ed50ed8dd824e897d0130ff229f0194",
          "step": 157
        },
        {
          "prefix_length": 251,
          "prefix_token_ids_sha256": "695152bf23d4b8990d331f36761f4ff57dc0baa6c0f02dbd9dbaf84bcc5fa454",
          "step": 158
        },
        {
          "prefix_length": 252,
          "prefix_token_ids_sha256": "246ce81fe509189c0053d83a6dbede862719e2bd2e5c62b1096d44e3193b5bbf",
          "step": 159
        },
        {
          "prefix_length": 253,
          "prefix_token_ids_sha256": "d2266d5ed23ab893fb7da0a03b4f205d474c8e3879ae5c3f2a93184528d94489",
          "step": 160
        },
        {
          "prefix_length": 254,
          "prefix_token_ids_sha256": "58b5d99c8246aaab111df273892e8afb2a5b0d43dc7058cc5ea6866bd7ab5961",
          "step": 161
        },
        {
          "prefix_length": 255,
          "prefix_token_ids_sha256": "7cdd8b516b2285ab7883ecefd49e2e09c8cc6eb9061ad900a4f33af533c69325",
          "step": 162
        },
        {
          "prefix_length": 256,
          "prefix_token_ids_sha256": "d686dd720522edca609c3c0c48d16915fa8e89dd273202f8e0fa6d9f19cf28cf",
          "step": 163
        },
        {
          "prefix_length": 257,
          "prefix_token_ids_sha256": "c043ca3e415a854814abc17ef96346ee7b23fd9fc2296d7536f61e54c4a0bf9c",
          "step": 164
        },
        {
          "prefix_length": 258,
          "prefix_token_ids_sha256": "afd453e9353f0cc92a24e9dcaf3dff9b0e12f645f8de7f76b3a4f59679d13d6f",
          "step": 165
        },
        {
          "prefix_length": 259,
          "prefix_token_ids_sha256": "df5e266df8cd892fe7878b95aadc97cea19da69248403ae1f509d972396fd0cd",
          "step": 166
        },
        {
          "prefix_length": 260,
          "prefix_token_ids_sha256": "37593864b0b79f47f532763c1c6f2d003034189d82f24d37e7590d5049544e02",
          "step": 167
        },
        {
          "prefix_length": 261,
          "prefix_token_ids_sha256": "049801359f4c7f8f033de2d53185a2bc2496334dd9c5ab89abba36da2b8471a3",
          "step": 168
        },
        {
          "prefix_length": 262,
          "prefix_token_ids_sha256": "6acd8aec66f9a45500a62f4d9943f0e64a84def075b9926c9f983ba3e5056f1e",
          "step": 169
        },
        {
          "prefix_length": 263,
          "prefix_token_ids_sha256": "0da5c360d8fe340f44c0d05fc957f55f5da9c6aee1bd89c39e2595d9a95a729d",
          "step": 170
        },
        {
          "prefix_length": 264,
          "prefix_token_ids_sha256": "9a9fe69601f69b0e0b151c2c78da41f76995cb3772fa656aa2d375ba3eefffce",
          "step": 171
        },
        {
          "prefix_length": 265,
          "prefix_token_ids_sha256": "f7c0f06f664e7009705691011a814ad630a3fa2740089522e5c470b3ac4fda8f",
          "step": 172
        },
        {
          "prefix_length": 266,
          "prefix_token_ids_sha256": "77b7c2ebe8403efb7bdb988100a6f3daa5dc96196c1ffbfc08bd5902d8c0457a",
          "step": 173
        },
        {
          "prefix_length": 267,
          "prefix_token_ids_sha256": "92975d91f8ec42a024ba450a8ea507d53c08c2bf8e825f3dbb9189ff4a67c809",
          "step": 174
        },
        {
          "prefix_length": 268,
          "prefix_token_ids_sha256": "706967ba107226f2357d203ab2ff28d1cc0b73a0c4649877a2885d02dbcb4321",
          "step": 175
        },
        {
          "prefix_length": 269,
          "prefix_token_ids_sha256": "3a06337627bafc1be30816a020d3d3f48cf1dfdf89a55ed96276313c1e25afb4",
          "step": 176
        },
        {
          "prefix_length": 270,
          "prefix_token_ids_sha256": "959008dbd35e4d3a512171006e12175b1efb9c5bf35fd3f89c60f72f5e8eb67c",
          "step": 177
        },
        {
          "prefix_length": 271,
          "prefix_token_ids_sha256": "cfe982e3fca7c4f59567ac250705e92fb4fcafb54c2e5c629dbbbbc78b2f3094",
          "step": 178
        },
        {
          "prefix_length": 272,
          "prefix_token_ids_sha256": "191d8bbd8aaefe502eb21d8426898cb9c3e9ccdc004958bfe96a5ea17912f157",
          "step": 179
        },
        {
          "prefix_length": 273,
          "prefix_token_ids_sha256": "4e8a9e8294d8454ae926e5ade9fac3b3c367061fec007de8cbdcb1a5ed1c3edc",
          "step": 180
        },
        {
          "prefix_length": 274,
          "prefix_token_ids_sha256": "41bbaa32a234fe79945311c71ab691cbc7d18d72c6f2cb1307eeacd6aa3bf788",
          "step": 181
        },
        {
          "prefix_length": 275,
          "prefix_token_ids_sha256": "702e1aac8c517ac72ea29d3351ee404ee9539d1ed7af017a7769301493390e4e",
          "step": 182
        },
        {
          "prefix_length": 276,
          "prefix_token_ids_sha256": "cb05e646eaef1c988b6c995f258dfe542d7e55047a169b2de013b82130e33f16",
          "step": 183
        },
        {
          "prefix_length": 277,
          "prefix_token_ids_sha256": "293f9e736356ea5863501871f3647420559959fb67909f7bd16fe49e419dde62",
          "step": 184
        },
        {
          "prefix_length": 278,
          "prefix_token_ids_sha256": "325c3392a2bc8b160e5431929cc6165dd229a2c49c6d1af488423c6218914c8a",
          "step": 185
        },
        {
          "prefix_length": 279,
          "prefix_token_ids_sha256": "caf7786961aaf655d22e96279d958ccef42d5bf660a4e9d377ea08460d2bdeee",
          "step": 186
        },
        {
          "prefix_length": 280,
          "prefix_token_ids_sha256": "e56926dd7e5cfc48e20c79d7102abc667e88987174572f64f3817bb752061386",
          "step": 187
        },
        {
          "prefix_length": 281,
          "prefix_token_ids_sha256": "50a8718cded6162388ecce85b4ddf181388f608db55f6a3296794f760970b41f",
          "step": 188
        },
        {
          "prefix_length": 282,
          "prefix_token_ids_sha256": "677cef5b619cd6057c7bfa0050eaed8c01e2fb271a3f37d9849b877c5c672609",
          "step": 189
        },
        {
          "prefix_length": 283,
          "prefix_token_ids_sha256": "45dc84ee1f960332f16ec9c5cb4d497a9f941ec6205d8b5cbe89518dbd2160d1",
          "step": 190
        },
        {
          "prefix_length": 284,
          "prefix_token_ids_sha256": "c18988974c1a43170b01486b0b21a1d432ab2b89b0a7d23693c3cbff66174f2f",
          "step": 191
        },
        {
          "prefix_length": 285,
          "prefix_token_ids_sha256": "3b8ab6fb565d23aea4fb3e920e2b46c3eae2a361abd2f4c49c1f3f4701d34557",
          "step": 192
        },
        {
          "prefix_length": 286,
          "prefix_token_ids_sha256": "e773b537387e93ff37c9e9a777f7484a3318fb3dd08c0f0e7ce82b9d0292811f",
          "step": 193
        },
        {
          "prefix_length": 287,
          "prefix_token_ids_sha256": "d04575f05a8cac241dbbc40c5033c24c2365d46ac25c825ca096ea0944260e5f",
          "step": 194
        },
        {
          "prefix_length": 288,
          "prefix_token_ids_sha256": "5f842992076c296372789dd1307ca711d48f2fbd1dfbe4df8c78f953b366b075",
          "step": 195
        },
        {
          "prefix_length": 289,
          "prefix_token_ids_sha256": "9dbdbbe921818d3f2ea5e003cfbb6881bee9ec00a078c9adda46d1a551db59f5",
          "step": 196
        },
        {
          "prefix_length": 290,
          "prefix_token_ids_sha256": "99dca48e0c030a17f90851648d2aedf639d6617a527093b9a7f3e48163acb64c",
          "step": 197
        },
        {
          "prefix_length": 291,
          "prefix_token_ids_sha256": "92323999f5c7ab1650e13a054832351f7878f77fd409caf5bc064a2671930a87",
          "step": 198
        },
        {
          "prefix_length": 292,
          "prefix_token_ids_sha256": "83cdc6f5cf2028350d8331858192fb27e8654208dd6689e943a3f86fbf98475f",
          "step": 199
        },
        {
          "prefix_length": 293,
          "prefix_token_ids_sha256": "53a9c57ab9160999e5eddb76ce5df283205e4a8367b3fbe98b246b20938920db",
          "step": 200
        },
        {
          "prefix_length": 294,
          "prefix_token_ids_sha256": "5182ff00de42c54f1341ff0863caad8b68691fcbbe5b5a6b1ae8266b99452a6e",
          "step": 201
        },
        {
          "prefix_length": 295,
          "prefix_token_ids_sha256": "8b8a01074ee0613a15f1e66669c5d20d5ea55723f69700611c4090939c150910",
          "step": 202
        },
        {
          "prefix_length": 296,
          "prefix_token_ids_sha256": "0130479c209cf9da1c7ad68a754303a3cb5cb5b02c662968e5cd4b64ca039b87",
          "step": 203
        },
        {
          "prefix_length": 297,
          "prefix_token_ids_sha256": "9b28f97be9404383a1d94679276fe5a88802ce94da397cab720d6bef4f8ce647",
          "step": 204
        },
        {
          "prefix_length": 298,
          "prefix_token_ids_sha256": "c3173a51bc0000dbdbca9570143f195bbb1b0a49f51e6b572e14e261d5757eb2",
          "step": 205
        },
        {
          "prefix_length": 299,
          "prefix_token_ids_sha256": "3ce278449bc12212a7f02edd054e7649d006c4a8d53655d94106697f93b13a66",
          "step": 206
        }
      ],
      "generated_answer": "35",
      "generated_token_ids": [
        4612,
        2861,
        264,
        786,
        286,
        14824,
        4495,
        674,
        291,
        1438,
        13580,
        58,
        10,
        49,
        46,
        37873,
        14824,
        58,
        345,
        48,
        10,
        50,
        46,
        21819,
        3275,
        14824,
        58,
        1056,
        48,
        1056,
        48,
        37,
        908,
        19183,
        14824,
        989,
        11483,
        14824,
        46,
        1798,
        1134,
        264,
        786,
        286,
        19183,
        14824,
        44,
        358,
        7045,
        264,
        786,
        286,
        11483,
        14824,
        404,
        345,
        46,
        1056,
        48,
        58,
        10,
        523,
        31674,
        3275,
        14824,
        328,
        345,
        46,
        1056,
        48,
        848,
        345,
        48,
        328,
        345,
        56,
        10,
        51,
        46,
        8197,
        14824,
        58,
        2827,
        407,
        402,
        53,
        37,
        376,
        1523,
        5398,
        14824,
        376,
        750,
        407,
        11483,
        295,
        19183,
        14824,
        5536,
        46,
        4029,
        44,
        358,
        1079,
        302,
        1134,
        264,
        1543,
        786,
        286,
        11483,
        295,
        19183,
        14824,
        58,
        10,
        523,
        7275,
        11483,
        295,
        19183,
        14824,
        328,
        345,
        48,
        318,
        19768,
        41,
        425,
        345,
        56,
        318,
        27039,
        41,
        328,
        402,
        56,
        10,
        52,
        46,
        8197,
        14824,
        328,
        402,
        53,
        37,
        286,
        402,
        56,
        328,
        349,
        46,
        402,
        53,
        848,
        402,
        56,
        328,
        1048,
        10,
        1928,
        44,
        358,
        1874,
        1095,
        611,
        264,
        14824,
        58,
        10,
        7275,
        14824,
        328,
        37873,
        14824,
        425,
        21819,
        3275,
        14824,
        425,
        8197,
        14824,
        10,
        7275,
        14824,
        328,
        345,
        48,
        425,
        345,
        56,
        425,
        1048,
        328,
        532,
        53,
        10,
        9546,
        674,
        532,
        53,
        14824,
        291,
        1438,
        13580,
        46,
        65508
      ],
      "generated_tokens": 207,
      "hit_max_new_tokens": false,
      "nonempty_text": true,
      "repetition_onset": null,
      "substantive_text": "Let's calculate the number of flowers Mark has in his garden:\n1. Yellow flowers: 10\n2. Purple flowers: 80 80% more purple flowers than yellow flowers. To find the number of purple flowers, we multiply the number of yellow flowers by 1. 80:\n   Purple flowers = 1. 80 * 10 = 18\n3. Green flowers: There are 25% as many green flowers as there are yellow and purple flowers combined. First, we need to find the total number of yellow and purple flowers:\n   Total yellow and purple flowers = 10 (yellow) + 18 (purple) = 28\n4. Green flowers = 25% of 28 = 0. 25 * 28 = 7\nNow, we add up all the flowers:\nTotal flowers = Yellow flowers + Purple flowers + Green flowers\nTotal flowers = 10 + 18 + 7 = 35\nMark has 35 flowers in his garden.",
      "teacher_answer": "35",
      "teacher_answer_match": true,
      "teacher_text": "Let's calculate the number of flowers Mark has in his garden:\n1. Yellow flowers: 10\n2. Purple flowers: There are 80% more purple flowers than yellow flowers. To find the number of purple flowers, we multiply the number of yellow flowers by 1. 80:\n   Purple flowers = 1. 80 * 10 = 18\n3. Green flowers: There are 25% as many green flowers as there are yellow and purple flowers combined. First, we need to find the total number of yellow and purple flowers:\n   Total yellow and purple flowers = 10 (yellow) + 18 (purple) = 28\n4. Green flowers = 25% of 28 = 0. 25 * 28 = 7\nNow, we add up all the flowers:\nTotal flowers = Yellow flowers + Purple flowers + Green flowers\nTotal flowers = 10 + 18 + 7 = 35\nMark has 35 flowers in his garden.<|end_turn|>",
      "teacher_valid_answer_tokens": 207,
      "text": "Let's calculate the number of flowers Mark has in his garden:\n1. Yellow flowers: 10\n2. Purple flowers: 80 80% more purple flowers than yellow flowers. To find the number of purple flowers, we multiply the number of yellow flowers by 1. 80:\n   Purple flowers = 1. 80 * 10 = 18\n3. Green flowers: There are 25% as many green flowers as there are yellow and purple flowers combined. First, we need to find the total number of yellow and purple flowers:\n   Total yellow and purple flowers = 10 (yellow) + 18 (purple) = 28\n4. Green flowers = 25% of 28 = 0. 25 * 28 = 7\nNow, we add up all the flowers:\nTotal flowers = Yellow flowers + Purple flowers + Green flowers\nTotal flowers = 10 + 18 + 7 = 35\nMark has 35 flowers in his garden.<|end_turn|>"
    },
    {
      "ended_naturally": true,
      "example_id": 6,
      "fallback_allowed": true,
      "first_32_teacher_token_match_fraction": 0.96875,
      "full_prefix_lengths": [
        83,
        84,
        85,
        86,
        87,
        88,
        89,
        90,
        91,
        92,
        93,
        94,
        95,
        96,
        97,
        98,
        99,
        100,
        101,
        102,
        103,
        104,
        105,
        106,
        107,
        108,
        109,
        110,
        111,
        112,
        113,
        114,
        115,
        116,
        117,
        118,
        119,
        120,
        121,
        122,
        123,
        124,
        125,
        126,
        127,
        128,
        129,
        130,
        131,
        132,
        133,
        134,
        135,
        136,
        137,
        138,
        139,
        140,
        141,
        142,
        143,
        144,
        145,
        146,
        147,
        148,
        149,
        150,
        151,
        152,
        153,
        154,
        155,
        156,
        157,
        158,
        159,
        160,
        161,
        162,
        163,
        164,
        165,
        166,
        167,
        168,
        169,
        170,
        171,
        172,
        173,
        174,
        175,
        176,
        177,
        178,
        179,
        180,
        181,
        182,
        183,
        184,
        185,
        186,
        187,
        188,
        189,
        190,
        191,
        192,
        193
      ],
      "full_prefix_traces": [
        {
          "prefix_length": 83,
          "prefix_token_ids_sha256": "427f704db2136f25ebf87a69f6642df753c6fbde70edc1e1854fc8fcc5945410",
          "step": 0
        },
        {
          "prefix_length": 84,
          "prefix_token_ids_sha256": "1e93d6c49a267884fa2ff1e7480c1077cc3067ab79be829719f633161ce9886d",
          "step": 1
        },
        {
          "prefix_length": 85,
          "prefix_token_ids_sha256": "4c1528bc74e6b018615c00d989b12104c0108e99540532b880ac69d7640ee1c4",
          "step": 2
        },
        {
          "prefix_length": 86,
          "prefix_token_ids_sha256": "d2a6b72522bc29a7ce8a43de544a422d55b2f39dde118f17a387f86fa6077128",
          "step": 3
        },
        {
          "prefix_length": 87,
          "prefix_token_ids_sha256": "0fce12af8668467be64f3a6b8fc5b64498bef20ba43b3604a135bc15dee234d4",
          "step": 4
        },
        {
          "prefix_length": 88,
          "prefix_token_ids_sha256": "56110237a5a102b06d08ee440b5b93c32c74573d09a33523d381fa6e5c509813",
          "step": 5
        },
        {
          "prefix_length": 89,
          "prefix_token_ids_sha256": "d85962b5f60db375817d523664faac075c474f77212dac9a63155dcdbf388bf1",
          "step": 6
        },
        {
          "prefix_length": 90,
          "prefix_token_ids_sha256": "cf1ce25942cc32cd3a2256a2c77711d50cf91c495dad273a6c822bc4b2e8c51f",
          "step": 7
        },
        {
          "prefix_length": 91,
          "prefix_token_ids_sha256": "d669ab62e85be5b82dfc800969d078576addca20730bc2707ea642b40a851470",
          "step": 8
        },
        {
          "prefix_length": 92,
          "prefix_token_ids_sha256": "6e1f0e60f9caec47945b65256bddfa168963d8e6c22a8a39be324e46052f703b",
          "step": 9
        },
        {
          "prefix_length": 93,
          "prefix_token_ids_sha256": "f8c945dc3df3baa497ba7ef231eb6d564603de55f1f408c216b6a9276ae84c64",
          "step": 10
        },
        {
          "prefix_length": 94,
          "prefix_token_ids_sha256": "bde3488c9f4b59772faa34326d8790614f1e7fba0e17ceea8bf91c915e66a4b3",
          "step": 11
        },
        {
          "prefix_length": 95,
          "prefix_token_ids_sha256": "b3aaf1945ec3bf6b0be47e0529bb9e0c0903edff82364a5f1d47e8e677d714ef",
          "step": 12
        },
        {
          "prefix_length": 96,
          "prefix_token_ids_sha256": "c355e9b0be3f562a99a54aa60242f968472507090cfa19c77dc29bddac2e3b05",
          "step": 13
        },
        {
          "prefix_length": 97,
          "prefix_token_ids_sha256": "d1a92729389b5ca161bbc3aac8f69715f162746c685481366f45aa561a6b1d19",
          "step": 14
        },
        {
          "prefix_length": 98,
          "prefix_token_ids_sha256": "4f84970fe5e8303103bf8b44aab9f9cf96fd76cabe7ba0730c082809039b82c2",
          "step": 15
        },
        {
          "prefix_length": 99,
          "prefix_token_ids_sha256": "1d52f6af1da12f39ad73880377de44b54b5db493a5543141219c289bfd3eb3e7",
          "step": 16
        },
        {
          "prefix_length": 100,
          "prefix_token_ids_sha256": "d6dbf4bf0914f8efb6e7276df52dde1c322e9e5774c54f7dfe6be9d75875d8be",
          "step": 17
        },
        {
          "prefix_length": 101,
          "prefix_token_ids_sha256": "4b6b3ce7a9ed2ac94a1c043c5ffeebd7061532603ffdf87db006b11d2436f6f2",
          "step": 18
        },
        {
          "prefix_length": 102,
          "prefix_token_ids_sha256": "bbd336b23f4c22ed764fdaff8a92d1dd28e3d15757b0fdea13ab4f77b1e74504",
          "step": 19
        },
        {
          "prefix_length": 103,
          "prefix_token_ids_sha256": "f71557ae11e207b0230b15c35ed3da6c0e6d9e2141efd1b25f88f47f9e25d456",
          "step": 20
        },
        {
          "prefix_length": 104,
          "prefix_token_ids_sha256": "bee2042bfcec5400e3d130d9d1fb99d2c9a345f280a1ff3a0b54c708cf529123",
          "step": 21
        },
        {
          "prefix_length": 105,
          "prefix_token_ids_sha256": "a435ba148f349ba633f0f356a9f3825c0b9444637d2f10bddc23ea8877ed7458",
          "step": 22
        },
        {
          "prefix_length": 106,
          "prefix_token_ids_sha256": "c5c64e1e3275075dccdbfb8efb5e0688e2d85d318c41c8126d531b01167a22ca",
          "step": 23
        },
        {
          "prefix_length": 107,
          "prefix_token_ids_sha256": "6f261035585c233982368a441ed28d2d6bf2f4db9a92a6674e891a108b87118f",
          "step": 24
        },
        {
          "prefix_length": 108,
          "prefix_token_ids_sha256": "b97eb23f5afa11d14c3fb93f41087cff079d8e5a7ec47e4e97e44cbaa25f5328",
          "step": 25
        },
        {
          "prefix_length": 109,
          "prefix_token_ids_sha256": "81d13a97607262728e1ad598cbcc8e2e58db164cb6235711beb48ea9e173d299",
          "step": 26
        },
        {
          "prefix_length": 110,
          "prefix_token_ids_sha256": "250bbe1a216dac2ed7388785b700cd671e251c01895bffeafefa1404d38364fc",
          "step": 27
        },
        {
          "prefix_length": 111,
          "prefix_token_ids_sha256": "4f0ee17361612206cda09be05399402676e7923fc14c6feb7f7e3771bd8a9888",
          "step": 28
        },
        {
          "prefix_length": 112,
          "prefix_token_ids_sha256": "6039255880bd82971c524de9a732341c3b13104b4713a503c272fbdaec376b0b",
          "step": 29
        },
        {
          "prefix_length": 113,
          "prefix_token_ids_sha256": "2993c73acd055f6c652107d881734e0386c1001f77445f13938048d929c7d17b",
          "step": 30
        },
        {
          "prefix_length": 114,
          "prefix_token_ids_sha256": "549e38367525378d844c78620226eb98e2453003c9829fa0e0bfa222541ebfb2",
          "step": 31
        },
        {
          "prefix_length": 115,
          "prefix_token_ids_sha256": "e57935766e1ff38917edb14b26d460e0dcee5b9ffe492b1cb4a4617d5b6f31b5",
          "step": 32
        },
        {
          "prefix_length": 116,
          "prefix_token_ids_sha256": "af829fcda7dd671bea0725faae2c9eedae7614656612d04a13b0a5becbc4145a",
          "step": 33
        },
        {
          "prefix_length": 117,
          "prefix_token_ids_sha256": "a8297ef4f14732207b37d86a7629b3d73bf42cf108c9fd6325f8e35fae74168e",
          "step": 34
        },
        {
          "prefix_length": 118,
          "prefix_token_ids_sha256": "39063c52b6031ff40e6a4f04a6d07a3e11ee998fb1f062cc56e54686651ba641",
          "step": 35
        },
        {
          "prefix_length": 119,
          "prefix_token_ids_sha256": "ddce200c3fe3fca64ed53bec9f2805ffafc88b2805f2f4291da44b6799ac07e5",
          "step": 36
        },
        {
          "prefix_length": 120,
          "prefix_token_ids_sha256": "6e41f8e3952b98d3f0ab9c4de2b60f1a86d8df9a28623dc17e0a3385598d18a5",
          "step": 37
        },
        {
          "prefix_length": 121,
          "prefix_token_ids_sha256": "0398dd9ae3b2976603ac1834a7505aa730466dec0cb04646c46df889ad7fb64e",
          "step": 38
        },
        {
          "prefix_length": 122,
          "prefix_token_ids_sha256": "a557dc8d2ebbc79a6ba5355c5f203e98dc818e451305cc0c9f9a60fa76cd437c",
          "step": 39
        },
        {
          "prefix_length": 123,
          "prefix_token_ids_sha256": "aab3673ae9805434da93bd3d0bc84deae38700cd145855bb19db44512fcc34db",
          "step": 40
        },
        {
          "prefix_length": 124,
          "prefix_token_ids_sha256": "9b98144ac9674f799737bf13765bcc9a495954a4929d05b6611c5ce0cbc728d5",
          "step": 41
        },
        {
          "prefix_length": 125,
          "prefix_token_ids_sha256": "ec01d31de58ef26f0a8e3c321a0f838534626a99299c14d34599116f76747fee",
          "step": 42
        },
        {
          "prefix_length": 126,
          "prefix_token_ids_sha256": "ee2d06c92819cd390f61b985579a25156ffce0f74e6c4148871959f1361539ff",
          "step": 43
        },
        {
          "prefix_length": 127,
          "prefix_token_ids_sha256": "0f8565b0c66ed27105abe35ee55dde396ac1cbeca520a9654b6736d29d839f36",
          "step": 44
        },
        {
          "prefix_length": 128,
          "prefix_token_ids_sha256": "7c13d94148a0a9a4f953d3fa468601805b4acc06ff73b9d7031ab1badb3daa7a",
          "step": 45
        },
        {
          "prefix_length": 129,
          "prefix_token_ids_sha256": "aa44d195aea0dcb6dd5eaa7b7db47dd89de5d1beaf71d12dff8e8640824b2647",
          "step": 46
        },
        {
          "prefix_length": 130,
          "prefix_token_ids_sha256": "66f024165da4add81a7a26c0b08348a65a13b8feec0c4fc2b3c5abb7acbb2e5b",
          "step": 47
        },
        {
          "prefix_length": 131,
          "prefix_token_ids_sha256": "7972b1b326d28eb5fa43fb6e7f34367eb2b634bce0ac24f63b09fb9b266ec62d",
          "step": 48
        },
        {
          "prefix_length": 132,
          "prefix_token_ids_sha256": "682300d32804bc6ff3bb1734cc8e7b2395313dce93c3726d6a713f571493308d",
          "step": 49
        },
        {
          "prefix_length": 133,
          "prefix_token_ids_sha256": "fec36ddaef47887cb9f013d6ccb3a45e25c848c735ebcac4277140be014f9865",
          "step": 50
        },
        {
          "prefix_length": 134,
          "prefix_token_ids_sha256": "76a85c04a980f672d465ca48426534a7cf3a97cb8aef1a15a451424392ff635f",
          "step": 51
        },
        {
          "prefix_length": 135,
          "prefix_token_ids_sha256": "2b304142af5d5408ef9deaab25134ad6c6651b2addffd4295c0f6abb280c7100",
          "step": 52
        },
        {
          "prefix_length": 136,
          "prefix_token_ids_sha256": "e92a12ecb868d475e530286a75daef0f538ca71431082c41b797fbd43671a981",
          "step": 53
        },
        {
          "prefix_length": 137,
          "prefix_token_ids_sha256": "cf2f1c64c407864ecaf67109ac4eebd13ce800f103ea4a09b5798a786e4ba421",
          "step": 54
        },
        {
          "prefix_length": 138,
          "prefix_token_ids_sha256": "67daed89eed4181d5785b9c12a8f749f27deff25562efbf689875f52486d18ad",
          "step": 55
        },
        {
          "prefix_length": 139,
          "prefix_token_ids_sha256": "5ddfa40e24ee35845d54356d3d86466928833523ffaaadc6f1f9a79c8648cbac",
          "step": 56
        },
        {
          "prefix_length": 140,
          "prefix_token_ids_sha256": "98e6165522ea0078fd2f6026015af2fe2ed555fdb5eb6ffe5697fdc738cee93a",
          "step": 57
        },
        {
          "prefix_length": 141,
          "prefix_token_ids_sha256": "c1a3dfbcf913a6e91ad987e588e664567bfd5bbaa3f11f672b0b35e9cadc26f6",
          "step": 58
        },
        {
          "prefix_length": 142,
          "prefix_token_ids_sha256": "35adb0fbb15e97059b9d578aca0d444d20cd4912e06c3328209121e5b6fd0101",
          "step": 59
        },
        {
          "prefix_length": 143,
          "prefix_token_ids_sha256": "98b7bf04d5faafe0d6ddfffab4f82f2f8bc08c84b8e581e6d37887fb7e94c76c",
          "step": 60
        },
        {
          "prefix_length": 144,
          "prefix_token_ids_sha256": "f9c744a1b29edbf97613a75bf4e433e76128c9c3fc9527b489b64886d0857c90",
          "step": 61
        },
        {
          "prefix_length": 145,
          "prefix_token_ids_sha256": "5b83c01dfd7f8dd8066cc97003323d08985715730a03c82aa7df0281b23634f5",
          "step": 62
        },
        {
          "prefix_length": 146,
          "prefix_token_ids_sha256": "0b6f5d4897eb121c2e53e2a4d5794fc7ce3281a4c094ef62c69765e12e3586b8",
          "step": 63
        },
        {
          "prefix_length": 147,
          "prefix_token_ids_sha256": "0abd4fb542988835a0f29c648c5f8578fe08fec5e041791280a911bb19791073",
          "step": 64
        },
        {
          "prefix_length": 148,
          "prefix_token_ids_sha256": "973b35f1475b761062bf1b18f0be15e68145ea1b239f2db7f52845b0bf90b84e",
          "step": 65
        },
        {
          "prefix_length": 149,
          "prefix_token_ids_sha256": "1b45de50a123d5d39d5ccd5ca140148eeb022c20949679b7615d958d25cbde68",
          "step": 66
        },
        {
          "prefix_length": 150,
          "prefix_token_ids_sha256": "3ed6c36b1de8a17df7f0f238dd45d8d12335ecf6483e340d5a8de44ea7acc734",
          "step": 67
        },
        {
          "prefix_length": 151,
          "prefix_token_ids_sha256": "8f48b461d517c990c01d10bde6f47caeaa93ad070bc849dfaf8bdc27c01a356c",
          "step": 68
        },
        {
          "prefix_length": 152,
          "prefix_token_ids_sha256": "3864790316106dfe15352c1a26938a25e26dfe367f25e5d90fc4e825e6a4eaf1",
          "step": 69
        },
        {
          "prefix_length": 153,
          "prefix_token_ids_sha256": "11388db63229e05418ad324e1fc251841fa16ac0cc4aff81115cdbaa07451003",
          "step": 70
        },
        {
          "prefix_length": 154,
          "prefix_token_ids_sha256": "a004d98156e878dddb9dd7048f0b7b91d3bbce602ade250c645dbb57361622fd",
          "step": 71
        },
        {
          "prefix_length": 155,
          "prefix_token_ids_sha256": "883a18ca80b04bdabaa81eded03072034fd5f9bd7096e5035603f9a7b8604071",
          "step": 72
        },
        {
          "prefix_length": 156,
          "prefix_token_ids_sha256": "c5069091d30bae0f7160dfa493f78a82afe616fd3b76367d4c80b9731a9be8df",
          "step": 73
        },
        {
          "prefix_length": 157,
          "prefix_token_ids_sha256": "b26cbc4c161183464ce9e687791a2b05991e25becef63737b40848b555a63192",
          "step": 74
        },
        {
          "prefix_length": 158,
          "prefix_token_ids_sha256": "00e16bd4d4a4948719403ece2444b08b11ede047fa28897eba2b253ce2fe8ce5",
          "step": 75
        },
        {
          "prefix_length": 159,
          "prefix_token_ids_sha256": "9bccbac5b9b79fb3ea0522813e4051eb8a71eef2512f50f488eeb5ed5a14c657",
          "step": 76
        },
        {
          "prefix_length": 160,
          "prefix_token_ids_sha256": "4e33f741232e731489d234b5ce5a6794389a75c2cc6b7f03f4602d46e5f454c9",
          "step": 77
        },
        {
          "prefix_length": 161,
          "prefix_token_ids_sha256": "dea1186939edc3b437945daf0f1da411d0acb819e76fd7f65623e5d785e526c9",
          "step": 78
        },
        {
          "prefix_length": 162,
          "prefix_token_ids_sha256": "857e307630eee12f47555abe4e6325475c5acb1eaa0e1ec455a9b02df5152a84",
          "step": 79
        },
        {
          "prefix_length": 163,
          "prefix_token_ids_sha256": "3398e925c37d72278cd62bc3a67fb4976e81fd4ea8adb87b4128ef91849c67c2",
          "step": 80
        },
        {
          "prefix_length": 164,
          "prefix_token_ids_sha256": "eef946e1671f7cf9c15b608b4ace44732d435518ce907294853abfad884ad5b4",
          "step": 81
        },
        {
          "prefix_length": 165,
          "prefix_token_ids_sha256": "47c5aad7780b20cba60d91be5582f7f01d54395623cadf5ad81a771e3991710c",
          "step": 82
        },
        {
          "prefix_length": 166,
          "prefix_token_ids_sha256": "377e57d44a75ed90f24fae2af571dd2220b1a0357dab3df51002c549486a7e80",
          "step": 83
        },
        {
          "prefix_length": 167,
          "prefix_token_ids_sha256": "12da2ce01c98e14a93bb848468ea6fe2f6e60a23e38c4532e7181ac755a9c451",
          "step": 84
        },
        {
          "prefix_length": 168,
          "prefix_token_ids_sha256": "78e4cf6d5601e42c94a40b69d17e56e0d3bc4b96dcb2d2fb5de3a2d2d9dc6465",
          "step": 85
        },
        {
          "prefix_length": 169,
          "prefix_token_ids_sha256": "86cbafb2d2fb62dbcd4c7c1e20b39504c68677aa6cafad69ae82ecd65fa516a5",
          "step": 86
        },
        {
          "prefix_length": 170,
          "prefix_token_ids_sha256": "a707a4ef4eb93ef8d17479b55053a9fda603b98ebce334a33ced4ec959ebb394",
          "step": 87
        },
        {
          "prefix_length": 171,
          "prefix_token_ids_sha256": "348122f640d08ae35ac5e282c675ccca4ab4f996ac028e5b0ac910bda7707f85",
          "step": 88
        },
        {
          "prefix_length": 172,
          "prefix_token_ids_sha256": "f48848ad573037ae0db3738293f87218bfbbfc96c08e6ef6958533f0cfa848ba",
          "step": 89
        },
        {
          "prefix_length": 173,
          "prefix_token_ids_sha256": "bf5fda38e68b98f820181331739b539aadf7e056fd771313566230340c106cb7",
          "step": 90
        },
        {
          "prefix_length": 174,
          "prefix_token_ids_sha256": "dcea78f905b29607a4dce24c4c693b016308fdacfc6306dea41cecf77022c73a",
          "step": 91
        },
        {
          "prefix_length": 175,
          "prefix_token_ids_sha256": "64ea77b65f80f77568e710e810e4167067f07bbb8ce5d0538cd4a088df887c77",
          "step": 92
        },
        {
          "prefix_length": 176,
          "prefix_token_ids_sha256": "3d0b2f91a6ea549e5a2fe5dee423edfbb842ea1a3133f8e0ec48b3edf4f92235",
          "step": 93
        },
        {
          "prefix_length": 177,
          "prefix_token_ids_sha256": "ef8883c9923ee82e42c4d8a9e9b2142afd75d77039e974847cc32f0395bc3799",
          "step": 94
        },
        {
          "prefix_length": 178,
          "prefix_token_ids_sha256": "930f9599347b8cffd35a55a3b31bf381e2153b9fdaf40b91f47816d1c1c3e797",
          "step": 95
        },
        {
          "prefix_length": 179,
          "prefix_token_ids_sha256": "e175a39563e456bac89c18920caaae3c211e3038fc3e7167e7ef2346a028b6ee",
          "step": 96
        },
        {
          "prefix_length": 180,
          "prefix_token_ids_sha256": "113e89c51e625733366a405e2e7ff744b3dbafb5086761aeb02291704c701408",
          "step": 97
        },
        {
          "prefix_length": 181,
          "prefix_token_ids_sha256": "0e24e647c92692d3838f0f6816fe4a5d47c5fa5b5f1a04833838556832935cf7",
          "step": 98
        },
        {
          "prefix_length": 182,
          "prefix_token_ids_sha256": "7e3443ee3525645e7f4df5870f4c715d35e82b0faf016b8abc6c44bc92a286b4",
          "step": 99
        },
        {
          "prefix_length": 183,
          "prefix_token_ids_sha256": "5c3e8d0564088a8fc73a43c720c05aa547625eac860f5b5bd2c609cce29c2f1d",
          "step": 100
        },
        {
          "prefix_length": 184,
          "prefix_token_ids_sha256": "2664d0699e30273e6cb43957e59e8349b6387943491e3678c93dfc81df8522fb",
          "step": 101
        },
        {
          "prefix_length": 185,
          "prefix_token_ids_sha256": "f1100aa001c7884b29792d2c3d76e15c3050566d080b5771dc6d7eff108c2a13",
          "step": 102
        },
        {
          "prefix_length": 186,
          "prefix_token_ids_sha256": "6769f5e8f795589f40d4d0c8072d6cd5f39dc8cacdf226233a540cd4aefd27bd",
          "step": 103
        },
        {
          "prefix_length": 187,
          "prefix_token_ids_sha256": "932073ce5422703058682f3a2c5e02953c7c9c5cf32ee6143b6bc97b52c9acbe",
          "step": 104
        },
        {
          "prefix_length": 188,
          "prefix_token_ids_sha256": "7de91b1db8d40b95a3222dc7730e3064b285e71d25065eb0efa70fee7395c03c",
          "step": 105
        },
        {
          "prefix_length": 189,
          "prefix_token_ids_sha256": "72613beea0d4d8090f5a60cf1692335c71adca5cac8be199aaf636e679dc9b97",
          "step": 106
        },
        {
          "prefix_length": 190,
          "prefix_token_ids_sha256": "50636c2fab9dd4d804e6a1fc30de5c86360cc65a50fc66adfc02521101092a5c",
          "step": 107
        },
        {
          "prefix_length": 191,
          "prefix_token_ids_sha256": "dc67348a034268951b7059da0c772cf96ffb34e4aafcf4ac888896cd9a7b67bf",
          "step": 108
        },
        {
          "prefix_length": 192,
          "prefix_token_ids_sha256": "79d67f6f3b14ba8442b7855064d9dffb437f53fce522c08e91eb04b90fba9d3b",
          "step": 109
        },
        {
          "prefix_length": 193,
          "prefix_token_ids_sha256": "39d2c07934ce4e4ade405ce15bfd6e03683f439ab5fc3f4371fd2034f1356e67",
          "step": 110
        }
      ],
      "generated_answer": "48",
      "generated_token_ids": [
        1401,
        1134,
        836,
        1097,
        1523,
        6560,
        286,
        14834,
        26265,
        22234,
        291,
        684,
        2913,
        44,
        358,
        1079,
        302,
        2861,
        264,
        786,
        286,
        1630,
        30750,
        757,
        16292,
        404,
        264,
        786,
        286,
        12007,
        725,
        1630,
        14834,
        295,
        678,
        1874,
        264,
        786,
        286,
        12007,
        502,
        264,
        1367,
        30750,
        46,
        10,
        50,
        1630,
        30750,
        848,
        345,
        54,
        12007,
        725,
        1630,
        14834,
        328,
        532,
        50,
        12007,
        10,
        50,
        1367,
        30750,
        848,
        1056,
        12007,
        725,
        1367,
        14834,
        328,
        345,
        54,
        12007,
        10,
        51,
        46,
        2547,
        44,
        26265,
        22234,
        532,
        50,
        425,
        345,
        54,
        328,
        643,
        56,
        12007,
        286,
        14834,
        291,
        684,
        2913,
        46,
        10,
        2553,
        44,
        26265,
        444,
        643,
        56,
        6560,
        286,
        14834,
        291,
        684,
        2913,
        46,
        65508
      ],
      "generated_tokens": 111,
      "hit_max_new_tokens": false,
      "nonempty_text": true,
      "repetition_onset": null,
      "substantive_text": "To find out how many pieces of pizza Albert eats in one day, we need to calculate the number of large pizzas he buys by the number of slices per large pizza and then add the number of slices from the small pizzas.\n2 large pizzas * 16 slices per large pizza = 32 slices\n2 small pizzas * 8 slices per small pizza = 16 slices\n3. together, Albert eats 32 + 16 = 48 slices of pizza in one day.\nSo, Albert can 48 pieces of pizza in one day.",
      "teacher_answer": "48",
      "teacher_answer_match": true,
      "teacher_text": "To find out how many pieces of pizza Albert eats in one day, we need to multiply the number of large pizzas he buys by the number of slices per large pizza and then add the number of slices from the small pizzas.\n2 large pizzas * 16 slices per large pizza = 32 slices\n2 small pizzas * 8 slices per small pizza = 16 slices\nAdding these together, Albert eats 32 + 16 = 48 slices of pizza in one day.\nSo, Albert eats 48 pieces of pizza in one day.<|end_turn|>",
      "teacher_valid_answer_tokens": 111,
      "text": "To find out how many pieces of pizza Albert eats in one day, we need to calculate the number of large pizzas he buys by the number of slices per large pizza and then add the number of slices from the small pizzas.\n2 large pizzas * 16 slices per large pizza = 32 slices\n2 small pizzas * 8 slices per small pizza = 16 slices\n3. together, Albert eats 32 + 16 = 48 slices of pizza in one day.\nSo, Albert can 48 pieces of pizza in one day.<|end_turn|>"
    },
    {
      "ended_naturally": true,
      "example_id": 7,
      "fallback_allowed": true,
      "first_32_teacher_token_match_fraction": 0.9375,
      "full_prefix_lengths": [
        131,
        132,
        133,
        134,
        135,
        136,
        137,
        138,
        139,
        140,
        141,
        142,
        143,
        144,
        145,
        146,
        147,
        148,
        149,
        150,
        151,
        152,
        153,
        154,
        155,
        156,
        157,
        158,
        159,
        160,
        161,
        162,
        163,
        164,
        165,
        166,
        167,
        168,
        169,
        170,
        171,
        172,
        173,
        174,
        175,
        176,
        177,
        178,
        179,
        180,
        181,
        182,
        183,
        184,
        185,
        186,
        187,
        188,
        189,
        190,
        191,
        192,
        193,
        194,
        195,
        196,
        197,
        198,
        199,
        200,
        201,
        202,
        203,
        204,
        205,
        206,
        207,
        208,
        209,
        210,
        211,
        212,
        213,
        214,
        215,
        216,
        217,
        218,
        219,
        220,
        221,
        222,
        223,
        224,
        225,
        226,
        227,
        228,
        229,
        230,
        231,
        232,
        233,
        234,
        235,
        236,
        237,
        238,
        239,
        240,
        241,
        242,
        243,
        244,
        245,
        246,
        247,
        248,
        249,
        250,
        251,
        252,
        253,
        254,
        255,
        256,
        257,
        258,
        259,
        260,
        261,
        262,
        263,
        264,
        265,
        266,
        267,
        268,
        269,
        270,
        271,
        272,
        273,
        274,
        275,
        276,
        277,
        278,
        279,
        280,
        281,
        282,
        283,
        284,
        285,
        286,
        287,
        288,
        289,
        290,
        291,
        292,
        293,
        294,
        295,
        296,
        297,
        298,
        299,
        300,
        301,
        302,
        303,
        304,
        305,
        306,
        307,
        308,
        309,
        310
      ],
      "full_prefix_traces": [
        {
          "prefix_length": 131,
          "prefix_token_ids_sha256": "01f55056f09ae27caf98d8c2f28a7f006a46fd404ab2838389b14a7d023b8283",
          "step": 0
        },
        {
          "prefix_length": 132,
          "prefix_token_ids_sha256": "660744ec43e88a96ad7f4f49f778b7e5f41ea359da02a8e5678c6bbd8f4df50c",
          "step": 1
        },
        {
          "prefix_length": 133,
          "prefix_token_ids_sha256": "660008cd37c07795f379acb4c46bdf5f99587dbacd1b577242e464f4eb8ca6f8",
          "step": 2
        },
        {
          "prefix_length": 134,
          "prefix_token_ids_sha256": "ea231e0d569ed7c2f4e68d1f80b0cbbf8f4000f97bfc644d568ac2aaea3bb8d8",
          "step": 3
        },
        {
          "prefix_length": 135,
          "prefix_token_ids_sha256": "de4d8e5d0a4cfd4821916b80da3cb4412528fba0c3bff9635a11ad50fb7561f1",
          "step": 4
        },
        {
          "prefix_length": 136,
          "prefix_token_ids_sha256": "5abd0ff411a0626c2a3c34376d084ab09dd542a8817e4fe43ca8378eaa67c67f",
          "step": 5
        },
        {
          "prefix_length": 137,
          "prefix_token_ids_sha256": "7cc49eb0ed3db40dc61ea9b83a8ffe8e6018bc1331b7ff276dfb234eab874d41",
          "step": 6
        },
        {
          "prefix_length": 138,
          "prefix_token_ids_sha256": "438b8dc16a3ec27c0c13003e0dbef802baccd70acc9c06a45bccb8bee2be1324",
          "step": 7
        },
        {
          "prefix_length": 139,
          "prefix_token_ids_sha256": "ae92755f97ca0f7fd6ba29267b6f49b1eec68c572c1488f101346d2ef7db0bb6",
          "step": 8
        },
        {
          "prefix_length": 140,
          "prefix_token_ids_sha256": "7189c494b1fe5639dac0031949d241614ed3b8a8c042681b651ebb966581293c",
          "step": 9
        },
        {
          "prefix_length": 141,
          "prefix_token_ids_sha256": "0e7e0e71f8939ba88fb148f4fda9952aa99ab36682fdd18d8fa9af01a9442738",
          "step": 10
        },
        {
          "prefix_length": 142,
          "prefix_token_ids_sha256": "1f82b78b34605e79f3c69500f0c6c71f5f1598241b93fa5ab6b0eee862b2b382",
          "step": 11
        },
        {
          "prefix_length": 143,
          "prefix_token_ids_sha256": "9166080b102bba62fb0cb6730cdde0dc53175b496c4d2bd8d7d96751fe3fa8a1",
          "step": 12
        },
        {
          "prefix_length": 144,
          "prefix_token_ids_sha256": "745ad7634d2f243ebada8f7ae0865e8093d0f80bbc743ce0b2a88cd210e7f472",
          "step": 13
        },
        {
          "prefix_length": 145,
          "prefix_token_ids_sha256": "73d818b981c55f56b02674219b195419cc698ae79a0055114bcb6dff013e55d6",
          "step": 14
        },
        {
          "prefix_length": 146,
          "prefix_token_ids_sha256": "e95a921338a25c4ece6a65076849e27a9504cd44df4ebcc8e2009393040e8993",
          "step": 15
        },
        {
          "prefix_length": 147,
          "prefix_token_ids_sha256": "b8ba97ca903ca161ad06a74f7bb6ae0acba69fbb728074c0da87755e64f4a491",
          "step": 16
        },
        {
          "prefix_length": 148,
          "prefix_token_ids_sha256": "d54124f5ed4d8e18d4f87bf066dec0a0eb46dc14f9a0433188ae9c34bf6e58df",
          "step": 17
        },
        {
          "prefix_length": 149,
          "prefix_token_ids_sha256": "26d9fad7eedab4d2b2e03909c39a2f76247b3e65c7b1fbed3167ffcaee26c2b3",
          "step": 18
        },
        {
          "prefix_length": 150,
          "prefix_token_ids_sha256": "0701fdd685ca9001f275374f7389068c947da7ec40d0fa157a45a1c0883dec20",
          "step": 19
        },
        {
          "prefix_length": 151,
          "prefix_token_ids_sha256": "e97bde712c521c114e02aca9699d13ac410f1cd024636fc8fa0146e6329d2973",
          "step": 20
        },
        {
          "prefix_length": 152,
          "prefix_token_ids_sha256": "18ab95a3637d1ea9646b35f0be445e95ba48953a11f54f0d55d4156390d16168",
          "step": 21
        },
        {
          "prefix_length": 153,
          "prefix_token_ids_sha256": "3953b70d5db066297330f6d167a662aa2789b34abbe9c7b3345f425053c8e387",
          "step": 22
        },
        {
          "prefix_length": 154,
          "prefix_token_ids_sha256": "e34e5116c79cb6166ad52f5c453dea0d1adbc5749eedc0f97223bcdffdc8e5e1",
          "step": 23
        },
        {
          "prefix_length": 155,
          "prefix_token_ids_sha256": "f43a0b86e613544db67771515ab99aded23c270423d7a89e287440fb95d1fbf9",
          "step": 24
        },
        {
          "prefix_length": 156,
          "prefix_token_ids_sha256": "bdc07f7c662e2dda5bbb3c2ec4c5f3e8686b51168a943380262f433d376c32c0",
          "step": 25
        },
        {
          "prefix_length": 157,
          "prefix_token_ids_sha256": "0ff3eb23f764e67929bdf8b611396b0f4d8641ebaa49cc818fe2c9d4ccdf0e11",
          "step": 26
        },
        {
          "prefix_length": 158,
          "prefix_token_ids_sha256": "4ed2e1213064bc51e1189b406d4cd1a7463f7eaf7f5b1b7d7e61643d8d936e44",
          "step": 27
        },
        {
          "prefix_length": 159,
          "prefix_token_ids_sha256": "f778910b68e26e21c8c475ea153851353a60b709903a1cd49f222c44fa256ed9",
          "step": 28
        },
        {
          "prefix_length": 160,
          "prefix_token_ids_sha256": "5d4e5531765f39dc77124ea9edd37ec91e72677ad401bde9623b80cd40e9f625",
          "step": 29
        },
        {
          "prefix_length": 161,
          "prefix_token_ids_sha256": "ca4ad361316a0983960178ede963110f808b141bd1d19c9ec08115ed9421882a",
          "step": 30
        },
        {
          "prefix_length": 162,
          "prefix_token_ids_sha256": "7a23e050aa5652f085c8e23d055c8a69fec7fd36853908360dc72e1dade012da",
          "step": 31
        },
        {
          "prefix_length": 163,
          "prefix_token_ids_sha256": "3c5abcbb2e3fd7542a1a79859d35355654988af7e30f407e406d9e24fb1c31bc",
          "step": 32
        },
        {
          "prefix_length": 164,
          "prefix_token_ids_sha256": "e0f2a549abd140704105260cf08e3dcf40ce65678820e4db62007b630bb84d52",
          "step": 33
        },
        {
          "prefix_length": 165,
          "prefix_token_ids_sha256": "a771552d237d03e5bbe140b00ddeb29124d81a254aabfe9d796e7c86f6f5a0a4",
          "step": 34
        },
        {
          "prefix_length": 166,
          "prefix_token_ids_sha256": "73ae34086b5c7ab6d3994fd6d2ebf82d1a2547853c6655fc0ca65e737fedf396",
          "step": 35
        },
        {
          "prefix_length": 167,
          "prefix_token_ids_sha256": "395f80d042544a8abc7d326c85c370409f80d54019f31a38e21b98e405fd26a9",
          "step": 36
        },
        {
          "prefix_length": 168,
          "prefix_token_ids_sha256": "582d3ab2286ca28e3351a338c12eeb85ad2e2788b1445fdd341181e42612afbf",
          "step": 37
        },
        {
          "prefix_length": 169,
          "prefix_token_ids_sha256": "5892550f56037f966b9bd000f1379194ad27151f78579fb05d177d6721ef770f",
          "step": 38
        },
        {
          "prefix_length": 170,
          "prefix_token_ids_sha256": "bfc1a0024415d68cb0d24d7e7d4e918e61107f127d6baa5b374103b4be1a8811",
          "step": 39
        },
        {
          "prefix_length": 171,
          "prefix_token_ids_sha256": "188ea7c7ab1988ce361401351b399d6795bf4e7078336a6f54a97336523c15fc",
          "step": 40
        },
        {
          "prefix_length": 172,
          "prefix_token_ids_sha256": "56c07a6f6db7a39d443e81361cd160aaad2c64cfda27607218fdfe36780f117f",
          "step": 41
        },
        {
          "prefix_length": 173,
          "prefix_token_ids_sha256": "8bbe7e992b81c3924f877afdebbc2d4cf46bb190e4d04680cd5dbdb0ea87759b",
          "step": 42
        },
        {
          "prefix_length": 174,
          "prefix_token_ids_sha256": "5db16eac19a74ce0efb1da35cb31148e50980c7ff2bb77093c3ee7fc050c4508",
          "step": 43
        },
        {
          "prefix_length": 175,
          "prefix_token_ids_sha256": "a4279b35f10e990fff2cb596fd9f9facec68c22ad6d43e18c55742196a3bb050",
          "step": 44
        },
        {
          "prefix_length": 176,
          "prefix_token_ids_sha256": "c1169b6236b49c526686687312594de8072c3db772985b403310404d0c7a9460",
          "step": 45
        },
        {
          "prefix_length": 177,
          "prefix_token_ids_sha256": "042b5f3c563e1182061dfc6e6dae1eeb9d5b28a0cf35ca0526f7961fb0fc2cfc",
          "step": 46
        },
        {
          "prefix_length": 178,
          "prefix_token_ids_sha256": "c82dab82cf01c5d25ac422b256117b4aa1c3dba507ce7eecf9f30556a71ffdc0",
          "step": 47
        },
        {
          "prefix_length": 179,
          "prefix_token_ids_sha256": "0e2f196c27ac466daabc0910c43d91d7b5cb929980f9510a122e0cc9900781ab",
          "step": 48
        },
        {
          "prefix_length": 180,
          "prefix_token_ids_sha256": "b1bc9296e344c5d019ebae4bfe8d52d50db81f8a1008cf6c42910dcfffe9c70a",
          "step": 49
        },
        {
          "prefix_length": 181,
          "prefix_token_ids_sha256": "ed9e561168228a4a251ad265721e5f54d578de9457dc3283989d8f9a1b01306a",
          "step": 50
        },
        {
          "prefix_length": 182,
          "prefix_token_ids_sha256": "59fb9b98ca75673063a77d86fc0ffde38c0197f6c38752dec07d150a16c31ad9",
          "step": 51
        },
        {
          "prefix_length": 183,
          "prefix_token_ids_sha256": "ce0b73df54b37aa4061fdb8ab1a7505bf13c0a6ec8646fa9453230493af6d5c1",
          "step": 52
        },
        {
          "prefix_length": 184,
          "prefix_token_ids_sha256": "4fb507b63c6e2e60b9bbe30b191f6019c28075fc28142f9d8011d6715f79fe8d",
          "step": 53
        },
        {
          "prefix_length": 185,
          "prefix_token_ids_sha256": "29dad9caeaecfacac5551fe0ebb09ad63d8bc81452129b133a98a985b5135e00",
          "step": 54
        },
        {
          "prefix_length": 186,
          "prefix_token_ids_sha256": "7f53786b303ffa8977c51cce4bf383c024fe975829d03def26af3f70de1cdeb8",
          "step": 55
        },
        {
          "prefix_length": 187,
          "prefix_token_ids_sha256": "982242f4132283f775aa773a9467353d04ad9f6a3d9bea7b3c085749aab15f98",
          "step": 56
        },
        {
          "prefix_length": 188,
          "prefix_token_ids_sha256": "141c98069019d986465c470684dd12c100dde91090439d4383dd6ba6ebca8dc5",
          "step": 57
        },
        {
          "prefix_length": 189,
          "prefix_token_ids_sha256": "d260fd0a503ee174c02243957c5333f300f98cb34e57dfefeaed4caaf7236403",
          "step": 58
        },
        {
          "prefix_length": 190,
          "prefix_token_ids_sha256": "7347eaa255e2ad38ea1702a7622dbc42fd27dcc9c0c4fd1e0514b8485acf4df6",
          "step": 59
        },
        {
          "prefix_length": 191,
          "prefix_token_ids_sha256": "e166d300e3fdbe270345926415f1833257fee2e59a65b9e3703af2c13b2376bd",
          "step": 60
        },
        {
          "prefix_length": 192,
          "prefix_token_ids_sha256": "a02b761cb4910d8af8f2d3832803560ac3e9127b15370a8b71c73794d50ce342",
          "step": 61
        },
        {
          "prefix_length": 193,
          "prefix_token_ids_sha256": "1aacf673b00f15c05cb9b982c10b05fb4bcb4dbf38f11643902b6b666f6a4389",
          "step": 62
        },
        {
          "prefix_length": 194,
          "prefix_token_ids_sha256": "c3199ecf2ff4e300f21d991f388189472c9b50a508356b4c115e5c346477aba6",
          "step": 63
        },
        {
          "prefix_length": 195,
          "prefix_token_ids_sha256": "5156847faa4c92280d1b42d26a1bb16a55655fb6af7074097888f2138cc73ba5",
          "step": 64
        },
        {
          "prefix_length": 196,
          "prefix_token_ids_sha256": "f2529cad16aaa65d21101c372ff6542d0a699a29a1b95e00491f4a5050cdd627",
          "step": 65
        },
        {
          "prefix_length": 197,
          "prefix_token_ids_sha256": "ef35041139ebc5c80acbf5b0936199bd1ad82cb24fe6bf4c3dfcf954faee29fe",
          "step": 66
        },
        {
          "prefix_length": 198,
          "prefix_token_ids_sha256": "40608a7255e0c2a544c832b85458c863751e6e93a1fd4a781f7d08f0c6c846b2",
          "step": 67
        },
        {
          "prefix_length": 199,
          "prefix_token_ids_sha256": "67e804c4d97d8cca26cd1f585e89c41f8cd98be48fed0ca14b012cc70a099baa",
          "step": 68
        },
        {
          "prefix_length": 200,
          "prefix_token_ids_sha256": "7e405998549f206e768b1cf8ba8a47d54d829e1e5f2a55507910419aa093cbcb",
          "step": 69
        },
        {
          "prefix_length": 201,
          "prefix_token_ids_sha256": "6dfb70be8a49fd2fce5d2b47409cf418fbfe15c2d53a293360dc0fcd721e4540",
          "step": 70
        },
        {
          "prefix_length": 202,
          "prefix_token_ids_sha256": "5f0bb653ecd49a1ab809487fd919b0037d5d0b68f97d593988dfe8d3671fbb9b",
          "step": 71
        },
        {
          "prefix_length": 203,
          "prefix_token_ids_sha256": "7d9e8ffb9993a5c95297ad34007e76081518e358d676fb1307a8fedb3f4bcdec",
          "step": 72
        },
        {
          "prefix_length": 204,
          "prefix_token_ids_sha256": "005e108e131cf56ce45b24c8a9738473981ebfdb5dfbc217f4cf678fcd09b914",
          "step": 73
        },
        {
          "prefix_length": 205,
          "prefix_token_ids_sha256": "7b1e52e12aeace59fa20046ceae772fe1ff81f1dd213d6ab5e55704b900ee656",
          "step": 74
        },
        {
          "prefix_length": 206,
          "prefix_token_ids_sha256": "61ec1d152e2e98ca71b96828230c3eae7276f2b7a9e57634c3d2756f26c4f722",
          "step": 75
        },
        {
          "prefix_length": 207,
          "prefix_token_ids_sha256": "3517287f22a0b6292251fc819b6352296530b591634043bc098869a467799cf5",
          "step": 76
        },
        {
          "prefix_length": 208,
          "prefix_token_ids_sha256": "f8eb56e63a7e842e3dac1089b29c5b9a5106ce3e1911c00b6dad28893083178d",
          "step": 77
        },
        {
          "prefix_length": 209,
          "prefix_token_ids_sha256": "d13a645a07617527acabdd15b9a0f52ea10db87b837d5ecbd68005985799ac7e",
          "step": 78
        },
        {
          "prefix_length": 210,
          "prefix_token_ids_sha256": "d9fdb54073a32863b60a3a8fc23696a00f0dabb3a7f76019ca180d63294e480c",
          "step": 79
        },
        {
          "prefix_length": 211,
          "prefix_token_ids_sha256": "44a3ecd3aec2ee8a0ea5f451d375d551c060089aea971e643fafc5dc134ca138",
          "step": 80
        },
        {
          "prefix_length": 212,
          "prefix_token_ids_sha256": "26860f2f368ccd112d00e2c45b6ac72d2a90faf79876474f5334f18bdff10361",
          "step": 81
        },
        {
          "prefix_length": 213,
          "prefix_token_ids_sha256": "ed802f568994f84460a814532c324d06ee301c0f5e833a2e7b046466dbefd091",
          "step": 82
        },
        {
          "prefix_length": 214,
          "prefix_token_ids_sha256": "d3095493aafbf9d6005be96c9bb0c9bb940a1d4bf1f44ef55a90bc94662ed9dc",
          "step": 83
        },
        {
          "prefix_length": 215,
          "prefix_token_ids_sha256": "aa4031909a5cc7154b4295fb81b9240ff4882e2e9bac68431afa874435dd4be3",
          "step": 84
        },
        {
          "prefix_length": 216,
          "prefix_token_ids_sha256": "7c3a7064e48e6bb74839f39705ef7954fa12fc50049c7a95702fd041ddfd5329",
          "step": 85
        },
        {
          "prefix_length": 217,
          "prefix_token_ids_sha256": "516ae383669fca5bdd2f93ebea85f6d6ce06a4281920bb9272d6bbc875dd711a",
          "step": 86
        },
        {
          "prefix_length": 218,
          "prefix_token_ids_sha256": "8144036b36cd463c6735363c93ac756a69eee9ff799ded8d87e7d98cd36f830d",
          "step": 87
        },
        {
          "prefix_length": 219,
          "prefix_token_ids_sha256": "59deb466c260bef7c329efefe5a2b921a3c58c89c2cb22fee8fd1b8737b6bf01",
          "step": 88
        },
        {
          "prefix_length": 220,
          "prefix_token_ids_sha256": "b784de8ae5c60776a8434cfb9286bc15002429e3c077bdc3c541cd126d169faa",
          "step": 89
        },
        {
          "prefix_length": 221,
          "prefix_token_ids_sha256": "8530d0f6ac0501c64224ec8b2f4339ea108026f9d89b74c810f5502bfc3efea2",
          "step": 90
        },
        {
          "prefix_length": 222,
          "prefix_token_ids_sha256": "330d711cbaaeba8389eda32ed9ac62aae9ad5af00c2e67e13775f5c550ec2b04",
          "step": 91
        },
        {
          "prefix_length": 223,
          "prefix_token_ids_sha256": "b26850b45dad37615bcfbaccbf612cd2c66eebb2ae2fcf64319ace940d85fca6",
          "step": 92
        },
        {
          "prefix_length": 224,
          "prefix_token_ids_sha256": "64edc291ef74e50148fb8b46c19c5fb17201fb35e73634d7d769796136491d68",
          "step": 93
        },
        {
          "prefix_length": 225,
          "prefix_token_ids_sha256": "4a7a6292a02a90dddd5388dbfdc1f7e4248168e3915a1b5b394fac153d2fd0d7",
          "step": 94
        },
        {
          "prefix_length": 226,
          "prefix_token_ids_sha256": "efa91c0dc81a591485aacf8f4e7b0446361d2349b56ae1d48c5cb467bb2f26e5",
          "step": 95
        },
        {
          "prefix_length": 227,
          "prefix_token_ids_sha256": "39c5bae55ebf8e31cdd1368a6786305aaab9787eaabf40e7f81600f165a62490",
          "step": 96
        },
        {
          "prefix_length": 228,
          "prefix_token_ids_sha256": "b7dc54afd2da4207113aa8d075f91e0671114a54e7359d94732be84616871dd6",
          "step": 97
        },
        {
          "prefix_length": 229,
          "prefix_token_ids_sha256": "c9d5897765209beea377043ef965526fc3c4ee72104594c907d75bae0410df9e",
          "step": 98
        },
        {
          "prefix_length": 230,
          "prefix_token_ids_sha256": "3c5fa8dabcd61b49cf76130d6e2df7e14907abc6c08906a34c94d7175cd29608",
          "step": 99
        },
        {
          "prefix_length": 231,
          "prefix_token_ids_sha256": "e5546b4da3f89918a137184d3979812c59948de901749664833ab724d7950210",
          "step": 100
        },
        {
          "prefix_length": 232,
          "prefix_token_ids_sha256": "6f9a0c85f729b3d9358040f2384e618d797f4a7b5cd57395ea5fb464d04b5367",
          "step": 101
        },
        {
          "prefix_length": 233,
          "prefix_token_ids_sha256": "295a672f51f8e6bd89514eef070f2f9ec4f7d402b98eace462368414bd9455af",
          "step": 102
        },
        {
          "prefix_length": 234,
          "prefix_token_ids_sha256": "960a75ff9a4b664753b25534fe66d2616a494de916c4606ec37e7e95ba9240a3",
          "step": 103
        },
        {
          "prefix_length": 235,
          "prefix_token_ids_sha256": "193dcd242eb8538251ff1b45904192cefc8d57f0c5b526ded8b1e139da834ad1",
          "step": 104
        },
        {
          "prefix_length": 236,
          "prefix_token_ids_sha256": "5af1b72e79de3033311e7a4bbe9323ceee7d4a37a011750d98f74b6eb4bc5c37",
          "step": 105
        },
        {
          "prefix_length": 237,
          "prefix_token_ids_sha256": "4eff2b1c4f5a2b7a09fdc19dfa5df05dbb26d7b46e1d2fe08e0599d339020fe8",
          "step": 106
        },
        {
          "prefix_length": 238,
          "prefix_token_ids_sha256": "4d5a60616d61a59148771753195b38ea43826445f87ac4ea22982f10ea3aecac",
          "step": 107
        },
        {
          "prefix_length": 239,
          "prefix_token_ids_sha256": "50ec2c59bbd0b8ea4053bd96e60bfb28ca9073a4050bdd7fe66b741cdaea38d1",
          "step": 108
        },
        {
          "prefix_length": 240,
          "prefix_token_ids_sha256": "0cb89f1711ad378120cfcdf4208d745efd3ddfc61dfc94865a47d63dc43568b4",
          "step": 109
        },
        {
          "prefix_length": 241,
          "prefix_token_ids_sha256": "9193cc51f7f31a4756192406c4f554e158483d3c912d747070da7f3b67c7f51e",
          "step": 110
        },
        {
          "prefix_length": 242,
          "prefix_token_ids_sha256": "7ae2d8fcf6395e3870cac6a2b0fefd1f4c470452fc41992c172afe8142e13724",
          "step": 111
        },
        {
          "prefix_length": 243,
          "prefix_token_ids_sha256": "84984dd8b23ba247f61c7f78c94598524c47af249956620dbffd34ae78db0fa9",
          "step": 112
        },
        {
          "prefix_length": 244,
          "prefix_token_ids_sha256": "5fa914302ac65b1d2cb4fd1135e58cde17943038be39f2a185067dc8d2bdbb83",
          "step": 113
        },
        {
          "prefix_length": 245,
          "prefix_token_ids_sha256": "1ac95c389ea768ab454cc104e4d916e6e2da9db3bf56dddae604a17b0f3aa5e6",
          "step": 114
        },
        {
          "prefix_length": 246,
          "prefix_token_ids_sha256": "3e3c9b4ebae65d2541986c6249bfc7db5151ffc11a665fa4c742987c5a1eabe1",
          "step": 115
        },
        {
          "prefix_length": 247,
          "prefix_token_ids_sha256": "d396c72bfef658883e3c9a97e715d414c3e652b17d42029bccf26c606e6992db",
          "step": 116
        },
        {
          "prefix_length": 248,
          "prefix_token_ids_sha256": "e8220cbd56dca04666d66c229aa0ade6931d3d89b8b6c44c43a55f328d3935c5",
          "step": 117
        },
        {
          "prefix_length": 249,
          "prefix_token_ids_sha256": "c699ffa9fd9047a2e28e2eebe5b1676b1e5e7b58a9bcb2a30878a5d77999fb09",
          "step": 118
        },
        {
          "prefix_length": 250,
          "prefix_token_ids_sha256": "a20724dd965dea7bbc2591dcb1d08f785c2c4e2858fd915c6b93c043dd2bec29",
          "step": 119
        },
        {
          "prefix_length": 251,
          "prefix_token_ids_sha256": "ba52bc657cd74ff2c0d7fd47f6ab99415ae60d6ac3eab1701fc4c57978ab6b5c",
          "step": 120
        },
        {
          "prefix_length": 252,
          "prefix_token_ids_sha256": "26ecee56f6564e7e7fc1a68b61d316950ae683c06d39b38680b75ee353ae4bda",
          "step": 121
        },
        {
          "prefix_length": 253,
          "prefix_token_ids_sha256": "ea0a8d37d8bc84a58555519a080cbc90df42890db16b46ffa521623a81e914ba",
          "step": 122
        },
        {
          "prefix_length": 254,
          "prefix_token_ids_sha256": "4253e58e9af5a075e7de7e41eb6e367201357125d89a6e18db3c641046986879",
          "step": 123
        },
        {
          "prefix_length": 255,
          "prefix_token_ids_sha256": "5422561b7defb3587449148f12cdbfca659feb64c0486b9263d1c30a2a0b2fe3",
          "step": 124
        },
        {
          "prefix_length": 256,
          "prefix_token_ids_sha256": "e365725fc9171b891d4d782191afd902e5adea5e45c9fabe30007b1ef5419fdb",
          "step": 125
        },
        {
          "prefix_length": 257,
          "prefix_token_ids_sha256": "cef6d79909bccd2a6c7ad53dc76be883445cbeb3aeb4a8922945253dd6a2cee1",
          "step": 126
        },
        {
          "prefix_length": 258,
          "prefix_token_ids_sha256": "ef355a7fb2952359f3300debbb06489efffc69e74721214bdb4a80de10fb02b0",
          "step": 127
        },
        {
          "prefix_length": 259,
          "prefix_token_ids_sha256": "ca4626721beaac2c69b5de9208bc98d49211307b8dc8a881a35303f71bc060b3",
          "step": 128
        },
        {
          "prefix_length": 260,
          "prefix_token_ids_sha256": "0da0d5b18aebbb246293986ce480c46ef6e50d8b47f028014fb4fc6e7a2901c5",
          "step": 129
        },
        {
          "prefix_length": 261,
          "prefix_token_ids_sha256": "c1337b0068920842d442e086813b9eafa3fb20c6e5da7cda7e2c5c5cceb30a08",
          "step": 130
        },
        {
          "prefix_length": 262,
          "prefix_token_ids_sha256": "f4581a3ffe52312597a2fc491fbf9e35bed9d0613662c53817ee33dbae2cc2c3",
          "step": 131
        },
        {
          "prefix_length": 263,
          "prefix_token_ids_sha256": "098bfadbc81de75ec1a1e5a76e365daaefd5eb94f58ea835dcf6914a2f316c9a",
          "step": 132
        },
        {
          "prefix_length": 264,
          "prefix_token_ids_sha256": "7f5d5c45c97877a497bf6df01e3b0259df07acae1bc55ad7a413bc9075d6ca63",
          "step": 133
        },
        {
          "prefix_length": 265,
          "prefix_token_ids_sha256": "e7efbe90d3940ca72c59d78e805229b982fc783f24757fd3f3606ccb53d5c135",
          "step": 134
        },
        {
          "prefix_length": 266,
          "prefix_token_ids_sha256": "901320dd9297df13b2e4845c24e5fc62e0803c3d7b26b2332af11f91ad8c4413",
          "step": 135
        },
        {
          "prefix_length": 267,
          "prefix_token_ids_sha256": "7c0e00907ffa94e6c459acc3046d70df421d3cabc467378067d95f0f4b7ec4d1",
          "step": 136
        },
        {
          "prefix_length": 268,
          "prefix_token_ids_sha256": "c3a3a51129e7673f8a54bd03ad0235789e06493fd4f58ed002bb8fa075bb30de",
          "step": 137
        },
        {
          "prefix_length": 269,
          "prefix_token_ids_sha256": "4a4b01c229a4c09ef007a8427c6fa6fa66728bccd6198d193e19260342c0c0b0",
          "step": 138
        },
        {
          "prefix_length": 270,
          "prefix_token_ids_sha256": "c0cbd9f999bb4081bcf7a997da63add13dbc8b31e6790acd6a71c8d75a69c78e",
          "step": 139
        },
        {
          "prefix_length": 271,
          "prefix_token_ids_sha256": "56e3b2068b4bd737d9519364df206a08a67a113ea775c4cdd5d233fac866984e",
          "step": 140
        },
        {
          "prefix_length": 272,
          "prefix_token_ids_sha256": "a6b55f1a342f5b9a1e96dfd0a2ee1e79bd84a78187bf227b1220148e000d0a80",
          "step": 141
        },
        {
          "prefix_length": 273,
          "prefix_token_ids_sha256": "a564e5e841ee394b37ec9a1bcceb280ffdba7ef285d5939e01639997b3302dad",
          "step": 142
        },
        {
          "prefix_length": 274,
          "prefix_token_ids_sha256": "130e7284e11f0316caca8885a2dd76d07d407e326539b14dbfd9436880365726",
          "step": 143
        },
        {
          "prefix_length": 275,
          "prefix_token_ids_sha256": "bd0a23d0cd38db024f9bb9cb06005f2f752d49ec328daf4d2ca664d9d304d64b",
          "step": 144
        },
        {
          "prefix_length": 276,
          "prefix_token_ids_sha256": "fc4510c50b5eeac8a0de22d70b4b68c49d725398158c8fd81d38bc99a5bda02f",
          "step": 145
        },
        {
          "prefix_length": 277,
          "prefix_token_ids_sha256": "cca6f240dfeee0cc26766db4ae0ca3484b7ef5cb1448e3dc391512b321148126",
          "step": 146
        },
        {
          "prefix_length": 278,
          "prefix_token_ids_sha256": "8661eeeb4027afe68dc3d47e0fb0fff5ddec9a16f01eb0a2170e42165e7395b4",
          "step": 147
        },
        {
          "prefix_length": 279,
          "prefix_token_ids_sha256": "d4963300cc805a208c2e64f87eaa8fdb7e412bfc32c63f18b70105de6625ff72",
          "step": 148
        },
        {
          "prefix_length": 280,
          "prefix_token_ids_sha256": "e28d3ee96d1ab891a765c4facebb140dfa2c8450bd2d113e68c5daaa2f41dd79",
          "step": 149
        },
        {
          "prefix_length": 281,
          "prefix_token_ids_sha256": "478dcb1403e6c215a2d7669888ddfa5d21967d5a68e055213480168f07ee98b6",
          "step": 150
        },
        {
          "prefix_length": 282,
          "prefix_token_ids_sha256": "982c51786b8a42f511272d0b5d7314005adadc429d627526e1c7e0aa6c072e5c",
          "step": 151
        },
        {
          "prefix_length": 283,
          "prefix_token_ids_sha256": "753fb9e17bfeb65f28d5464985f538666f262ce0c5f8af9305486bc6a040ae46",
          "step": 152
        },
        {
          "prefix_length": 284,
          "prefix_token_ids_sha256": "b978afa4fe4809f22a3d0a367c5c9c78d38839c3b052603a74e72ae56bcfd646",
          "step": 153
        },
        {
          "prefix_length": 285,
          "prefix_token_ids_sha256": "a54d68a41d356979f97744f3ceb58e34b6a515ca11057b4819b1b0f608fd3c1e",
          "step": 154
        },
        {
          "prefix_length": 286,
          "prefix_token_ids_sha256": "b247326458451238178866d4cba0d59af0f232ce2892592a68ad3c6e8376a96f",
          "step": 155
        },
        {
          "prefix_length": 287,
          "prefix_token_ids_sha256": "9adf946163c6a8008adf2edbc7efd3729404d56ac7f749616c2f93bf142784fb",
          "step": 156
        },
        {
          "prefix_length": 288,
          "prefix_token_ids_sha256": "f3e22ce360ee5c9c47bbcc9eed4bceb5b9078bce48bb95f8b624dd75ee478dba",
          "step": 157
        },
        {
          "prefix_length": 289,
          "prefix_token_ids_sha256": "da57342cab702c5b55105ae46c2c17d24f7d19286d7c2c85cc92e60b4d47267c",
          "step": 158
        },
        {
          "prefix_length": 290,
          "prefix_token_ids_sha256": "8427ea36eb373aa1c6fe2412d8eb0176b4e69c0fae40da47fa3f2b2d1371b345",
          "step": 159
        },
        {
          "prefix_length": 291,
          "prefix_token_ids_sha256": "dc2b0aac67d3d8fb4b4df94fcded7f53b43b3455d6374ab6102fcbf74fb835cc",
          "step": 160
        },
        {
          "prefix_length": 292,
          "prefix_token_ids_sha256": "a06813b8304fdc33de09c20a5878ce23c3b8dca6b070c1dd6741d0d742eab825",
          "step": 161
        },
        {
          "prefix_length": 293,
          "prefix_token_ids_sha256": "5f5d6048a4c5c0cf191fe804bc341ef8bc1962343178d951e5c7f7fb3c0000c9",
          "step": 162
        },
        {
          "prefix_length": 294,
          "prefix_token_ids_sha256": "2aa8fa6cead371db834cafa7dec93ac4c5e1a6be12f14a8ba4027c2fea904ccd",
          "step": 163
        },
        {
          "prefix_length": 295,
          "prefix_token_ids_sha256": "81326e2eed22b6863225c02177a9b86797853efa82c76f014cfc883c89fa9ef0",
          "step": 164
        },
        {
          "prefix_length": 296,
          "prefix_token_ids_sha256": "acd9b1c0b4ecaa7e87b26b8cc7c54adf48d8704439f63cfb3830fec7bc28fad7",
          "step": 165
        },
        {
          "prefix_length": 297,
          "prefix_token_ids_sha256": "b34ea968a84c743b51f0a827d3d303fefa3c0af233c7d7965080b07ade8c7210",
          "step": 166
        },
        {
          "prefix_length": 298,
          "prefix_token_ids_sha256": "50d0a479121eebd1fd3901e4f7057b29578c3d4677b6543bdaf323729d69d1cf",
          "step": 167
        },
        {
          "prefix_length": 299,
          "prefix_token_ids_sha256": "f3b5e9c8218935a317d9ba272bd8d64a2ccda497b9e850859dca195b17af7194",
          "step": 168
        },
        {
          "prefix_length": 300,
          "prefix_token_ids_sha256": "da757e47fdf0b8dea47741913248ccbfdfc74efd1add1a413f1e1e539d3ede83",
          "step": 169
        },
        {
          "prefix_length": 301,
          "prefix_token_ids_sha256": "4fbf1b7a6beb53bfc18de437769fe273b68f45344c490a2f3a037e327558cc86",
          "step": 170
        },
        {
          "prefix_length": 302,
          "prefix_token_ids_sha256": "50d3c1ac9a3c1905b50e8dd88ef30293d9a719a97d4ea03a027431dd431c2dd6",
          "step": 171
        },
        {
          "prefix_length": 303,
          "prefix_token_ids_sha256": "24a4a2df5f2d58e81eb801dae190eec9a064daf4c25172ec176f89e8a3afd2e3",
          "step": 172
        },
        {
          "prefix_length": 304,
          "prefix_token_ids_sha256": "439552099c178a4a13877cfa47dc6c28f3d6f7e733f31df4c1b1dd6cff8365a5",
          "step": 173
        },
        {
          "prefix_length": 305,
          "prefix_token_ids_sha256": "b932d512109b3f9393c6112c1118512b4d3841e6a31953633be7d869da5890de",
          "step": 174
        },
        {
          "prefix_length": 306,
          "prefix_token_ids_sha256": "79aed73d187144647fc0b37bacf4065b23d74659f9897adb0f45c8fb37699cb9",
          "step": 175
        },
        {
          "prefix_length": 307,
          "prefix_token_ids_sha256": "970718f142ff8cbf4f6a6891dd86470664eb1eb1458307235f81715661efc226",
          "step": 176
        },
        {
          "prefix_length": 308,
          "prefix_token_ids_sha256": "9c9604e85335b446dc04597ac7166ab1367c3fd6fb6b08c18cfa93a8976661f1",
          "step": 177
        },
        {
          "prefix_length": 309,
          "prefix_token_ids_sha256": "d416d9515b67807dacf69a08069e1a9fbb07025b1f204cd9baaef49d362b6123",
          "step": 178
        },
        {
          "prefix_length": 310,
          "prefix_token_ids_sha256": "adca4afbbb78d95d310dad38e92f99405fd858a5a71c49c62fb04b41b74dcb6d",
          "step": 179
        }
      ],
      "generated_answer": "16",
      "generated_token_ids": [
        4612,
        2398,
        461,
        1932,
        404,
        1932,
        58,
        10,
        49,
        46,
        18436,
        6729,
        379,
        259,
        2029,
        361,
        22802,
        402,
        9738,
        46,
        10,
        50,
        46,
        2315,
        9316,
        2825,
        19649,
        18207,
        302,
        5917,
        264,
        2029,
        302,
        402,
        9738,
        46,
        10,
        50,
        757,
        4961,
        402,
        9738,
        286,
        19649,
        18207,
        46,
        10,
        51,
        46,
        1189,
        44,
        757,
        9316,
        2825,
        47276,
        302,
        6390,
        264,
        2029,
        302,
        7448,
        46,
        1735,
        264,
        3277,
        3161,
        22802,
        402,
        9738,
        44,
        264,
        402,
        9738,
        286,
        47276,
        1259,
        1697,
        264,
        2029,
        532,
        2150,
        402,
        44,
        563,
        305,
        893,
        9738,
        46,
        10,
        52,
        46,
        7165,
        44,
        757,
        9316,
        2420,
        402,
        9738,
        286,
        19649,
        18207,
        46,
        803,
        13518,
        264,
        1543,
        2029,
        302,
        893,
        425,
        402,
        328,
        1056,
        9738,
        46,
        10,
        53,
        46,
        3967,
        44,
        757,
        9316,
        2825,
        336,
        12919,
        52651,
        302,
        3752,
        264,
        2029,
        3951,
        2911,
        46,
        1735,
        264,
        3277,
        3161,
        22802,
        1056,
        9738,
        44,
        4739,
        402,
        9738,
        286,
        336,
        12919,
        52651,
        1259,
        1697,
        264,
        2029,
        402,
        2150,
        1056,
        44,
        563,
        305,
        345,
        54,
        9738,
        46,
        10,
        2862,
        44,
        264,
        2937,
        2029,
        286,
        264,
        3277,
        286,
        2620,
        601,
        305,
        345,
        54,
        9738,
        46,
        65508
      ],
      "generated_tokens": 180,
      "hit_max_new_tokens": false,
      "nonempty_text": true,
      "repetition_onset": null,
      "substantive_text": "Let's solve this step by step:\n1. Ken starts with a weight on weighs 2 pounds.\n2. He adds enough jelly beans to bring the weight to 2 pounds.\n2 he added 2 pounds of jelly beans.\n3. Then, he adds enough brownies to cause the weight to triple. Since the box already weighs 2 pounds, the 2 pounds of brownies would make the weight 3 times 2, which is 6 pounds.\n4. Next, he adds another 2 pounds of jelly beans. This brings the total weight to 6 + 2 = 8 pounds.\n5. Finally, he adds enough gummy worms to double the weight once again. Since the box already weighs 8 pounds, adding 2 pounds of gummy worms would make the weight 2 times 8, which is 16 pounds.\nTherefore, the final weight of the box of goodies is 16 pounds.",
      "teacher_answer": "16",
      "teacher_answer_match": true,
      "teacher_text": "Let's solve this step by step:\n1. Ken starts with a box that weighs 2 pounds.\n2. He adds enough jelly beans to bring the weight to 2 pounds. This means he added 2 pounds of jelly beans.\n3. Then, he adds enough brownies to cause the weight to triple. Since the box already weighs 2 pounds, adding 2 pounds of brownies would make the weight 3 times 2, which is 6 pounds.\n4. Next, he adds another 2 pounds of jelly beans. This brings the total weight to 6 + 2 = 8 pounds.\n5. Finally, he adds enough gummy worms to double the weight once again. Since the box already weighs 8 pounds, adding 2 pounds of gummy worms would make the weight 2 times 8, which is 16 pounds.\nTherefore, the final weight of the box of goodies is 16 pounds.<|end_turn|>",
      "teacher_valid_answer_tokens": 180,
      "text": "Let's solve this step by step:\n1. Ken starts with a weight on weighs 2 pounds.\n2. He adds enough jelly beans to bring the weight to 2 pounds.\n2 he added 2 pounds of jelly beans.\n3. Then, he adds enough brownies to cause the weight to triple. Since the box already weighs 2 pounds, the 2 pounds of brownies would make the weight 3 times 2, which is 6 pounds.\n4. Next, he adds another 2 pounds of jelly beans. This brings the total weight to 6 + 2 = 8 pounds.\n5. Finally, he adds enough gummy worms to double the weight once again. Since the box already weighs 8 pounds, adding 2 pounds of gummy worms would make the weight 2 times 8, which is 16 pounds.\nTherefore, the final weight of the box of goodies is 16 pounds.<|end_turn|>"
    }
  ],
  "git_commit": "4d26975a6f8baf844b3b18f83516594daebbf79f",
  "huginn_parameters_with_gradient": 0,
  "initial_metrics": {
    "first_target_top1_count": 0,
    "first_token_distribution_kl": 9.434150457382202,
    "kl_numerator": 14021.836608886719,
    "kl_per_token": 11.084455817301754,
    "mean_first_target_probability": 1.3170247484595166e-05,
    "mean_teacher_first_target_probability": 0.4795518256723881,
    "teacher_student_first_argmax_agreement_count": 0,
    "valid_token_count": 1265
  },
  "initialization_sha256": "92968fea30d723864383f68f9e51ef1f8b8adae927e11acf735c3c1cf9b93747",
  "model_sha256": "fc1a0099d2efd4fa233570a77ea6ed94e6ebb32bd948862ccdbb679362685c5a",
  "objective": "global-teacher-to-student-KL-per-valid-answer-token",
  "phase10_artifact_sha256": "cb180b0aae45dbbb0ea3e1be4a1a85a47a1c0c0d3857e576a1d589df5f76ef01",
  "phase10_attestation_sha256": "207f9c8d914fd75bcc406c266227ce87947a1ac1eb6149d3dbe7d948067c6df8",
  "phase10_git_commit": "4eef61c10f2a9d7e6039a98ad0a26c239d076dd1",
  "prelaunch_attestation": "/workspace/functional_overfit_v3_attempts/prelaunch-f10c93c4573c4dbabc2e8e69e2e24727.json",
  "prelaunch_created_unix_seconds": 1789039220.0786183,
  "prospective_teacher_relative_amendment": {
    "criterion": "mean_first_target_probability >= mean_teacher_first_target_probability",
    "old_absolute_probability_gate_retroactively_changed": false,
    "primary_evidence_remains_teacher_kl_and_generation": true,
    "review_job": "4e271d7c"
  },
  "protocol": "functional-eight-example-overfit-cache-v3-coda-v4-teacher-relative-v2",
  "quantitative_checks": {
    "absolute_first_distribution_kl_is_small": true,
    "absolute_global_kl_is_small": true,
    "dramatic_global_kl_decrease": true,
    "first_distribution_approaches_teacher": true,
    "first_target_probability_increases": true,
    "first_target_probability_is_substantive": true,
    "first_target_top1_count_increases": true,
    "first_target_top1_count_is_substantive": true
  },
  "status": "pending_scientific_review",
  "training_trace": [
    {
      "first_target_top1_count": 0,
      "first_token_distribution_kl": 9.434150457382202,
      "kl_numerator": 14021.836608886719,
      "kl_per_token": 11.084455817301754,
      "mean_first_target_probability": 1.3170247484595166e-05,
      "mean_teacher_first_target_probability": 0.4795518256723881,
      "teacher_student_first_argmax_agreement_count": 0,
      "update": 0,
      "valid_token_count": 1265
    },
    {
      "first_target_top1_count": 0,
      "first_token_distribution_kl": 7.047267138957977,
      "kl_numerator": 4926.74267578125,
      "kl_per_token": 3.8946582417243083,
      "mean_first_target_probability": 0.00043614472167519125,
      "mean_teacher_first_target_probability": 0.4795518256723881,
      "teacher_student_first_argmax_agreement_count": 0,
      "update": 10,
      "valid_token_count": 1265
    },
    {
      "first_target_top1_count": 1,
      "first_token_distribution_kl": 2.9930500090122223,
      "kl_numerator": 1020.6772003173828,
      "kl_per_token": 0.8068594468912117,
      "mean_first_target_probability": 0.0324997010466177,
      "mean_teacher_first_target_probability": 0.4795518256723881,
      "teacher_student_first_argmax_agreement_count": 1,
      "update": 20,
      "valid_token_count": 1265
    },
    {
      "first_target_top1_count": 5,
      "first_token_distribution_kl": 0.585848044604063,
      "kl_numerator": 141.2987699508667,
      "kl_per_token": 0.11169863237222664,
      "mean_first_target_probability": 0.39436098374426365,
      "mean_teacher_first_target_probability": 0.4795518256723881,
      "teacher_student_first_argmax_agreement_count": 5,
      "update": 30,
      "valid_token_count": 1265
    },
    {
      "first_target_top1_count": 5,
      "first_token_distribution_kl": 0.17496610898524523,
      "kl_numerator": 41.15198588371277,
      "kl_per_token": 0.032531214137322344,
      "mean_first_target_probability": 0.45984160900115967,
      "mean_teacher_first_target_probability": 0.4795518256723881,
      "teacher_student_first_argmax_agreement_count": 5,
      "update": 40,
      "valid_token_count": 1265
    },
    {
      "first_target_top1_count": 8,
      "first_token_distribution_kl": 0.06745129358023405,
      "kl_numerator": 21.02229154109955,
      "kl_per_token": 0.016618412285454187,
      "mean_first_target_probability": 0.4712384529411793,
      "mean_teacher_first_target_probability": 0.4795518256723881,
      "teacher_student_first_argmax_agreement_count": 8,
      "update": 50,
      "valid_token_count": 1265
    },
    {
      "first_target_top1_count": 8,
      "first_token_distribution_kl": 0.04813543055206537,
      "kl_numerator": 13.330433666706085,
      "kl_per_token": 0.010537892226645126,
      "mean_first_target_probability": 0.4800678715109825,
      "mean_teacher_first_target_probability": 0.4795518256723881,
      "teacher_student_first_argmax_agreement_count": 8,
      "update": 60,
      "valid_token_count": 1265
    }
  ],
  "trajectory_loss_weight": 0.0,
  "updates_completed": 60
}
